ticker,tarih,konu,ozet,sinif,link
BIMAS,2025-05-06 23:58:23,BIST Pay Endeksleri,BIST Geri Alım Endeksi Dönemsel Endeks Değişiklikleri,DKB,https://www.kap.org.tr/tr/Bildirim/1434415
SASA,2025-05-06 23:58:23,BIST Pay Endeksleri,BIST Geri Alım Endeksi Dönemsel Endeks Değişiklikleri,DKB,https://www.kap.org.tr/tr/Bildirim/1434415
KONTR,2025-05-06 23:44:27,Sermaye Artırımı - Azaltımı İşlemlerine İlişkin Bildirim,Bedelli (Tahsisli) Sermaye Artırım Başvurusunun Geri Çekilmesi,ODA,https://www.kap.org.tr/tr/Bildirim/1434411
BIMAS,2025-05-06 23:40:22,BIST Pay Endeksleri,BIST Geri Alım Endeksi Dönemsel Endeks Değişiklikleri,DKB,https://www.kap.org.tr/tr/Bildirim/1434410
SASA,2025-05-06 23:40:22,BIST Pay Endeksleri,BIST Geri Alım Endeksi Dönemsel Endeks Değişiklikleri,DKB,https://www.kap.org.tr/tr/Bildirim/1434410
ISCTR,2025-05-06 19:11:24,Sorumluluk Beyanı (Konsolide),Konsolide Sorumluluk Beyanı ,FR,https://www.kap.org.tr/tr/Bildirim/1434354
ISCTR,2025-05-06 19:08:08,Finansal Rapor,,FR,https://www.kap.org.tr/tr/Bildirim/1434351
FROTO,2025-05-06 19:02:33,VİOP Özsermaye Hali Duyuruları,VİOP ÖZSERMAYE HALİ DUYURUSU HK. (FROTO),DKB,https://www.kap.org.tr/tr/Bildirim/1434347
SASA,2025-05-06 18:32:15,Payların Geri Alınmasına İlişkin Bildirim,Pay Geri Alım İşlemi,ODA,https://www.kap.org.tr/tr/Bildirim/1434308
HALKB,2025-05-06 18:27:00,Özel Durum Açıklaması (Genel),ABD'de Bankamız Aleyhine Açılan Ceza Davası Hakkında,ODA,https://www.kap.org.tr/tr/Bildirim/1434292
SISE,2025-05-06 18:20:25,Özel Durum Açıklaması (Genel),Şirketimiz ana ortağı Türkiye İş Bankası A.Ş.'nin 31.03.2025 tarihli finansal sonuçlarının ilanı hakkında,ODA,https://www.kap.org.tr/tr/Bildirim/1434286
EKGYO,2025-05-06 18:18:50,Pay Dışında Sermaye Piyasası Aracı İşlemlerine İlişkin Bildirim (Faizsiz),Yurtiçi Kira Sertifikası İhracı Nitelikli Yatırımcıya Satışın Tamamlanması Hk.,ODA,https://www.kap.org.tr/tr/Bildirim/1434284
SISE,2025-05-06 18:18:06,Şirket Genel Bilgi Formu,,DG,https://www.kap.org.tr/tr/Bildirim/1434282
ISCTR,2025-05-06 18:14:00,Sorumluluk Beyanı (Konsolide Olmayan),Konsolide Olmayan Sorumluluk Beyanı,FR,https://www.kap.org.tr/tr/Bildirim/1434267
ISCTR,2025-05-06 18:13:04,Finansal Rapor,,FR,https://www.kap.org.tr/tr/Bildirim/1434266
EREGL,2025-05-06 18:11:12,SPK İşlem Yasağı Nedeniyle Pay Duyurusu,SPK İşlem Yasağı Nedeniyle Pay Duyurusu,DKB,https://www.kap.org.tr/tr/Bildirim/1434259
ISCTR,2025-05-06 18:11:12,SPK İşlem Yasağı Nedeniyle Pay Duyurusu,SPK İşlem Yasağı Nedeniyle Pay Duyurusu,DKB,https://www.kap.org.tr/tr/Bildirim/1434259
ASELS,2025-05-06 18:11:12,SPK İşlem Yasağı Nedeniyle Pay Duyurusu,SPK İşlem Yasağı Nedeniyle Pay Duyurusu,DKB,https://www.kap.org.tr/tr/Bildirim/1434259
PETKM,2025-05-06 18:11:12,SPK İşlem Yasağı Nedeniyle Pay Duyurusu,SPK İşlem Yasağı Nedeniyle Pay Duyurusu,DKB,https://www.kap.org.tr/tr/Bildirim/1434259
ISCTR,2025-05-06 17:53:08,VİOP İşlem İptali Duyuruları,VİOP İşlem İptali Duyuruları,DKB,https://www.kap.org.tr/tr/Bildirim/1434215
TKFEN,2025-05-06 17:31:58,Pay Bazında Devre Kesici Bildirimi,TKFEN.E İşlem Sırasında Devre Kesici Uygulaması Başlamıştır,DKB,https://www.kap.org.tr/tr/Bildirim/1434191
FROTO,2025-05-06 17:06:58,Hak Kullanımı,,DKB,https://www.kap.org.tr/tr/Bildirim/1434127
GARAN,2025-05-06 17:03:35,"Borçlanma Araçları, Yatırım Fonları ve Varant İtfa/Kupon/Getiri/ Nakdi Uzlaşı Ödeme İşlemleri","Borçlanma Araçları, Yatırım Fonları ve Varant İtfa/Kupon/Getiri/Nakdi Uzlaşı Ödeme İşlemleri",DKB,https://www.kap.org.tr/tr/Bildirim/1434122
EREGL,2025-05-06 16:59:09,Borsada İşlem Gören Tipe Dönüşüm Duyurusu,DÖNÜŞÜM,DKB,https://www.kap.org.tr/tr/Bildirim/1434118
ASELS,2025-05-06 16:59:09,Borsada İşlem Gören Tipe Dönüşüm Duyurusu,DÖNÜŞÜM,DKB,https://www.kap.org.tr/tr/Bildirim/1434118
PETKM,2025-05-06 16:59:09,Borsada İşlem Gören Tipe Dönüşüm Duyurusu,DÖNÜŞÜM,DKB,https://www.kap.org.tr/tr/Bildirim/1434118
YKBNK,2025-05-06 16:55:19,Pay Dışında Sermaye Piyasası Aracı İşlemlerine İlişkin Bildirim (Faiz İçeren),Yurtdışında borçlanma aracı ihracının tamamlanması,ODA,https://www.kap.org.tr/tr/Bildirim/1434114
YKBNK,2025-05-06 16:55:07,Pay Dışında Sermaye Piyasası Aracı İşlemlerine İlişkin Bildirim (Faiz İçeren),Yurtdışında borçlanma aracı ihracının tamamlanması,ODA,https://www.kap.org.tr/tr/Bildirim/1434113
YKBNK,2025-05-06 16:54:51,Pay Dışında Sermaye Piyasası Aracı İşlemlerine İlişkin Bildirim (Faiz İçeren),Yurtdışında borçlanma aracı ihracının tamamlanması,ODA,https://www.kap.org.tr/tr/Bildirim/1434112
YKBNK,2025-05-06 16:54:39,Pay Dışında Sermaye Piyasası Aracı İşlemlerine İlişkin Bildirim (Faiz İçeren),Yurtdışında borçlanma aracı ihracının tamamlanması,ODA,https://www.kap.org.tr/tr/Bildirim/1434111
YKBNK,2025-05-06 16:47:50,Pay Dışında Sermaye Piyasası Aracı İşlemlerine İlişkin Bildirim (Faiz İçeren),Nitelikli yatırımcılara borçlanma aracı ihracı,ODA,https://www.kap.org.tr/tr/Bildirim/1434104
GARAN,2025-05-06 16:18:45,Pay Dışında Sermaye Piyasası Aracı İşlemlerine İlişkin Bildirim (Faiz İçeren),Yurtdışı Piyasalara Tahvil İhracı SPK Onayı,ODA,https://www.kap.org.tr/tr/Bildirim/1434087
AKBNK,2025-05-06 16:18:06,Pay Dışında Sermaye Piyasası Aracı İşlemlerine İlişkin Bildirim (Faiz İçeren),XS2813135097 ISIN Kodlu Yeşil/Sürdürülebilir Temalı Tahvilin İtfası,ODA,https://www.kap.org.tr/tr/Bildirim/1434086
GUBRF,2025-05-06 15:38:28,VİOP İşlem İptali Duyuruları,VİOP İşlem İptali Duyuruları,DKB,https://www.kap.org.tr/tr/Bildirim/1434065
GARAN,2025-05-06 15:06:50,Şirket Genel Bilgi Formu,,DG,https://www.kap.org.tr/tr/Bildirim/1434023
TKFEN,2025-05-06 09:07:28,Kamuyu Aydınlatma Platformu Duyurusu,Özel Durumlar Tebliği'nin 12-(4). maddesi gereğince yapılan açıklama,DKB,https://www.kap.org.tr/tr/Bildirim/1433790
TOASO,2025-05-06 08:16:45,Şirket Genel Bilgi Formu,,DG,https://www.kap.org.tr/tr/Bildirim/1433784
PETKM,2025-05-05 21:01:19,Kar Payı Dağıtım İşlemlerine İlişkin Bildirim,2024 Yılı Karının/Zararının Kullanım Şeklinin Belirlenmesi,ODA,https://www.kap.org.tr/tr/Bildirim/1433761
YKBNK,2025-05-05 20:21:25,Ortaklık Aleyhine Dava Açılması veya Davaya İlişkin Gelişmeler,Genel Kurul tarafından bedelsiz sermaye artırımı kararının alınmamış olması sebebiyle açılan davaya ilişkin istinaf başvurusunun reddi,ODA,https://www.kap.org.tr/tr/Bildirim/1433751
PETKM,2025-05-05 19:53:20,Genel Kurul İşlemlerine İlişkin Bildirim,Genel Kurul İşlemlerine İlişkin Bildirim,ODA,https://www.kap.org.tr/tr/Bildirim/1433743
PETKM,2025-05-05 19:53:09,Bağımsız Denetim Kuruluşunun Belirlenmesi,Bağımsız Denetim Şirketi Seçimi,ODA,https://www.kap.org.tr/tr/Bildirim/1433742
PETKM,2025-05-05 19:52:59,İlişkili Taraf İşlemleri,Yaygın ve Süreklilik Arz Eden İşlemlere İlişkin Rapor,ODA,https://www.kap.org.tr/tr/Bildirim/1433741
FROTO,2025-05-05 19:09:13,Sermaye Artırımı - Azaltımı İşlemlerine İlişkin Bildirim,Bedelsiz Pay Alma Hakkı Kullanım Başlangıç Tarihi Hakkında,ODA,https://www.kap.org.tr/tr/Bildirim/1433697
AKBNK,2025-05-05 18:53:04,Pay Dışında Sermaye Piyasası Aracı İşlemlerine İlişkin Bildirim (Faiz İçeren),Yurtdışı Piyasalara Tahvil İhracı,ODA,https://www.kap.org.tr/tr/Bildirim/1433668
TOASO,2025-05-05 18:33:37,Özel Durum Açıklaması (Genel),Görev Değişikliği Hakkında,ODA,https://www.kap.org.tr/tr/Bildirim/1433628
EREGL,2025-05-05 18:17:29,Genel Kurul İşlemlerine İlişkin Bildirim,Olağan Genel Kurul Toplantı Kararlarının Tescili,ODA,https://www.kap.org.tr/tr/Bildirim/1433578
TKFEN,2025-05-05 18:09:41,Pay Alım Satım Bildirimi,Pay Alım Satım Bildirimi,DKB,https://www.kap.org.tr/tr/Bildirim/1433552
THYAO,2025-05-05 16:39:55,Özel Durum Açıklaması (Genel),Nisan 2025 Trafik Sonuçları,ODA,https://www.kap.org.tr/tr/Bildirim/1433423
YKBNK,2025-05-05 13:31:34,Pay Dışında Sermaye Piyasası Aracı İşlemlerine İlişkin Bildirim (Faiz İçeren),Yurtdışında ihraç edilen borçlanma aracının itfası,ODA,https://www.kap.org.tr/tr/Bildirim/1433255
YKBNK,2025-05-05 13:31:11,Pay Dışında Sermaye Piyasası Aracı İşlemlerine İlişkin Bildirim (Faiz İçeren),Yurtdışında ihraç edilen borçlanma aracının itfası,ODA,https://www.kap.org.tr/tr/Bildirim/1433254
ISCTR,2025-05-05 12:51:45,Pay Dışında Sermaye Piyasası Aracı İşlemlerine İlişkin Bildirim (Faiz İçeren),Yurtdışı Piyasalara Tahvil İhracı,ODA,https://www.kap.org.tr/tr/Bildirim/1433244
TKFEN,2025-05-05 10:43:34,Pay Bazında Devre Kesici Bildirimi,TKFEN.E İşlem Sırasında Devre Kesici Uygulaması Başlamıştır,DKB,https://www.kap.org.tr/tr/Bildirim/1433194
ISCTR,2025-05-05 10:01:07,Pay Dışında Sermaye Piyasası Aracı İşlemlerine İlişkin Bildirim (Faiz İçeren),Yurtdışı Piyasalara Tahvil İhracı,ODA,https://www.kap.org.tr/tr/Bildirim/1433161
TKFEN,2025-05-04 23:02:30,Kurumsal Yönetim Bilgi Formu (Güncelleme) - Yönetim Kurulu-2,Kurumsal Yönetim Komitesi (Revize),DG,https://www.kap.org.tr/tr/Bildirim/1433128
PGSUS,2025-05-03 14:43:50,Kayıtlı Sermaye Tavanı İşlemlerine İlişkin Bildirim,Kayıtlı Sermaye Tavanı Artırımı ve Geçerlilik Süre Uzatımına İlişkin Ana Sözleşme Değişikliğinin Tescili,ODA,https://www.kap.org.tr/tr/Bildirim/1433122
EKGYO,2025-05-02 18:58:36,Özel Durum Açıklaması (Genel),Yönetim Kurulu Bağımsız Üye Adayları Hakkında,ODA,https://www.kap.org.tr/tr/Bildirim/1433036
EKGYO,2025-05-02 18:58:18,Şirket Genel Bilgi Formu,,DG,https://www.kap.org.tr/tr/Bildirim/1433035
SASA,2025-05-02 18:32:41,Payların Geri Alınmasına İlişkin Bildirim,Pay Geri Alım İşlemi,ODA,https://www.kap.org.tr/tr/Bildirim/1433020
GARAN,2025-05-02 18:10:28,Pay Dışında Sermaye Piyasası Aracı İşlemlerine İlişkin Bildirim (Faiz İçeren),Yurtdışı Piyasalara Tahvil İhracı SPK Onayı,ODA,https://www.kap.org.tr/tr/Bildirim/1432975
HALKB,2025-05-02 18:03:21,Bağımsız Denetim Kuruluşunun Belirlenmesi,Bağımsız Denetim Kuruluşunun Tescili ve İlanı,ODA,https://www.kap.org.tr/tr/Bildirim/1432967
HALKB,2025-05-02 18:02:35,Genel Kurul İşlemlerine İlişkin Bildirim,Olağan Genel Kurul Toplantı Sonuçlarının Tescili,ODA,https://www.kap.org.tr/tr/Bildirim/1432966
TKFEN,2025-05-02 17:54:38,Özel Durum Açıklaması (Genel),Özel Durum Açıklaması (Genel),DKB,https://www.kap.org.tr/tr/Bildirim/1432958
HALKB,2025-05-02 17:36:23,Borçlanma Araçlarının / Kira Sertifikalarının İşlem Görmeye Başlaması,Borçlanma Araçlarının / Kira Sertifikalarının İşlem Görmeye Başlaması,DKB,https://www.kap.org.tr/tr/Bildirim/1432947
HALKB,2025-05-02 17:07:14,"Borçlanma Araçları, Yatırım Fonları ve Varant İtfa/Kupon/Getiri/ Nakdi Uzlaşı Ödeme İşlemleri","Borçlanma Araçları, Yatırım Fonları ve Varant İtfa/Kupon/Getiri/Nakdi Uzlaşı Ödeme İşlemleri",DKB,https://www.kap.org.tr/tr/Bildirim/1432929
SISE,2025-05-02 17:07:14,"Borçlanma Araçları, Yatırım Fonları ve Varant İtfa/Kupon/Getiri/ Nakdi Uzlaşı Ödeme İşlemleri","Borçlanma Araçları, Yatırım Fonları ve Varant İtfa/Kupon/Getiri/Nakdi Uzlaşı Ödeme İşlemleri",DKB,https://www.kap.org.tr/tr/Bildirim/1432929
SISE,2025-05-02 15:43:53,Pay Dışında Sermaye Piyasası Aracı İşlemlerine İlişkin Bildirim (Faiz İçeren),TRSSISEK2519 Numaralı Tahvilin Kupon Ödemesi,ODA,https://www.kap.org.tr/tr/Bildirim/1432858
AKBNK,2025-05-02 13:48:18,Pay Dışında Sermaye Piyasası Aracı İşlemlerine İlişkin Bildirim (Faiz İçeren),XS2813134876 ISIN Kodlu Yeşil/Sürdürülebilir Temalı Tahvilin İtfası,ODA,https://www.kap.org.tr/tr/Bildirim/1432777
VAKBN,2025-05-02 12:19:01,Pay Dışında Sermaye Piyasası Aracı İşlemlerine İlişkin Bildirim (Faiz İçeren),Borçlanma Araçlarına İlişkin Faiz Açıklaması,ODA,https://www.kap.org.tr/tr/Bildirim/1432756
VAKBN,2025-05-02 12:18:06,İzahname-Özet (SPK Tarafından Onaylanan),İzahname- Özet,DG,https://www.kap.org.tr/tr/Bildirim/1432755
VAKBN,2025-05-02 12:17:49,İzahname-Sermaye Piyasası Aracı Notu (SPK Tarafından Onaylanan),İzahname- Sermaye Piyasası Aracı Notu,DG,https://www.kap.org.tr/tr/Bildirim/1432754
VAKBN,2025-05-02 12:17:34,İzahname-İhraççı Bİlgi Dokümanı (SPK Tarafından Onaylanan),İzahname- İhraççı Bilgi Dokümanı,DG,https://www.kap.org.tr/tr/Bildirim/1432753
HALKB,2025-05-02 11:33:01,Pay Dışında Sermaye Piyasası Aracı İşlemlerine İlişkin Bildirim (Faiz İçeren),Borçlanma Aracı İhracının İtfası,ODA,https://www.kap.org.tr/tr/Bildirim/1432731
EKGYO,2025-05-02 10:54:10,Tertip İhraç Belgesi,"Emlak Konut GYO 1.Tertip İhraç Belgesi
",DG,https://www.kap.org.tr/tr/Bildirim/1432724
TKFEN,2025-05-02 08:20:21,Genel Kurul İşlemlerine İlişkin Bildirim,Olağan Genel Kurul Toplantısı Çağrısı (Revize),ODA,https://www.kap.org.tr/tr/Bildirim/1432632
TCELL,2025-05-01 00:37:59,Özel Durum Açıklaması (Genel),MTN Davası Hakkındaki Gelişme,ODA,https://www.kap.org.tr/tr/Bildirim/1432571
FROTO,2025-04-30 22:01:24,Sermaye Artırımı - Azaltımı İşlemlerine İlişkin Bildirim,Bedelsiz Sermaye Artırımına İlişkin SPK Onayı,ODA,https://www.kap.org.tr/tr/Bildirim/1432485
TKFEN,2025-04-30 20:35:42,Şirket Genel Bilgi Formu,,DG,https://www.kap.org.tr/tr/Bildirim/1432407
TKFEN,2025-04-30 20:26:24,Özel Durum Açıklaması (Genel),Yatırımcı İlişkileri ( Görevden Ayrılma),ODA,https://www.kap.org.tr/tr/Bildirim/1432387
SISE,2025-04-30 18:43:21,Finansal Takvim,2025 1. Çeyrek Finansal Sonuçlarını Açıklama Tarihi,DG,https://www.kap.org.tr/tr/Bildirim/1432166
ISCTR,2025-04-30 18:42:44,Özel Durum Açıklaması (Genel),Üst Düzey Yönetici Ataması,ODA,https://www.kap.org.tr/tr/Bildirim/1432165
SISE,2025-04-30 18:42:44,Özel Durum Açıklaması (Genel),Üst Düzey Yönetici Ataması,ODA,https://www.kap.org.tr/tr/Bildirim/1432165
TOASO,2025-04-30 18:40:02,İlişkili Taraf İşlemleri,Yaygın ve Süreklilik Arz Eden İlişkili Taraf İşlemleri,ODA,https://www.kap.org.tr/tr/Bildirim/1432157
KCHOL,2025-04-30 18:39:28,Şirket Genel Bilgi Formu,,DG,https://www.kap.org.tr/tr/Bildirim/1432154
KCHOL,2025-04-30 18:39:19,Özel Durum Açıklaması (Genel),Finansal raporların açıklanması,ODA,https://www.kap.org.tr/tr/Bildirim/1432151
TOASO,2025-04-30 18:38:57,Finansal Duran Varlık Edinimi,Stellantis Otomotiv Pazarlama paylarının devralınması işleminin kapanışı,ODA,https://www.kap.org.tr/tr/Bildirim/1432149
EKGYO,2025-04-30 18:33:25,Özel Durum Açıklaması (Genel),Merkez Ankara Kısmi Kesin Kabul ,ODA,https://www.kap.org.tr/tr/Bildirim/1432118
ISCTR,2025-04-30 18:29:56,Finansal Takvim,Finansal Takvim (2025 1. Çeyrek),DG,https://www.kap.org.tr/tr/Bildirim/1432106
KCHOL,2025-04-30 18:16:32,Sorumluluk Beyanı (Konsolide),Sorumluluk Beyanı,FR,https://www.kap.org.tr/tr/Bildirim/1431970
KCHOL,2025-04-30 18:16:06,Faaliyet Raporu (Konsolide),01.01.2025 - 31.03.2025 Faaliyet Raporu,FR,https://www.kap.org.tr/tr/Bildirim/1431960
KCHOL,2025-04-30 18:15:41,Finansal Rapor,,FR,https://www.kap.org.tr/tr/Bildirim/1431952
SASA,2025-04-30 18:14:02,Payların Geri Alınmasına İlişkin Bildirim,"Pay Geri Alım İşlemi
",ODA,https://www.kap.org.tr/tr/Bildirim/1431934
KONTR,2025-04-30 18:14:00,Pay Dışında Sermaye Piyasası Aracı İşlemlerine İlişkin Bildirim (Faiz İçeren),TRFKNTR12619 ISIN Kodlu Finansman Bonosunun 1. Kupon Ödemesi,ODA,https://www.kap.org.tr/tr/Bildirim/1431932
AKBNK,2025-04-30 18:11:28,SPK İşlem Yasağı Nedeniyle Pay Duyurusu,SPK İşlem Yasağı Nedeniyle Pay Duyurusu,DKB,https://www.kap.org.tr/tr/Bildirim/1431876
KRDMD,2025-04-30 18:11:28,SPK İşlem Yasağı Nedeniyle Pay Duyurusu,SPK İşlem Yasağı Nedeniyle Pay Duyurusu,DKB,https://www.kap.org.tr/tr/Bildirim/1431876
ISCTR,2025-04-30 18:11:14,Özel Durum Açıklaması (Genel),Bankamız Genel Müdür Yardımcılığı Görevlerinde Meydana Gelen Değişiklikler Hakkında,ODA,https://www.kap.org.tr/tr/Bildirim/1431867
HALKB,2025-04-30 17:55:13,Pay Dışında Sermaye Piyasası Aracı İşlemlerine İlişkin Bildirim (Faiz İçeren),Finansman Bonosu İhracına İlişkin Nitelikli Yatırımcıya Satışın Tamamlanması,ODA,https://www.kap.org.tr/tr/Bildirim/1431819
THYAO,2025-04-30 17:34:04,Pay Bazında Devre Kesici Bildirimi,THYAO.E İşlem Sırasında Devre Kesici Uygulaması Başlamıştır,DKB,https://www.kap.org.tr/tr/Bildirim/1431781
HALKB,2025-04-30 17:33:46,Borçlanma Araçlarının / Kira Sertifikalarının İşlem Görmeye Başlaması,Borçlanma Araçlarının / Kira Sertifikalarının İşlem Görmeye Başlaması,DKB,https://www.kap.org.tr/tr/Bildirim/1431780
HALKB,2025-04-30 17:03:36,"Borçlanma Araçları, Yatırım Fonları ve Varant İtfa/Kupon/Getiri/ Nakdi Uzlaşı Ödeme İşlemleri","Borçlanma Araçları, Yatırım Fonları ve Varant İtfa/Kupon/Getiri/Nakdi Uzlaşı Ödeme İşlemleri",DKB,https://www.kap.org.tr/tr/Bildirim/1431731
KONTR,2025-04-30 17:03:36,"Borçlanma Araçları, Yatırım Fonları ve Varant İtfa/Kupon/Getiri/ Nakdi Uzlaşı Ödeme İşlemleri","Borçlanma Araçları, Yatırım Fonları ve Varant İtfa/Kupon/Getiri/Nakdi Uzlaşı Ödeme İşlemleri",DKB,https://www.kap.org.tr/tr/Bildirim/1431731
TKFEN,2025-04-30 16:58:13,Pay Alım Satım Bildirimi,Pay Alım Satım Bildirimi,DKB,https://www.kap.org.tr/tr/Bildirim/1431718
GARAN,2025-04-30 16:51:20,Yatırım Kuruluşu Varant - Sertifika - Senetlerine İlişkin Bildirim,Yatırım Kuruluşu Varantları İtfa Fiyatları ,ODA,https://www.kap.org.tr/tr/Bildirim/1431711
EREGL,2025-04-30 16:36:14,Borsada İşlem Gören Tipe Dönüşüm Duyurusu,DÖNÜŞÜM,DKB,https://www.kap.org.tr/tr/Bildirim/1431698
AKBNK,2025-04-30 16:36:14,Borsada İşlem Gören Tipe Dönüşüm Duyurusu,DÖNÜŞÜM,DKB,https://www.kap.org.tr/tr/Bildirim/1431698
EKGYO,2025-04-30 16:10:41,Özel Durum Açıklaması (Genel),İş birliği Protokolü,ODA,https://www.kap.org.tr/tr/Bildirim/1431672
BIMAS,2025-04-30 16:09:19,Şirket Genel Bilgi Formu,,DG,https://www.kap.org.tr/tr/Bildirim/1431670
GUBRF,2025-04-30 16:03:07,Kayıtlı Sermaye Tavanı İşlemlerine İlişkin Bildirim,Kayıtlı Sermayeye İlişkin Genel Kurul Kararı,ODA,https://www.kap.org.tr/tr/Bildirim/1431665
GUBRF,2025-04-30 16:02:48,Kar Payı Dağıtım İşlemlerine İlişkin Bildirim,Kâr Dağıtımı Konusundaki Genel Kurul Kararı,ODA,https://www.kap.org.tr/tr/Bildirim/1431664
GUBRF,2025-04-30 14:53:19,Kurumsal Yönetim Bilgi Formu (Güncelleme) - Yönetim Kurulu-2,Komiteler ve Üyeler,DG,https://www.kap.org.tr/tr/Bildirim/1431625
GUBRF,2025-04-30 14:52:59,Yönetim Kurulu Komiteleri,Yönetim Kurulu Komiteleri,ODA,https://www.kap.org.tr/tr/Bildirim/1431623
GUBRF,2025-04-30 14:52:44,Özel Durum Açıklaması (Genel),Yönetim Kurulu Görev Dağılımı,ODA,https://www.kap.org.tr/tr/Bildirim/1431621
GUBRF,2025-04-30 14:52:28,Genel Kurul İşlemlerine İlişkin Bildirim,Genel Kurul Sonucu,ODA,https://www.kap.org.tr/tr/Bildirim/1431618
VAKBN,2025-04-30 14:22:22,Şirket Genel Bilgi Formu,,DG,https://www.kap.org.tr/tr/Bildirim/1431586
SAHOL,2025-04-30 13:01:09,Kurumsal Yönetim Bilgi Formu (Güncelleme) - Yönetim Kurulu-2,Kurumsal Yönetim Bilgi Formu Güncelleme - Yönetim Kurulu-II,DG,https://www.kap.org.tr/tr/Bildirim/1431542
SAHOL,2025-04-30 13:00:30,Şirket Genel Bilgi Formu,,DG,https://www.kap.org.tr/tr/Bildirim/1431540
SAHOL,2025-04-30 13:00:13,Özel Durum Açıklaması (Genel),Organizasyonel Yapıdaki Değişiklikler,ODA,https://www.kap.org.tr/tr/Bildirim/1431539
HALKB,2025-04-30 12:15:31,Pay Dışında Sermaye Piyasası Aracı İşlemlerine İlişkin Bildirim (Faiz İçeren),Borçlanma Aracı İhracının İtfası,ODA,https://www.kap.org.tr/tr/Bildirim/1431514
EKGYO,2025-04-30 10:46:31,Değerleme Raporu ,Yenişehir Evleri 11 Gayrimenkul Değerleme Raporu,DG,https://www.kap.org.tr/tr/Bildirim/1431420
PGSUS,2025-04-30 09:26:12,Pay Dışında Sermaye Piyasası Aracı İşlemlerine İlişkin Bildirim (Faiz İçeren),2021 Yurt Dışı Tahvillerin Erken İtfası,ODA,https://www.kap.org.tr/tr/Bildirim/1431355
SASA,2025-04-30 09:04:13,Özel Durum Açıklaması (Genel),"Tekstil Cipsi, Şişe Cipsi, Pet Cipsi Yatırımının Devreye Alınması",ODA,https://www.kap.org.tr/tr/Bildirim/1431344
TCELL,2025-04-30 00:00:53,Özel Durum Açıklaması (Genel),Yıllık Faaliyet Raporu 20-F ,ODA,https://www.kap.org.tr/tr/Bildirim/1431313
YKBNK,2025-05-13 17:52:07,Pay Dışında Sermaye Piyasası Aracı İşlemlerine İlişkin Bildirim (Faiz İçeren),Nitelikli yatırımcılara borçlanma aracı ihracı,ODA,https://www.kap.org.tr/tr/Bildirim/1438564
ARCLK,2025-05-13 17:37:06,Borçlanma Araçlarının / Kira Sertifikalarının İşlem Görmeye Başlaması,Borçlanma Araçlarının / Kira Sertifikalarının İşlem Görmeye Başlaması,DKB,https://www.kap.org.tr/tr/Bildirim/1438553
EKGYO,2025-05-13 17:22:49,Tertip İhraç Belgesi,Emlak Konut GYO 2.Tertip İhraç Belgesi,DG,https://www.kap.org.tr/tr/Bildirim/1438539
VAKBN,2025-05-13 17:19:21,Pay Dışında Sermaye Piyasası Aracı İşlemlerine İlişkin Bildirim (Faiz İçeren),GMTN Programı Çerçevesinde Türkiye Dışında Sürdürülebilir Borçlanma Aracı İhracı SPK Onayı ,ODA,https://www.kap.org.tr/tr/Bildirim/1438536
VAKBN,2025-05-13 16:53:08,Pay Dışında Sermaye Piyasası Aracı İşlemlerine İlişkin Bildirim (Faiz İçeren),GMTN Programı Çerçevesinde Türkiye Dışında Sürdürülebilir Borçlanma Aracı İhracı SPK Onayı ,ODA,https://www.kap.org.tr/tr/Bildirim/1438524
VAKBN,2025-05-13 16:51:07,Pay Dışında Sermaye Piyasası Aracı İşlemlerine İlişkin Bildirim (Faiz İçeren),GMTN Programı Çerçevesinde Türkiye Dışında Sürdürülebilir Borçlanma Aracı İhracı SPK Onayı ,ODA,https://www.kap.org.tr/tr/Bildirim/1438518
HALKB,2025-05-13 16:34:44,Şirket Genel Bilgi Formu,,DG,https://www.kap.org.tr/tr/Bildirim/1438509
MGROS,2025-05-13 16:25:17,Borsada İşlem Gören Tipe Dönüşüm Duyurusu,DÖNÜŞÜM,DKB,https://www.kap.org.tr/tr/Bildirim/1438503
GARAN,2025-05-13 16:14:42,Pay Dışında Sermaye Piyasası Aracı İşlemlerine İlişkin Bildirim (Faiz İçeren),.Yurtdışı Piyasalara Tahvil İhracı SPK Onayı,ODA,https://www.kap.org.tr/tr/Bildirim/1438487
GARAN,2025-05-13 16:13:54,Pay Dışında Sermaye Piyasası Aracı İşlemlerine İlişkin Bildirim (Faiz İçeren),"Yurtdışı Piyasalara Tahvil İhracı SPK Onayı
",ODA,https://www.kap.org.tr/tr/Bildirim/1438484
GARAN,2025-05-13 16:13:16,Pay Dışında Sermaye Piyasası Aracı İşlemlerine İlişkin Bildirim (Faiz İçeren),Yurtdışı Piyasalara Tahvil İhracı SPK Onayı,ODA,https://www.kap.org.tr/tr/Bildirim/1438483
GARAN,2025-05-13 16:12:37,Pay Dışında Sermaye Piyasası Aracı İşlemlerine İlişkin Bildirim (Faiz İçeren),Yurtdışı Piyasalara Tahvil İhracı SPK Onayı,ODA,https://www.kap.org.tr/tr/Bildirim/1438482
GARAN,2025-05-13 16:11:39,Pay Dışında Sermaye Piyasası Aracı İşlemlerine İlişkin Bildirim (Faiz İçeren),Yurtdışı Piyasalara Tahvil İhracı SPK Onayı,ODA,https://www.kap.org.tr/tr/Bildirim/1438481
BIMAS,2025-05-13 15:49:45,Merkezi Kayıt Kuruluşu A.Ş. Duyurusu,Hak Kullanım İşlemleri,DKB,https://www.kap.org.tr/tr/Bildirim/1438474
YKBNK,2025-05-13 15:47:07,Pay Dışında Sermaye Piyasası Aracı İşlemlerine İlişkin Bildirim (Faiz İçeren),Yurtdışında borçlanma aracı ihracının tamamlanması,ODA,https://www.kap.org.tr/tr/Bildirim/1438472
YKBNK,2025-05-13 15:46:55,Pay Dışında Sermaye Piyasası Aracı İşlemlerine İlişkin Bildirim (Faiz İçeren),Yurtdışında borçlanma aracı ihracının tamamlanması,ODA,https://www.kap.org.tr/tr/Bildirim/1438471
YKBNK,2025-05-13 15:46:43,Pay Dışında Sermaye Piyasası Aracı İşlemlerine İlişkin Bildirim (Faiz İçeren),Yurtdışında borçlanma aracı ihracının tamamlanması,ODA,https://www.kap.org.tr/tr/Bildirim/1438470
BIMAS,2025-05-13 09:31:52,BISTECH Pay Piyasası Alım Satım Sistemi Duyurusu,Sermaye Azaltımı,DKB,https://www.kap.org.tr/tr/Bildirim/1438293
VAKBN,2025-05-13 09:06:42,Özel Durum Açıklaması (Genel),Sendikasyon Kredisi Anlaşması,ODA,https://www.kap.org.tr/tr/Bildirim/1438283
ARCLK,2025-05-13 08:40:31,Pay Dışında Sermaye Piyasası Aracı İşlemlerine İlişkin Bildirim (Faiz İçeren),Tahvil İhracı - Satışın Tamamlanması,ODA,https://www.kap.org.tr/tr/Bildirim/1438276
KONTR,2025-05-12 21:34:20,Faaliyet Raporu Sorumluluk Beyanı,31.03.2025 Faaliyet Raporuna İlişkin Sorumluluk Beyanı,FR,https://www.kap.org.tr/tr/Bildirim/1438127
EKGYO,2025-05-12 19:48:46,Özel Durum Açıklaması (Genel),İstanbul Esenler Atışalanı 2. Etap Arsa Satışı Karşılığı Gelir Paylaşımı İşi sözleşme imzalanması,ODA,https://www.kap.org.tr/tr/Bildirim/1437982
ODAS,2025-05-12 19:22:03,Sorumluluk Beyanı (Konsolide),01.01.2025 - 31.03.2025 Dönemi Sorumluluk Beyanı,FR,https://www.kap.org.tr/tr/Bildirim/1437896
ODAS,2025-05-12 19:21:42,Faaliyet Raporu (Konsolide),01.01.2025 - 31.03.2025 Dönemi Faaliyet Raporu,FR,https://www.kap.org.tr/tr/Bildirim/1437895
ODAS,2025-05-12 19:21:25,Finansal Rapor,,FR,https://www.kap.org.tr/tr/Bildirim/1437894
BIMAS,2025-05-12 18:50:08,VİOP Özsermaye Hali Duyuruları,"VİOP ÖZSERMAYE HALİ DUYURUSU HK. (BIMAS)
",DKB,https://www.kap.org.tr/tr/Bildirim/1437800
BIMAS,2025-05-12 18:46:18,Özsermaye Hallerine İlişkin Borsa Duyurusu,Sermaye Azaltımına İlişkin Duyuru,DKB,https://www.kap.org.tr/tr/Bildirim/1437793
GUBRF,2025-05-12 18:45:36,Finansal Rapor Ek Süre Taleplerine İlişkin SPK Değerlendirmesi,Finansal Rapor Ek Süre Taleplerine İlişkin SPK Değerlendirmesi,DKB,https://www.kap.org.tr/tr/Bildirim/1437791
KONTR,2025-05-12 18:44:33,Faaliyet Raporu (Konsolide),31.03.2025 Ara Dönem Faaliyet Raporu,FR,https://www.kap.org.tr/tr/Bildirim/1437787
TUPRS,2025-05-12 18:18:07,Pay Dışında Sermaye Piyasası Aracı İşlemlerine İlişkin Bildirim (Faiz İçeren),TRSTPRS82613 ISIN Kodlu Tahvilin 3. Kupon Ödemesi ,ODA,https://www.kap.org.tr/tr/Bildirim/1437610
KRDMD,2025-05-12 18:18:02,Bağımsız Denetim Kuruluşunun Belirlenmesi,Bağımsız Denetim Kuruluşu,ODA,https://www.kap.org.tr/tr/Bildirim/1437607
SASA,2025-05-12 18:15:36,Sorumluluk Beyanı (Konsolide),01.01.2025-31.03.2025 Rapor Dönemine Ait Sorumluluk Beyanı,FR,https://www.kap.org.tr/tr/Bildirim/1437572
SASA,2025-05-12 18:15:25,Faaliyet Raporu (Konsolide),01.01.2025 - 31.03.2025 Dönemine ait Faaliyet Raporu,FR,https://www.kap.org.tr/tr/Bildirim/1437567
SASA,2025-05-12 18:15:05,Finansal Rapor,,FR,https://www.kap.org.tr/tr/Bildirim/1437560
KRDMD,2025-05-12 18:12:06,Genel Kurul İşlemlerine İlişkin Bildirim,Olağan Genel Kurul Toplantısı Tescili hk.,ODA,https://www.kap.org.tr/tr/Bildirim/1437517
VAKBN,2025-05-12 17:44:26,Pay Dışında Sermaye Piyasası Aracı İşlemlerine İlişkin Bildirim (Faiz İçeren),GMTN Programı Çerçevesinde Türkiye Dışında Sürdürülebilir Borçlanma Aracı İhracı SPK Onayı ,ODA,https://www.kap.org.tr/tr/Bildirim/1437439
VAKBN,2025-05-12 17:42:27,Pay Dışında Sermaye Piyasası Aracı İşlemlerine İlişkin Bildirim (Faiz İçeren),GMTN Programı Çerçevesinde Türkiye Dışında Sürdürülebilir Borçlanma Aracı İhracı SPK Onayı ,ODA,https://www.kap.org.tr/tr/Bildirim/1437437
GARAN,2025-05-12 17:19:52,İhraç Tavanına İlişkin Bildirim,İhraç tavanı kıymet türü düzeltimi ,ODA,https://www.kap.org.tr/tr/Bildirim/1437402
HALKB,2025-05-12 17:04:29,İhraç Belgesi,Yurt Dışında Borçlanma Araçları İhraç Tavanına İlişkin İhraç Belgesi ,DG,https://www.kap.org.tr/tr/Bildirim/1437369
TUPRS,2025-05-12 16:59:13,"Borçlanma Araçları, Yatırım Fonları ve Varant İtfa/Kupon/Getiri/ Nakdi Uzlaşı Ödeme İşlemleri","Borçlanma Araçları, Yatırım Fonları ve Varant İtfa/Kupon/Getiri/Nakdi Uzlaşı Ödeme İşlemleri",DKB,https://www.kap.org.tr/tr/Bildirim/1437367
AKBNK,2025-05-12 16:53:50,Özel Durum Açıklaması (Genel),Organizasyon ve Genel Müdür Yardımcısı Değişikliği Hk.,ODA,https://www.kap.org.tr/tr/Bildirim/1437361
KONTR,2025-05-12 16:08:57,Özel Durum Açıklaması (Genel),245 kV Gaz İzoleli Şalt (GIS) Ekipmanlarına İlişkin Tip Test ve Üretim Süreci Hakkında,ODA,https://www.kap.org.tr/tr/Bildirim/1437298
YKBNK,2025-05-12 14:41:42,Pay Dışında Sermaye Piyasası Aracı İşlemlerine İlişkin Bildirim (Faiz İçeren),Yurtdışında borçlanma aracı ihracının tamamlanması,ODA,https://www.kap.org.tr/tr/Bildirim/1437263
ASELS,2025-05-12 10:08:12,Pay Bazında Devre Kesici Bildirimi,ASELS.E İşlem Sırasında Devre Kesici Uygulaması Başlamıştır,DKB,https://www.kap.org.tr/tr/Bildirim/1437142
TUPRS,2025-05-12 08:52:26,Pay Dışında Sermaye Piyasası Aracı İşlemlerine İlişkin Bildirim (Faiz İçeren),TRSTPRS82613 ISIN Kodlu Tahvilin 3. Kupon Faiz Oranının Belirlenmesi ,ODA,https://www.kap.org.tr/tr/Bildirim/1437094
KONTR,2025-05-12 08:44:14,Geleceğe Dönük Değerlendirmeler,Güncel Yatırımcı Sunumu ve 2025 İlk Çeyrek Finansal Sonuç Bülteni,ODA,https://www.kap.org.tr/tr/Bildirim/1437091
KONTR,2025-05-12 08:40:08,Finansal Takvim,2025 Yılı İkinci Çeyrek Finansal Takvimi,DG,https://www.kap.org.tr/tr/Bildirim/1437090
ARCLK,2025-05-12 08:26:38,Pay Dışında Sermaye Piyasası Aracı İşlemlerine İlişkin Bildirim (Faiz İçeren),Borçlanma Aracı İhracı Talep Toplama,ODA,https://www.kap.org.tr/tr/Bildirim/1437085
BIMAS,2025-05-09 23:18:08,Diğer Pay İhracı - İptaline İlişkin Bildirim,Sermaye Azaltımı İşlemlerinin Gerçekleştirilme Tarihinin Belirlenmesi,ODA,https://www.kap.org.tr/tr/Bildirim/1437010
EKGYO,2025-05-09 22:46:43,Faaliyet Raporu (Konsolide),Faaliyet Raporu 2025 1.Çeyrek,FR,https://www.kap.org.tr/tr/Bildirim/1437006
EKGYO,2025-05-09 22:44:35,Finansal Rapor,,FR,https://www.kap.org.tr/tr/Bildirim/1437005
EKGYO,2025-05-09 22:44:15,Finansal Rapor,,FR,https://www.kap.org.tr/tr/Bildirim/1437004
EKGYO,2025-05-09 22:43:51,Sorumluluk Beyanı (Konsolide),2025 1. Çeyrek Sorumluluk Beyanı,FR,https://www.kap.org.tr/tr/Bildirim/1437003
KONTR,2025-05-09 22:04:36,Sorumluluk Beyanı (Konsolide),31 Mart 2025 Konsolide Finansal Tablolarının Sorumluluk Beyanı,FR,https://www.kap.org.tr/tr/Bildirim/1436995
KONTR,2025-05-09 22:04:14,Finansal Rapor,,FR,https://www.kap.org.tr/tr/Bildirim/1436994
KRDMD,2025-05-09 19:41:04,Sorumluluk Beyanı (Konsolide),Sorumluluk Beyanı,FR,https://www.kap.org.tr/tr/Bildirim/1436907
KRDMD,2025-05-09 19:40:05,Faaliyet Raporu (Konsolide),Faaliyet Raporu,FR,https://www.kap.org.tr/tr/Bildirim/1436906
KRDMD,2025-05-09 19:33:48,Finansal Rapor,,FR,https://www.kap.org.tr/tr/Bildirim/1436905
TCELL,2025-05-09 19:11:36,Şirket Genel Bilgi Formu,,DG,https://www.kap.org.tr/tr/Bildirim/1436859
TCELL,2025-05-09 19:11:20,Pay Dışında Sermaye Piyasası Aracı İşlemlerine İlişkin Bildirim (Faiz İçeren),TRFTCEL52515 Finansman Bonosu İtfası,ODA,https://www.kap.org.tr/tr/Bildirim/1436858
TCELL,2025-05-09 19:11:08,Özel Durum Açıklaması (Genel),1. Çeyrek 2025 Finansal ve Operasyonel Sonuçları,ODA,https://www.kap.org.tr/tr/Bildirim/1436857
TCELL,2025-05-09 19:10:48,Sorumluluk Beyanı (Konsolide),Q125 Sorumluluk Beyanı ,FR,https://www.kap.org.tr/tr/Bildirim/1436856
TCELL,2025-05-09 19:10:35,Faaliyet Raporu (Konsolide),Ara Dönem Faaliyet Raporu,FR,https://www.kap.org.tr/tr/Bildirim/1436855
TCELL,2025-05-09 19:10:21,Finansal Rapor,,FR,https://www.kap.org.tr/tr/Bildirim/1436853
SISE,2025-05-09 18:40:40,Özel Durum Açıklaması (Genel),Finansal Tabloların Açıklanması,ODA,https://www.kap.org.tr/tr/Bildirim/1436796
SISE,2025-05-09 18:40:21,Sorumluluk Beyanı (Konsolide),31.03.2025 Sorumluluk Beyanı,FR,https://www.kap.org.tr/tr/Bildirim/1436795
SISE,2025-05-09 18:39:48,Faaliyet Raporu (Konsolide),31 Mart 2025 Konsolide Ara Dönem Faaliyet Raporu,FR,https://www.kap.org.tr/tr/Bildirim/1436794
SISE,2025-05-09 18:38:59,Finansal Rapor,,FR,https://www.kap.org.tr/tr/Bildirim/1436793
BIMAS,2025-05-09 18:36:02,Genel Kurul İşlemlerine İlişkin Bildirim,Genel Kurul Kararlarının Tescil Edilmesi,ODA,https://www.kap.org.tr/tr/Bildirim/1436792
FROTO,2025-05-09 18:32:25,Şirket Genel Bilgi Formu,,DG,https://www.kap.org.tr/tr/Bildirim/1436782
YKBNK,2025-05-09 18:31:34,Şirket Genel Bilgi Formu,,DG,https://www.kap.org.tr/tr/Bildirim/1436779
YKBNK,2025-05-09 18:31:24,Pay Dışında Sermaye Piyasası Aracı İşlemlerine İlişkin Bildirim (Faiz İçeren),Yurtdışında borçlanma aracı ihracının tamamlanması,ODA,https://www.kap.org.tr/tr/Bildirim/1436778
YKBNK,2025-05-09 18:31:12,Pay Dışında Sermaye Piyasası Aracı İşlemlerine İlişkin Bildirim (Faiz İçeren),Yurtdışında borçlanma aracı ihracının tamamlanması,ODA,https://www.kap.org.tr/tr/Bildirim/1436776
HALKB,2025-05-09 18:24:17,Sorumluluk Beyanı (Konsolide),TÜRKİYE HALK BANKASI AŞ KONSOLİDE SORUMLULUK BEYANI,FR,https://www.kap.org.tr/tr/Bildirim/1436741
HALKB,2025-05-09 18:24:06,Sorumluluk Beyanı (Konsolide Olmayan),TÜRKİYE HALK BANKASI AŞ KONSOLİDE OLMAYAN SORUMLULUK BEYANI,FR,https://www.kap.org.tr/tr/Bildirim/1436740
HALKB,2025-05-09 18:23:52,Faaliyet Raporu (Konsolide),Ara Dönem Konsolide Faaliyet Raporu,FR,https://www.kap.org.tr/tr/Bildirim/1436738
HALKB,2025-05-09 18:23:35,Faaliyet Raporu (Konsolide Olmayan),Ara Dönem Konsolide Olmayan Faaliyet Raporu,FR,https://www.kap.org.tr/tr/Bildirim/1436735
HALKB,2025-05-09 18:22:41,Finansal Rapor,,FR,https://www.kap.org.tr/tr/Bildirim/1436732
HALKB,2025-05-09 18:22:21,Finansal Rapor,,FR,https://www.kap.org.tr/tr/Bildirim/1436731
SASA,2025-05-09 18:20:36,Payların Geri Alınmasına İlişkin Bildirim,Pay Geri Alım İşlemi,ODA,https://www.kap.org.tr/tr/Bildirim/1436728
TAVHL,2025-05-09 18:19:55,Özel Durum Açıklaması (Genel),Yatırımcı Bülteni (Nisan 2025),ODA,https://www.kap.org.tr/tr/Bildirim/1436724
GUBRF,2025-05-09 18:16:16,Özel Durum Açıklaması (Genel),Bağlı Ortaklığımız Razi Petrochemical Co.'nun Kar Dağıtımına İlişkin Olağan Genel Kurul Kararı,ODA,https://www.kap.org.tr/tr/Bildirim/1436682
HALKB,2025-05-09 18:10:05,İhraç Tavanına İlişkin Bildirim,"Yurt Dışında Borçlanma Araçları İhraç Tavanına İlişkin SPK Onayı
",ODA,https://www.kap.org.tr/tr/Bildirim/1436609
VAKBN,2025-05-09 17:41:15,Borçlanma Araçlarının / Kira Sertifikalarının İşlem Görmeye Başlaması,Borçlanma Araçlarının / Kira Sertifikalarının İşlem Görmeye Başlaması,DKB,https://www.kap.org.tr/tr/Bildirim/1436547
TCELL,2025-05-09 17:41:15,Borçlanma Araçlarının / Kira Sertifikalarının İşlem Görmeye Başlaması,Borçlanma Araçlarının / Kira Sertifikalarının İşlem Görmeye Başlaması,DKB,https://www.kap.org.tr/tr/Bildirim/1436547
TKFEN,2025-05-09 17:37:15,Kurumsal Yönetim Bilgi Formu (Güncelleme) - Yönetim Kurulu-2,Kurumsal Yönetim Bilgi Formu (Güncelleme),DG,https://www.kap.org.tr/tr/Bildirim/1436544
TKFEN,2025-05-09 17:36:32,Kurumsal Yönetim Bilgi Formu (Güncelleme) - Yönetim Kurulu-1,Kurumsal Yönetim Bilgi Formu (Güncelleme),DG,https://www.kap.org.tr/tr/Bildirim/1436541
ISCTR,2025-05-09 17:32:02,Pay Dışında Sermaye Piyasası Aracı İşlemlerine İlişkin Bildirim (Faiz İçeren),Yurtdışı Piyasalara Tahvil İhracı,ODA,https://www.kap.org.tr/tr/Bildirim/1436528
GARAN,2025-05-09 17:23:01,Pay Dışında Sermaye Piyasası Aracı İşlemlerine İlişkin Bildirim (Faiz İçeren),Yurtdışı Piyasalara Tahvil İhracı SPK Onayı,ODA,https://www.kap.org.tr/tr/Bildirim/1436515
VAKBN,2025-05-09 17:16:29,Pay Dışında Sermaye Piyasası Aracı İşlemlerine İlişkin Bildirim (Faiz İçeren),GMTN Programı Çerçevesinde Türkiye Dışında Sürdürülebilir Borçlanma Aracı İhracı SPK Onayı ,ODA,https://www.kap.org.tr/tr/Bildirim/1436514
HALKB,2025-05-09 16:59:20,"Borçlanma Araçları, Yatırım Fonları ve Varant İtfa/Kupon/Getiri/ Nakdi Uzlaşı Ödeme İşlemleri","Borçlanma Araçları, Yatırım Fonları ve Varant İtfa/Kupon/Getiri/Nakdi Uzlaşı Ödeme İşlemleri",DKB,https://www.kap.org.tr/tr/Bildirim/1436489
TCELL,2025-05-09 16:59:20,"Borçlanma Araçları, Yatırım Fonları ve Varant İtfa/Kupon/Getiri/ Nakdi Uzlaşı Ödeme İşlemleri","Borçlanma Araçları, Yatırım Fonları ve Varant İtfa/Kupon/Getiri/Nakdi Uzlaşı Ödeme İşlemleri",DKB,https://www.kap.org.tr/tr/Bildirim/1436489
SISE,2025-05-09 16:59:20,"Borçlanma Araçları, Yatırım Fonları ve Varant İtfa/Kupon/Getiri/ Nakdi Uzlaşı Ödeme İşlemleri","Borçlanma Araçları, Yatırım Fonları ve Varant İtfa/Kupon/Getiri/Nakdi Uzlaşı Ödeme İşlemleri",DKB,https://www.kap.org.tr/tr/Bildirim/1436489
VAKBN,2025-05-09 16:08:52,Pay Dışında Sermaye Piyasası Aracı İşlemlerine İlişkin Bildirim (Faiz İçeren),GMTN Programı Çerçevesinde Türkiye Dışında Sürdürülebilir Borçlanma Aracı İhracı SPK Onayı ,ODA,https://www.kap.org.tr/tr/Bildirim/1436438
SISE,2025-05-09 15:43:13,Pay Dışında Sermaye Piyasası Aracı İşlemlerine İlişkin Bildirim (Faiz İçeren),TRSSISE52611 Numaralı Tahvilin Kupon Ödemesi,ODA,https://www.kap.org.tr/tr/Bildirim/1436415
AKBNK,2025-05-09 15:20:12,Pay Dışında Sermaye Piyasası Aracı İşlemlerine İlişkin Bildirim (Faiz İçeren),XS2813134959 ISIN Kodlu Yeşil/Sürdürülebilir Temalı Tahvilin İtfası,ODA,https://www.kap.org.tr/tr/Bildirim/1436387
VAKBN,2025-05-09 13:14:25,Pay Bazında Devre Kesici Bildirimi,VAKBN.E İşlem Sırasında Devre Kesici Uygulaması Başlamıştır,DKB,https://www.kap.org.tr/tr/Bildirim/1436203
HALKB,2025-05-09 12:16:32,Pay Dışında Sermaye Piyasası Aracı İşlemlerine İlişkin Bildirim (Faiz İçeren),Borçlanma Aracı İhracının İtfası,ODA,https://www.kap.org.tr/tr/Bildirim/1436176
VAKBN,2025-05-09 11:39:12,Pay Dışında Sermaye Piyasası Aracı İşlemlerine İlişkin Bildirim (Faiz İçeren),TRFVKFB52512 ISIN kodlu T. Vakıflar Bankası T.A.O. Finansman Bonolarının İtfası,ODA,https://www.kap.org.tr/tr/Bildirim/1436162
FROTO,2025-05-09 11:10:53,Merkezi Kayıt Kuruluşu A.Ş. Duyurusu,Hak Kullanım İşlemleri,DKB,https://www.kap.org.tr/tr/Bildirim/1436154
TCELL,2025-05-09 09:39:41,Pay Dışında Sermaye Piyasası Aracı İşlemlerine İlişkin Bildirim (Faiz İçeren),Finansman Bonosu İhracı,ODA,https://www.kap.org.tr/tr/Bildirim/1436034
TKFEN,2025-05-09 09:12:31,Kamuyu Aydınlatma Platformu Duyurusu,Özel Durumlar Tebliği'nin 12-(4). maddesi gereğince yapılan açıklama,DKB,https://www.kap.org.tr/tr/Bildirim/1436017
MGROS,2025-05-09 09:06:14,Özel Durum Açıklaması (Genel),Nisan 2025 Mağaza Açılışları,ODA,https://www.kap.org.tr/tr/Bildirim/1436012
TKFEN,2025-05-09 07:19:18,Şirket Genel Bilgi Formu,,DG,https://www.kap.org.tr/tr/Bildirim/1435980
TKFEN,2025-05-08 21:38:50,Faaliyet Raporu (Konsolide),Ara Dönem Faaliyet Raporu,FR,https://www.kap.org.tr/tr/Bildirim/1435919
TKFEN,2025-05-08 21:37:41,Sorumluluk Beyanı (Konsolide),Sorumluluk Beyanı (Konsolide),FR,https://www.kap.org.tr/tr/Bildirim/1435918
TKFEN,2025-05-08 21:37:07,Finansal Rapor,,FR,https://www.kap.org.tr/tr/Bildirim/1435917
AKBNK,2025-05-08 21:02:22,Pay Dışında Sermaye Piyasası Aracı İşlemlerine İlişkin Bildirim (Faiz İçeren),XS2818312246 ISIN Kodlu Yeşil/Sürdürülebilir Temalı Tahvilin İtfası,ODA,https://www.kap.org.tr/tr/Bildirim/1435907
PGSUS,2025-05-08 20:15:30,Kurumsal Yönetim Uyum Raporu (Güncelleme),Kurumsal Yönetim Uyum Raporu (Güncelleme),DG,https://www.kap.org.tr/tr/Bildirim/1435896
PGSUS,2025-05-08 20:03:49,Özel Durum Açıklaması (Genel),2025 1.Çeyrek Sunumu ve 31 Mart 2025 Avro UFRS Konsolide Finansal Rapor,ODA,https://www.kap.org.tr/tr/Bildirim/1435894
PGSUS,2025-05-08 20:03:37,Faaliyet Raporu (Konsolide),Ara Dönem Faaliyet Raporu,FR,https://www.kap.org.tr/tr/Bildirim/1435893
PGSUS,2025-05-08 20:03:23,Finansal Rapor,,FR,https://www.kap.org.tr/tr/Bildirim/1435892
PGSUS,2025-05-08 20:03:05,Sorumluluk Beyanı (Konsolide),Sorumluluk Beyanı,FR,https://www.kap.org.tr/tr/Bildirim/1435891
BIMAS,2025-05-08 20:02:14,Özel Durum Açıklaması (Genel),31 Mart 2025 Yatırımcı Sunumu,ODA,https://www.kap.org.tr/tr/Bildirim/1435890
BIMAS,2025-05-08 20:02:02,Katılım Finansı İlkeleri Bilgi Formu ,,DG,https://www.kap.org.tr/tr/Bildirim/1435889
BIMAS,2025-05-08 20:01:48,Sorumluluk Beyanı (Konsolide),Sorumluluk Beyanı,FR,https://www.kap.org.tr/tr/Bildirim/1435888
BIMAS,2025-05-08 20:01:28,Faaliyet Raporu (Konsolide),Faaliyet Raporu,FR,https://www.kap.org.tr/tr/Bildirim/1435887
BIMAS,2025-05-08 20:01:12,Finansal Rapor,,FR,https://www.kap.org.tr/tr/Bildirim/1435886
TKFEN,2025-05-08 19:11:36,Yönetim Kurulu Komiteleri,Yönetim Kurulu Görev Dağılımı ve Komiteleri,ODA,https://www.kap.org.tr/tr/Bildirim/1435867
SASA,2025-05-08 18:17:37,Payların Geri Alınmasına İlişkin Bildirim,Pay Geri Alım İşlemi,ODA,https://www.kap.org.tr/tr/Bildirim/1435742
GARAN,2025-05-08 18:15:30,Pay Dışında Sermaye Piyasası Aracı İşlemlerine İlişkin Bildirim (Faiz İçeren),Yurtdışı Piyasalara Tahvil İhracı SPK Onayı,ODA,https://www.kap.org.tr/tr/Bildirim/1435737
VAKBN,2025-05-08 18:11:55,Sorumluluk Beyanı (Konsolide),31 Mart 2025 Konsolide Sorumluluk Beyanı,FR,https://www.kap.org.tr/tr/Bildirim/1435718
VAKBN,2025-05-08 18:11:37,Faaliyet Raporu (Konsolide),31 Mart 2025 Konsolide Ara Dönem Faaliyet Raporu,FR,https://www.kap.org.tr/tr/Bildirim/1435715
VAKBN,2025-05-08 18:11:20,Finansal Rapor,,FR,https://www.kap.org.tr/tr/Bildirim/1435711
VAKBN,2025-05-08 18:10:51,Sorumluluk Beyanı (Konsolide Olmayan),31 Mart 2025 Konsolide Olmayan Sorumluluk Beyanı,FR,https://www.kap.org.tr/tr/Bildirim/1435708
VAKBN,2025-05-08 18:10:30,Faaliyet Raporu (Konsolide Olmayan),31 Mart 2025 Konsolide Olmayan Ara Dönem Faaliyet Raporu,FR,https://www.kap.org.tr/tr/Bildirim/1435706
VAKBN,2025-05-08 18:10:10,Finansal Rapor,,FR,https://www.kap.org.tr/tr/Bildirim/1435704
VAKBN,2025-05-08 17:49:09,Pay Dışında Sermaye Piyasası Aracı İşlemlerine İlişkin Bildirim (Faiz İçeren),GMTN Programı Çerçevesinde Türkiye Dışında Sürdürülebilir Borçlanma Aracı İhracı SPK Onayı ,ODA,https://www.kap.org.tr/tr/Bildirim/1435691
EKGYO,2025-05-08 17:39:46,Şirket Genel Bilgi Formu,,DG,https://www.kap.org.tr/tr/Bildirim/1435685
YKBNK,2025-05-08 17:37:35,Borçlanma Araçlarının / Kira Sertifikalarının İşlem Görmeye Başlaması,Borçlanma Araçlarının / Kira Sertifikalarının İşlem Görmeye Başlaması,DKB,https://www.kap.org.tr/tr/Bildirim/1435682
ARCLK,2025-05-08 17:04:07,Borsada İşlem Gören Tipe Dönüşüm Duyurusu,DÖNÜŞÜM,DKB,https://www.kap.org.tr/tr/Bildirim/1435651
ISCTR,2025-05-08 17:04:07,Borsada İşlem Gören Tipe Dönüşüm Duyurusu,DÖNÜŞÜM,DKB,https://www.kap.org.tr/tr/Bildirim/1435651
KCHOL,2025-05-08 17:04:07,Borsada İşlem Gören Tipe Dönüşüm Duyurusu,DÖNÜŞÜM,DKB,https://www.kap.org.tr/tr/Bildirim/1435651
YKBNK,2025-05-08 17:04:07,Borsada İşlem Gören Tipe Dönüşüm Duyurusu,DÖNÜŞÜM,DKB,https://www.kap.org.tr/tr/Bildirim/1435651
TCELL,2025-05-20 21:43:58,Esas Sözleşme,Ana Sözleşme,DG,https://www.kap.org.tr/tr/Bildirim/1440386
TCELL,2025-05-20 21:43:33,Bağımsız Denetim Kuruluşunun Belirlenmesi,Bağımsız Denetim Firması Seçim Kararının Tescil ve İlanı,ODA,https://www.kap.org.tr/tr/Bildirim/1440385
TCELL,2025-05-20 21:43:05,Genel Kurul İşlemlerine İlişkin Bildirim,Olağan Genel Kurul Toplantısı Kararları Tescili,ODA,https://www.kap.org.tr/tr/Bildirim/1440384
YKBNK,2025-05-20 18:11:43,Pay Dışında Sermaye Piyasası Aracı İşlemlerine İlişkin Bildirim (Faiz İçeren),Yurtdışında borçlanma aracı ihracının tamamlanması,ODA,https://www.kap.org.tr/tr/Bildirim/1440315
AKBNK,2025-05-20 17:31:06,Pay Dışında Sermaye Piyasası Aracı İşlemlerine İlişkin Bildirim (Faiz İçeren),XS2819114732 ISIN Kodlu Tahvilin Kupon Ödemesi,ODA,https://www.kap.org.tr/tr/Bildirim/1440267
ISCTR,2025-05-20 17:16:33,Pay Dışında Sermaye Piyasası Aracı İşlemlerine İlişkin Bildirim (Faiz İçeren),Yurtdışı Piyasalara Tahvil İhracı,ODA,https://www.kap.org.tr/tr/Bildirim/1440254
VAKBN,2025-05-20 16:49:06,Pay Dışında Sermaye Piyasası Aracı İşlemlerine İlişkin Bildirim (Faiz İçeren),GMTN Programı Çerçevesinde Türkiye Dışında Sürdürülebilir Borçlanma Aracı İhracı SPK Onayı ,ODA,https://www.kap.org.tr/tr/Bildirim/1440221
KONTR,2025-05-20 16:38:31,İhale Süreci / Sonucu,Kesinleşen İhalede Sözleşme İmzalanması,ODA,https://www.kap.org.tr/tr/Bildirim/1440202
FROTO,2025-05-20 16:34:41,Pay Bazında Devre Kesici Bildirimi,FROTO.E İşlem Sırasında Devre Kesici Uygulaması Başlamıştır,DKB,https://www.kap.org.tr/tr/Bildirim/1440198
EKGYO,2025-05-20 15:37:49,Özel Durum Açıklaması (Genel),Yönetim Kurulu ve Komiteler Hakkında,ODA,https://www.kap.org.tr/tr/Bildirim/1440154
HALKB,2025-05-20 15:37:11,İhraç Tavanına İlişkin Bildirim,Yurtiçinde Borçlanma Aracı İhraç Tavanına İlişkin SPK Onaylı Dokümanlar,ODA,https://www.kap.org.tr/tr/Bildirim/1440153
GUBRF,2025-05-20 15:24:13,Herhangi Bir Otoriteye Mali Tablo Verilmesi,Herhangi Bir Otoriteye Mali Tablo Verilmesi,DG,https://www.kap.org.tr/tr/Bildirim/1440148
TOASO,2025-05-20 14:22:09,Pay Bazında Devre Kesici Bildirimi,TOASO.E İşlem Sırasında Devre Kesici Uygulaması Başlamıştır,DKB,https://www.kap.org.tr/tr/Bildirim/1440116
EKGYO,2025-05-20 14:14:25,Özel Durum Açıklaması (Genel),İstanbul Esenler Atışalanı 2. Etap Yer Teslimi,ODA,https://www.kap.org.tr/tr/Bildirim/1440113
EKGYO,2025-05-20 14:13:53,Tertip İhraç Belgesi,Emlak Konut GYO 11.Tertip İhraç Belgesi,DG,https://www.kap.org.tr/tr/Bildirim/1440112
YKBNK,2025-05-20 14:04:23,Şirket Genel Bilgi Formu,,DG,https://www.kap.org.tr/tr/Bildirim/1440104
YKBNK,2025-05-20 14:04:10,Pay Dışında Sermaye Piyasası Aracı İşlemlerine İlişkin Bildirim (Faiz İçeren),Yurtdışında ihraç edilen borçlanma aracının itfası,ODA,https://www.kap.org.tr/tr/Bildirim/1440103
ASELS,2025-05-20 12:00:15,Pay Bazında Devre Kesici Bildirimi,ASELS.E İşlem Sırasında Devre Kesici Uygulaması Başlamıştır,DKB,https://www.kap.org.tr/tr/Bildirim/1440068
KONTR,2025-05-19 19:26:24,Yeni İş İlişkisi,Our Next Energy Inc. ile Stratejik İşbirliği Anlaşması,ODA,https://www.kap.org.tr/tr/Bildirim/1439977
ODAS,2025-05-16 19:08:11,Şirket Genel Bilgi Formu,,DG,https://www.kap.org.tr/tr/Bildirim/1439925
ODAS,2025-05-16 19:07:53,Kurumsal Yönetim Bilgi Formu (Güncelleme) - Yönetim Kurulu-2,Kurumsal Yönetim Bilgi Formu Güncelleme,DG,https://www.kap.org.tr/tr/Bildirim/1439923
EKGYO,2025-05-16 19:07:15,Özel Durum Açıklaması (Genel),Bizim Mahalle 1.Etap 5.Kısım Yapı Ruhsatı Alınması,ODA,https://www.kap.org.tr/tr/Bildirim/1439922
ODAS,2025-05-16 19:07:12,Özel Durum Açıklaması (Genel),Sürdürülebilirlik Komitesi'nin Kurulması ,ODA,https://www.kap.org.tr/tr/Bildirim/1439921
ODAS,2025-05-16 19:06:42,Özel Durum Açıklaması (Genel),Bağımsız Yönetim Kurulu Üyesi Adayları Hakkında SPK Görüşü,ODA,https://www.kap.org.tr/tr/Bildirim/1439920
MGROS,2025-05-16 18:32:04,İhraç Belgesi,Borçlanma Aracı İhraç Belgesi ,DG,https://www.kap.org.tr/tr/Bildirim/1439900
MGROS,2025-05-16 18:31:13,İhraç Tavanına İlişkin Bildirim,Borçlanma aracı ihraç tavanı için SPK onayı,ODA,https://www.kap.org.tr/tr/Bildirim/1439897
ASELS,2025-05-16 18:26:00,Genel Kurul İşlemlerine İlişkin Bildirim,Olağan Genel Kurul Çağrısı/Bağımsız Yönetim Kurulu Aday Bilgisi,ODA,https://www.kap.org.tr/tr/Bildirim/1439890
KONTR,2025-05-16 17:35:24,Borçlanma Araçlarının / Kira Sertifikalarının İşlem Görmeye Başlaması,Borçlanma Araçlarının / Kira Sertifikalarının İşlem Görmeye Başlaması,DKB,https://www.kap.org.tr/tr/Bildirim/1439839
VAKBN,2025-05-16 17:23:14,Pay Dışında Sermaye Piyasası Aracı İşlemlerine İlişkin Bildirim (Faiz İçeren),GMTN Programı Çerçevesinde Türkiye Dışında Sürdürülebilir Borçlanma Aracı İhracı SPK Onayı ,ODA,https://www.kap.org.tr/tr/Bildirim/1439832
EREGL,2025-05-16 17:09:59,Borsada İşlem Gören Tipe Dönüşüm Duyurusu,DÖNÜŞÜM,DKB,https://www.kap.org.tr/tr/Bildirim/1439822
ISCTR,2025-05-16 15:30:22,Pay Dışında Sermaye Piyasası Aracı İşlemlerine İlişkin Bildirim (Faiz İçeren),Yurtdışı Piyasalara Tahvil İhracı,ODA,https://www.kap.org.tr/tr/Bildirim/1439722
ISCTR,2025-05-16 15:28:56,Pay Dışında Sermaye Piyasası Aracı İşlemlerine İlişkin Bildirim (Faiz İçeren),Yurtdışı Piyasalara Tahvil İhracı,ODA,https://www.kap.org.tr/tr/Bildirim/1439720
KONTR,2025-05-16 15:08:29,Pay Dışında Sermaye Piyasası Aracı İşlemlerine İlişkin Bildirim (Faiz İçeren),TRFKNTR52516 ISIN Kodlu Finansman Bonosunun Kupon Ödemesi ve İtfası,ODA,https://www.kap.org.tr/tr/Bildirim/1439714
KONTR,2025-05-16 15:08:22,"Borçlanma Araçları, Yatırım Fonları ve Varant İtfa/Kupon/Getiri/ Nakdi Uzlaşı Ödeme İşlemleri","Borçlanma Araçları, Yatırım Fonları ve Varant İtfa/Kupon/Getiri/ Nakdi Uzlaşı Ödeme İşlemleri",DKB,https://www.kap.org.tr/tr/Bildirim/1439713
KONTR,2025-05-16 15:07:59,Pay Dışında Sermaye Piyasası Aracı İşlemlerine İlişkin Bildirim (Faiz İçeren),TRSKNTR52618 ISIN Kodlu Tahvilin 4. Kupon Ödemesi,ODA,https://www.kap.org.tr/tr/Bildirim/1439712
HALKB,2025-05-16 14:36:06,İhraç Tavanına İlişkin Bildirim,Yurtiçinde Borçlanma Aracı İhraç Tavanına İlişkin SPK Onayı,ODA,https://www.kap.org.tr/tr/Bildirim/1439686
GUBRF,2025-05-16 14:25:41,Özel Durum Açıklaması (Genel),Toplu İş Sözleşmesi Görüşmeleri Hakkında,ODA,https://www.kap.org.tr/tr/Bildirim/1439673
EKGYO,2025-05-16 13:29:32,Pay Dışında Sermaye Piyasası Aracı İşlemlerine İlişkin Bildirim (Faizsiz),Yurtiçi Kira Sertifikası İtfa ve Getiri Ödemesi,ODA,https://www.kap.org.tr/tr/Bildirim/1439655
YKBNK,2025-05-16 11:58:31,Pay Dışında Sermaye Piyasası Aracı İşlemlerine İlişkin Bildirim (Faiz İçeren),Yurtdışında ihraç edilen borçlanma aracının itfası ,ODA,https://www.kap.org.tr/tr/Bildirim/1439628
EKGYO,2025-05-16 11:14:11,Özel Durum Açıklaması (Genel),İstanbul Esenler Atışalanı 3. Etap İhale İlanı ,ODA,https://www.kap.org.tr/tr/Bildirim/1439605
GARAN,2025-05-16 10:39:54,İhraç Tavanına İlişkin Bildirim,"Tahvil, sermaye benzeri borçlanmalar, özkaynak hesaplamasına dahil edilecek borçlanma aracı ihracı SPK başvurusu",ODA,https://www.kap.org.tr/tr/Bildirim/1439581
ISCTR,2025-05-16 10:25:02,Pay Dışında Sermaye Piyasası Aracı İşlemlerine İlişkin Bildirim (Faiz İçeren),Yurtdışı Piyasalara Tahvil İhracı,ODA,https://www.kap.org.tr/tr/Bildirim/1439576
VAKBN,2025-05-16 08:29:14,Özel Durum Açıklaması (Genel),27. Dönem Toplu İş Sözleşmesinin Sonuçlanması Hakkında,ODA,https://www.kap.org.tr/tr/Bildirim/1439506
KONTR,2025-05-15 22:07:35,Pay Dışında Sermaye Piyasası Aracı İşlemlerine İlişkin Bildirim (Faiz İçeren),Nitelikli Yatırımcıya Borçlanma Aracı İhracı,ODA,https://www.kap.org.tr/tr/Bildirim/1439493
KONTR,2025-05-15 22:07:11,Pay Dışında Sermaye Piyasası Aracı İşlemlerine İlişkin Bildirim (Faiz İçeren),Nitelikli Yatırımcıya Borçlanma Aracı İhracı,ODA,https://www.kap.org.tr/tr/Bildirim/1439492
SISE,2025-05-15 20:18:59,Kurumsal Yönetim Bilgi Formu (Güncelleme) - Yönetim Kurulu-2,Yönetim Kurulu - II,DG,https://www.kap.org.tr/tr/Bildirim/1439481
SISE,2025-05-15 20:18:04,Kurumsal Yönetim Bilgi Formu (Güncelleme) - Yönetim Kurulu-1,Yönetim Kurulu - I,DG,https://www.kap.org.tr/tr/Bildirim/1439480
SISE,2025-05-15 20:17:38,Şirket Genel Bilgi Formu,,DG,https://www.kap.org.tr/tr/Bildirim/1439479
SISE,2025-05-15 20:15:59,Yönetim Kurulu Komiteleri,Yönetim Kurulu Komiteleri Görev Dağılımı,ODA,https://www.kap.org.tr/tr/Bildirim/1439478
TCELL,2025-05-15 20:02:20,Kar Payı Dağıtım İşlemlerine İlişkin Bildirim,Kar Payı Dağıtımına İlişkin Olağan Genel Kurul Kararı,ODA,https://www.kap.org.tr/tr/Bildirim/1439475
TCELL,2025-05-15 19:47:59,Bağımsız Denetim Kuruluşunun Belirlenmesi,Bağımsız Denetim Kuruluşunun Seçimi ,ODA,https://www.kap.org.tr/tr/Bildirim/1439471
TCELL,2025-05-15 19:47:33,Esas Sözleşme Tadili,Esas Sözleşme Tadili,ODA,https://www.kap.org.tr/tr/Bildirim/1439470
TCELL,2025-05-15 19:47:08,Payların Geri Alınmasına İlişkin Bildirim,Pay Geri Alım Programı'nın Genel Kurul'da Onaylanması ,ODA,https://www.kap.org.tr/tr/Bildirim/1439469
TCELL,2025-05-15 19:45:15,Genel Kurul İşlemlerine İlişkin Bildirim,Olağan Genel Kurul Toplantısı Sonucu Hk.,ODA,https://www.kap.org.tr/tr/Bildirim/1439468
PGSUS,2025-05-15 18:58:54,Özel Durum Açıklaması (Genel),2025 yılı Nisan ayı trafik verileri ve karbon emisyonu istatistikleri ektedir.,ODA,https://www.kap.org.tr/tr/Bildirim/1439455
EKGYO,2025-05-15 18:26:43,Pay Dışında Sermaye Piyasası Aracı İşlemlerine İlişkin Bildirim (Faizsiz),Yurtiçi Kira Sertifikası İhracı Nitelikli Yatırımcıya Satışın Tamamlanması Hk.,ODA,https://www.kap.org.tr/tr/Bildirim/1439416
GARAN,2025-05-15 18:22:06,Özel Durum Açıklaması (Genel),Tahsili gecikmiş alacak portföy satışı hk.,ODA,https://www.kap.org.tr/tr/Bildirim/1439412
SASA,2025-05-15 18:15:08,Özel Durum Açıklaması (Genel),Gaziantep Şube Açılışı,ODA,https://www.kap.org.tr/tr/Bildirim/1439397
TCELL,2025-05-15 17:56:50,Payların Geri Alınmasına İlişkin Bildirim,Pay Geri Alım Programının Sonlandırılması,ODA,https://www.kap.org.tr/tr/Bildirim/1439371
VAKBN,2025-05-15 17:54:42,İhraç Tavanına İlişkin Bildirim,Yurtiçi Borçlanma Aracı İhraç Tavanı için Genel Müdürlüğe Yetki Verilmesi,ODA,https://www.kap.org.tr/tr/Bildirim/1439369
ISCTR,2025-05-15 17:48:42,Pay Dışında Sermaye Piyasası Aracı İşlemlerine İlişkin Bildirim (Faiz İçeren),Yurtdışı Piyasalara Sürdürülebilir Tahvil İhracı,ODA,https://www.kap.org.tr/tr/Bildirim/1439368
MGROS,2025-05-15 17:00:57,Borsada İşlem Gören Tipe Dönüşüm Duyurusu,DÖNÜŞÜM,DKB,https://www.kap.org.tr/tr/Bildirim/1439329
ISCTR,2025-05-15 17:00:57,Borsada İşlem Gören Tipe Dönüşüm Duyurusu,DÖNÜŞÜM,DKB,https://www.kap.org.tr/tr/Bildirim/1439329
SASA,2025-05-15 17:00:57,Borsada İşlem Gören Tipe Dönüşüm Duyurusu,DÖNÜŞÜM,DKB,https://www.kap.org.tr/tr/Bildirim/1439329
VAKBN,2025-05-15 16:52:53,Pay Dışında Sermaye Piyasası Aracı İşlemlerine İlişkin Bildirim (Faiz İçeren),Borçlanma Araçlarına İlişkin SPK Başvurusu,ODA,https://www.kap.org.tr/tr/Bildirim/1439319
KONTR,2025-05-15 16:45:16,Pay Dışında Sermaye Piyasası Aracı İşlemlerine İlişkin Bildirim (Faiz İçeren),Değişken Getirili 728 Gün Vadeli TRSKNTR52618 ISIN Kodlu Tahvile İlişkin Kupon Oranının Açıklanması,ODA,https://www.kap.org.tr/tr/Bildirim/1439314
VAKBN,2025-05-15 16:12:24,Pay Dışında Sermaye Piyasası Aracı İşlemlerine İlişkin Bildirim (Faiz İçeren),GMTN Programı Çerçevesinde Türkiye Dışında Sürdürülebilir Borçlanma Aracı İhracı SPK Onayı ,ODA,https://www.kap.org.tr/tr/Bildirim/1439290
VAKBN,2025-05-15 16:09:55,Pay Dışında Sermaye Piyasası Aracı İşlemlerine İlişkin Bildirim (Faiz İçeren),GMTN Programı Çerçevesinde Türkiye Dışında Sürdürülebilir Borçlanma Aracı İhracı SPK Onayı ,ODA,https://www.kap.org.tr/tr/Bildirim/1439289
ISCTR,2025-05-15 11:17:00,Pay Dışında Sermaye Piyasası Aracı İşlemlerine İlişkin Bildirim (Faiz İçeren),Yurtdışı Piyasalara Tahvil İhracı,ODA,https://www.kap.org.tr/tr/Bildirim/1439213
ISCTR,2025-05-15 11:15:21,Pay Dışında Sermaye Piyasası Aracı İşlemlerine İlişkin Bildirim (Faiz İçeren),Yurtdışı Piyasalara Tahvil İhracı,ODA,https://www.kap.org.tr/tr/Bildirim/1439212
TUPRS,2025-05-15 09:25:09,Özel Durum Açıklaması (Genel),Sendikasyon Kredi Sözleşmesi,ODA,https://www.kap.org.tr/tr/Bildirim/1439169
SASA,2025-05-15 09:21:57,Kamuyu Aydınlatma Platformu Duyurusu,Özel Durumlar Tebliği'nin 12-(4). maddesi gereğince yapılan açıklama,DKB,https://www.kap.org.tr/tr/Bildirim/1439168
YKBNK,2025-05-14 22:48:04,Özel Durum Açıklaması (Genel),"Tahsili Gecikmiş Alacak Portföyü Alımı
",ODA,https://www.kap.org.tr/tr/Bildirim/1439152
SASA,2025-05-14 20:00:20,Özel Durum Açıklaması (Genel),Uluslararası Yatırım Kuruluşu ile imzalanan ve türev işlem içeren finansman sözleşmesi,ODA,https://www.kap.org.tr/tr/Bildirim/1439135
SASA,2025-05-14 19:46:37,Özel Durum Açıklaması (Genel),Pay Devri Hakkında,ODA,https://www.kap.org.tr/tr/Bildirim/1439129
GUBRF,2025-05-14 19:30:54,Payların Geri Alınmasına İlişkin Bildirim,Pay Geri Alım İşlemlerine İlişkin Bildirim,ODA,https://www.kap.org.tr/tr/Bildirim/1439121
EKGYO,2025-05-14 18:58:35,Kayıtlı Sermaye Tavanı İşlemlerine İlişkin Bildirim,Kayıtlı Sermaye Tavanı Artırımı Genel Kurul Onayı Hakkında,ODA,https://www.kap.org.tr/tr/Bildirim/1439109
EKGYO,2025-05-14 18:57:55,Kar Payı Dağıtım İşlemlerine İlişkin Bildirim,2024 Yılı Kar Dağıtımı Hakkında,ODA,https://www.kap.org.tr/tr/Bildirim/1439105
EKGYO,2025-05-14 18:53:35,Payların Geri Alınmasına İlişkin Bildirim,Pay Geri Alım Programı Hakkında,ODA,https://www.kap.org.tr/tr/Bildirim/1439100
SAHOL,2025-05-14 18:16:00,Özel Durum Açıklaması (Genel),Sabancı İklim Teknolojileri'nin Yenilenebilir Enerji Yatırımlarının Finansmanına Sermaye Katkısında Bulunulması,ODA,https://www.kap.org.tr/tr/Bildirim/1439011
EKGYO,2025-05-14 18:11:18,Özel Durum Açıklaması (Genel),Meydan Başakşehir Kısmi Geçici Kabul,ODA,https://www.kap.org.tr/tr/Bildirim/1439002
YKBNK,2025-05-14 18:10:30,Şirket Genel Bilgi Formu,,DG,https://www.kap.org.tr/tr/Bildirim/1438999
EKGYO,2025-05-14 18:10:11,Özel Durum Açıklaması (Genel),Yeni Levent Kısmi Geçici Kabul,ODA,https://www.kap.org.tr/tr/Bildirim/1438997
EKGYO,2025-05-14 18:10:00,Değerleme Raporu ,Batı Yakası Gayrimenkul Değerleme Raporu,DG,https://www.kap.org.tr/tr/Bildirim/1438995
EKGYO,2025-05-14 18:09:50,Özel Durum Açıklaması (Genel),Yönetim Kurulu Bağımsız Üye Adayları Hakkında,ODA,https://www.kap.org.tr/tr/Bildirim/1438993
EKGYO,2025-05-14 18:09:35,Esas Sözleşme Tadili,Esas Sözleşme Tadili Genel Kurul Onayı Hakkında,ODA,https://www.kap.org.tr/tr/Bildirim/1438991
EKGYO,2025-05-14 18:09:21,Genel Kurul İşlemlerine İlişkin Bildirim,2024 Yılı Olağan Genel Kurul Toplantı Sonucu,ODA,https://www.kap.org.tr/tr/Bildirim/1438990
YKBNK,2025-05-14 18:00:37,Özel Durum Açıklaması (Genel),Tahsili Gecikmiş Alacak Portföyü Alımı,ODA,https://www.kap.org.tr/tr/Bildirim/1438982
ISCTR,2025-05-14 17:38:44,Şirket Genel Bilgi Formu,,DG,https://www.kap.org.tr/tr/Bildirim/1438964
YKBNK,2025-05-14 17:36:24,Borçlanma Araçlarının / Kira Sertifikalarının İşlem Görmeye Başlaması,Borçlanma Araçlarının / Kira Sertifikalarının İşlem Görmeye Başlaması,DKB,https://www.kap.org.tr/tr/Bildirim/1438961
VAKBN,2025-05-14 16:39:35,Pay Dışında Sermaye Piyasası Aracı İşlemlerine İlişkin Bildirim (Faiz İçeren),GMTN Programı Çerçevesinde Türkiye Dışında Sürdürülebilir Borçlanma Aracı İhracı SPK Onayı ,ODA,https://www.kap.org.tr/tr/Bildirim/1438925
MGROS,2025-05-14 16:28:32,Borsada İşlem Gören Tipe Dönüşüm Duyurusu,DÖNÜŞÜM,DKB,https://www.kap.org.tr/tr/Bildirim/1438914
VAKBN,2025-05-14 15:08:45,Pay Dışında Sermaye Piyasası Aracı İşlemlerine İlişkin Bildirim (Faiz İçeren),GMTN Programı Çerçevesinde Türkiye Dışında Sürdürülebilir Borçlanma Aracı İhracı SPK Onayı ,ODA,https://www.kap.org.tr/tr/Bildirim/1438867
GUBRF,2025-05-14 15:01:07,Pay Bazında Devre Kesici Bildirimi,GUBRF.E İşlem Sırasında Devre Kesici Uygulaması Başlamıştır,DKB,https://www.kap.org.tr/tr/Bildirim/1438856
YKBNK,2025-05-14 14:38:22,Pay Dışında Sermaye Piyasası Aracı İşlemlerine İlişkin Bildirim (Faiz İçeren),Yurtdışında borçlanma aracı ihracının tamamlanması,ODA,https://www.kap.org.tr/tr/Bildirim/1438850
VAKBN,2025-05-14 11:52:38,Genel Kurul İşlemlerine İlişkin Bildirim,"Türkiye Vakıflar Bankası T.A.O Olağan Genel Kurul Toplantısı Sonucunun Tescili
",ODA,https://www.kap.org.tr/tr/Bildirim/1438798
VAKBN,2025-05-14 11:43:02,Genel Kurul İşlemlerine İlişkin Bildirim,"Türkiye Vakıflar Bankası T.A.O Olağan Genel Kurul Toplantısı Sonucunun Tescili
",ODA,https://www.kap.org.tr/tr/Bildirim/1438793
VAKBN,2025-05-14 10:47:43,Pay Dışında Sermaye Piyasası Aracı İşlemlerine İlişkin Bildirim (Faiz İçeren),TRFVKFB52538 ISIN kodlu T. Vakıflar Bankası T.A.O. Finansman Bonosunun İtfası,ODA,https://www.kap.org.tr/tr/Bildirim/1438776
ASELS,2025-05-14 10:35:16,Yeni İş İlişkisi,Sözleşme İmzalanması,ODA,https://www.kap.org.tr/tr/Bildirim/1438772
BIMAS,2025-05-14 08:27:41,Kar Payı Dağıtım İşlemlerine İlişkin Bildirim,Pay başına düşen temettü tutarının güncellenmesi,ODA,https://www.kap.org.tr/tr/Bildirim/1438710
EREGL,2025-05-27 19:59:12,Kredi Derecelendirmesi,Fitch Kredi Derecelendirme Notu,ODA,https://www.kap.org.tr/tr/Bildirim/1442589
ARCLK,2025-05-27 18:21:18,Pay Dışında Sermaye Piyasası Aracı İşlemlerine İlişkin Bildirim (Faiz İçeren),XS2346972263 ISIN kodlu Yeşil Tahvilin Kupon Ödemesi,ODA,https://www.kap.org.tr/tr/Bildirim/1442536
EKGYO,2025-05-27 17:17:53,Genel Kurul İşlemlerine İlişkin Bildirim,2024 Olağan Genel Kurul Tescili Hakkında,ODA,https://www.kap.org.tr/tr/Bildirim/1442484
MGROS,2025-05-27 16:50:05,Borsada İşlem Gören Tipe Dönüşüm Duyurusu,DÖNÜŞÜM,DKB,https://www.kap.org.tr/tr/Bildirim/1442458
TOASO,2025-05-27 16:50:05,Borsada İşlem Gören Tipe Dönüşüm Duyurusu,DÖNÜŞÜM,DKB,https://www.kap.org.tr/tr/Bildirim/1442458
MGROS,2025-05-27 16:47:58,Hak Kullanımı,,DKB,https://www.kap.org.tr/tr/Bildirim/1442456
GUBRF,2025-05-27 16:06:35,Pay Bazında Devre Kesici Bildirimi,GUBRF.E İşlem Sırasında Devre Kesici Uygulaması Başlamıştır,DKB,https://www.kap.org.tr/tr/Bildirim/1442434
VAKBN,2025-05-27 15:26:46,İzahname (Özet-SPK Onayına Sunulan),İzahname (Özet-SPK Onayına Sunulan),DG,https://www.kap.org.tr/tr/Bildirim/1442387
VAKBN,2025-05-27 15:26:03,İzahname (Sermaye Piyasası Aracı Notu-SPK Onayına Sunulan),İzahname (Sermaye Piyasası Aracı Notu-SPK Onayına Sunulan),DG,https://www.kap.org.tr/tr/Bildirim/1442386
VAKBN,2025-05-27 15:25:33,İzahname (İhraççı Bilgi Dokümanı-SPK Onayına Sunulan),İzahname İhraççı Bilgi Dokümanı ,DG,https://www.kap.org.tr/tr/Bildirim/1442385
VAKBN,2025-05-27 15:23:57,İhraç Tavanına İlişkin Bildirim,Borçlanma Aracı İhracı SPK ve Borsa İstanbul Başvurusu ,ODA,https://www.kap.org.tr/tr/Bildirim/1442384
THYAO,2025-05-27 13:23:45,Kurumsal Yönetim Bilgi Formu (Güncelleme) - Yönetim Kurulu-2,Yönetim Kurulu Komite Güncelleme,DG,https://www.kap.org.tr/tr/Bildirim/1442313
YKBNK,2025-05-27 12:12:36,Pay Dışında Sermaye Piyasası Aracı İşlemlerine İlişkin Bildirim (Faiz İçeren),Yurtdışında ihraç edilen borçlanma aracının itfası,ODA,https://www.kap.org.tr/tr/Bildirim/1442292
THYAO,2025-05-27 09:45:33,Kredi Derecelendirmesi,Moody's Kredi Derecelendirme Notu,ODA,https://www.kap.org.tr/tr/Bildirim/1442222
EKGYO,2025-05-27 09:43:58,Özel Durum Açıklaması (Genel),Ankara Çankaya Saraçoğlu Kesin Kabulü,ODA,https://www.kap.org.tr/tr/Bildirim/1442221
EKGYO,2025-05-27 09:43:45,Özel Durum Açıklaması (Genel),İstanbul Esenler Atışalanı 3. Etap İhalesi 1. Oturum Sonucu ,ODA,https://www.kap.org.tr/tr/Bildirim/1442220
AKBNK,2025-05-26 23:23:41,Özel Durum Açıklaması (Genel),Tahsili Gecikmiş Alacak Portföyü Alımı,ODA,https://www.kap.org.tr/tr/Bildirim/1442185
TKFEN,2025-05-26 19:37:10,Genel Kurul İşlemlerine İlişkin Bildirim,07.05.2025 tarihli genel kurulda ertelenmesi talep edilen gündem maddelerine dair açıklamalar,ODA,https://www.kap.org.tr/tr/Bildirim/1442143
TKFEN,2025-05-26 19:36:33,Bağımsız Denetim Kuruluşunun Belirlenmesi,Bağımsız denetim kuruluşu seçiminin tescili,ODA,https://www.kap.org.tr/tr/Bildirim/1442139
TKFEN,2025-05-26 19:36:15,Genel Kurul İşlemlerine İlişkin Bildirim,Genel Kurul Kararlarının tescili,ODA,https://www.kap.org.tr/tr/Bildirim/1442138
THYAO,2025-05-26 18:36:17,Şirket Genel Bilgi Formu,,DG,https://www.kap.org.tr/tr/Bildirim/1442091
AKBNK,2025-05-26 18:00:22,Özel Durum Açıklaması (Genel),Tahsili Gecikmiş Alacak Portföyü Alımı,ODA,https://www.kap.org.tr/tr/Bildirim/1442040
TCELL,2025-05-26 17:20:37,Şirket Genel Bilgi Formu,,DG,https://www.kap.org.tr/tr/Bildirim/1442005
ASELS,2025-05-26 17:00:33,Kredi Derecelendirmesi,Kredi Derecelendirme,ODA,https://www.kap.org.tr/tr/Bildirim/1441991
ISCTR,2025-05-26 16:41:16,Şirket Genel Bilgi Formu,,DG,https://www.kap.org.tr/tr/Bildirim/1441979
ODAS,2025-05-26 15:10:45,Endeks Şirketlerinde Değişiklik,-,DKB,https://www.kap.org.tr/tr/Bildirim/1441934
ASELS,2025-05-26 14:22:04,Kredi Derecelendirmesi,KREDİ DERECELENDİRME BİLDİRİMİ,ODA,https://www.kap.org.tr/tr/Bildirim/1441908
EKGYO,2025-05-26 13:53:47,Pay Dışında Sermaye Piyasası Aracı İşlemlerine İlişkin Bildirim (Faizsiz),Yurtiçi Kira Sertifikası İtfa ve Getiri Ödemesi,ODA,https://www.kap.org.tr/tr/Bildirim/1441880
ODAS,2025-05-26 10:30:45,Kurumsal Yönetim İlkelerine Uyum Derecelendirmesi,Kurumsal Yönetim Derecelendirme Notu Hakkında,ODA,https://www.kap.org.tr/tr/Bildirim/1441811
VAKBN,2025-05-26 09:16:21,Özel Durum Açıklaması (Genel),Çin Kalkınma Bankası ile yapılan Kredi Anlaşması,ODA,https://www.kap.org.tr/tr/Bildirim/1441771
PGSUS,2025-05-23 18:53:58,Kredi Derecelendirmesi,Kredi Derecelendirmesi Gözden Geçirme - S&P,ODA,https://www.kap.org.tr/tr/Bildirim/1441710
TAVHL,2025-05-23 18:35:42,Özel Durum Açıklaması (Genel),Üst Yönetim Değişikliği,ODA,https://www.kap.org.tr/tr/Bildirim/1441698
EKGYO,2025-05-23 18:21:58,Pay Dışında Sermaye Piyasası Aracı İşlemlerine İlişkin Bildirim (Faizsiz),Yurtiçi Kira Sertifikası İhracı Nitelikli Yatırımcıya Satışın Tamamlanması Hk.,ODA,https://www.kap.org.tr/tr/Bildirim/1441672
TKFEN,2025-05-23 17:59:52,Genel Kurul İşlemlerine İlişkin Bildirim,OLAĞANÜSTÜ GENEL KURUL TOPLANTI ÇAĞRISI,ODA,https://www.kap.org.tr/tr/Bildirim/1441631
HALKB,2025-05-23 17:03:39,"Borçlanma Araçları, Yatırım Fonları ve Varant İtfa/Kupon/Getiri/ Nakdi Uzlaşı Ödeme İşlemleri","Borçlanma Araçları, Yatırım Fonları ve Varant İtfa/Kupon/Getiri/Nakdi Uzlaşı Ödeme İşlemleri",DKB,https://www.kap.org.tr/tr/Bildirim/1441575
TKFEN,2025-05-23 16:57:33,Özel Durum Açıklaması (Genel),Özel Durum Açıklaması (Genel),DKB,https://www.kap.org.tr/tr/Bildirim/1441559
KONTR,2025-05-23 15:49:46,VİOP İşlem İptali Duyuruları,VİOP İşlem İptali Duyuruları,DKB,https://www.kap.org.tr/tr/Bildirim/1441513
HALKB,2025-05-23 10:36:31,Pay Dışında Sermaye Piyasası Aracı İşlemlerine İlişkin Bildirim (Faiz İçeren),Yurtiçinde Nitelikli Yatırımcılara Sermaye Benzeri Tahvil Kupon İtfası,ODA,https://www.kap.org.tr/tr/Bildirim/1441359
ISCTR,2025-05-23 09:56:54,Pay Dışında Sermaye Piyasası Aracı İşlemlerine İlişkin Bildirim (Faiz İçeren),Yurtdışı Piyasalara Tahvil İhracı,ODA,https://www.kap.org.tr/tr/Bildirim/1441323
HALKB,2025-05-22 18:18:53,İhraç Tavanına İlişkin Bildirim,Kira Sertifikası İhracına İlişkin Yönetim Kurulu Kararı Alınması,ODA,https://www.kap.org.tr/tr/Bildirim/1441188
EREGL,2025-05-22 18:15:21,Özel Durum Açıklaması (Genel),4 No'lu Kok Bataryası Modernizasyonu,ODA,https://www.kap.org.tr/tr/Bildirim/1441185
EREGL,2025-05-22 18:14:05,Özel Durum Açıklaması (Genel),İsdemir - Yeni 1. Yüksek Fırın Yatırımı,ODA,https://www.kap.org.tr/tr/Bildirim/1441180
HALKB,2025-05-22 18:00:38,Pay Dışında Sermaye Piyasası Aracı İşlemlerine İlişkin Bildirim (Faiz İçeren),Yurtiçinde Nitelikli Yatırımcılara Sermaye Benzeri Tahvil Kupon Oranı,ODA,https://www.kap.org.tr/tr/Bildirim/1441167
YKBNK,2025-05-22 16:56:38,Pay Dışında Sermaye Piyasası Aracı İşlemlerine İlişkin Bildirim (Faiz İçeren),Yurtdışında ihraç edilen borçlanma aracının itfası,ODA,https://www.kap.org.tr/tr/Bildirim/1441120
EREGL,2025-05-22 15:34:16,Kurumsal Yönetim İlkelerine Uyum Derecelendirmesi,Kurumsal Yönetim İlkelerine Uyum Derecelendirme Sözleşmesi'nin Yenilenmesi,ODA,https://www.kap.org.tr/tr/Bildirim/1441060
EKGYO,2025-05-22 14:32:06,VİOP İşlem İptali Duyuruları,VİOP İşlem İptali Duyuruları,DKB,https://www.kap.org.tr/tr/Bildirim/1441025
EKGYO,2025-05-22 14:22:50,Pay Bazında Devre Kesici Bildirimi,EKGYO.E İşlem Sırasında Devre Kesici Uygulaması Başlamıştır,DKB,https://www.kap.org.tr/tr/Bildirim/1441021
TKFEN,2025-05-22 13:18:07,Özel Durum Açıklaması (Genel),Grev Kararı Alınması,ODA,https://www.kap.org.tr/tr/Bildirim/1441008
TAVHL,2025-05-22 09:06:38,Kredi Derecelendirmesi,Kredi Derecelendirmesi (S&P),ODA,https://www.kap.org.tr/tr/Bildirim/1440872
THYAO,2025-05-21 18:59:36,Özel Durum Açıklaması (Genel),Yönetim Kurulu Komite Ataması ,ODA,https://www.kap.org.tr/tr/Bildirim/1440808
THYAO,2025-05-21 18:58:43,Özel Durum Açıklaması (Genel),Yönetim Kurulu Başkanı ve Başkan Vekili ataması,ODA,https://www.kap.org.tr/tr/Bildirim/1440807
THYAO,2025-05-21 18:57:40,Özel Durum Açıklaması (Genel),Yönetim Kurulu Üye Ataması ,ODA,https://www.kap.org.tr/tr/Bildirim/1440806
VAKBN,2025-05-21 18:47:38,Payların Geri Alınmasına İlişkin Bildirim,"Pay Alım Bildirimi
",ODA,https://www.kap.org.tr/tr/Bildirim/1440803
THYAO,2025-05-21 18:34:12,Kar Payı Dağıtım İşlemlerine İlişkin Bildirim,2024 Yılı Kar Dağıtımı ile ilgili Genel Kurul Kararı,ODA,https://www.kap.org.tr/tr/Bildirim/1440796
THYAO,2025-05-21 18:27:22,Kayıtlı Sermaye Tavanı İşlemlerine İlişkin Bildirim,Kayıtlı Sermaye Tavanının Artırılması ve Süresinin Uzatılmasına İlişkin Genel Kurul Onayı ,ODA,https://www.kap.org.tr/tr/Bildirim/1440782
THYAO,2025-05-21 18:23:41,Payların Geri Alınmasına İlişkin Bildirim,Pay Geri Alım Programı'nın Genel Kurul'da Onaylanması ,ODA,https://www.kap.org.tr/tr/Bildirim/1440777
THYAO,2025-05-21 18:22:31,Esas Sözleşme Tadili,Esas Sözleşme Tadilinin Genel Kurulda Onaylanması,ODA,https://www.kap.org.tr/tr/Bildirim/1440776
THYAO,2025-05-21 18:21:36,Genel Kurul İşlemlerine İlişkin Bildirim,21.05.2025 tarihli 2024 Yılı Olağan Genel Kurul Toplantı Sonuçları,ODA,https://www.kap.org.tr/tr/Bildirim/1440774
YKBNK,2025-05-21 18:15:46,Özel Durum Açıklaması (Genel),Tasfiye hesaplarında izlenmekte olan bir kısım tahsili gecikmiş alacakların satışı,ODA,https://www.kap.org.tr/tr/Bildirim/1440757
EREGL,2025-05-21 18:15:08,Kar Payı Dağıtım İşlemlerine İlişkin Bildirim,Nakit Kar Payı Ödeme Tarihi,ODA,https://www.kap.org.tr/tr/Bildirim/1440754
GARAN,2025-05-21 18:00:15,Özel Durum Açıklaması (Genel),Tahsili Gecikmiş Alacak Portföyü Alımı - İhale Sonrası Portföy Satış Onay ve İptal Durumu,ODA,https://www.kap.org.tr/tr/Bildirim/1440716
EKGYO,2025-05-21 17:23:28,Özel Durum Açıklaması (Genel),Barbaros 48 STG Artışı,ODA,https://www.kap.org.tr/tr/Bildirim/1440696
TCELL,2025-05-21 17:20:20,Kayıtlı Sermaye Tavanı İşlemlerine İlişkin Bildirim,Kayıtlı Sermaye Tavanı Tescili,ODA,https://www.kap.org.tr/tr/Bildirim/1440692
VAKBN,2025-05-21 16:26:55,Pay Dışında Sermaye Piyasası Aracı İşlemlerine İlişkin Bildirim (Faiz İçeren),Borçlanma Araçlarına İlişkin Faiz Açıklaması,ODA,https://www.kap.org.tr/tr/Bildirim/1440645
VAKBN,2025-05-21 16:24:01,İzahname-Özet (SPK Tarafından Onaylanan),İzahname- Özet,DG,https://www.kap.org.tr/tr/Bildirim/1440644
VAKBN,2025-05-21 16:23:08,İzahname-Sermaye Piyasası Aracı Notu (SPK Tarafından Onaylanan),İzahname- Sermaye Piyasası Aracı Notu,DG,https://www.kap.org.tr/tr/Bildirim/1440643
VAKBN,2025-05-21 16:22:30,İzahname (SPK Tarafından Onaylanan),İzahname- İhraççı Bilgi Dokümanı,DG,https://www.kap.org.tr/tr/Bildirim/1440642
THYAO,2025-05-21 16:19:19,Payların Geri Alınmasına İlişkin Bildirim,Pay Geri Alım Programının Sonlandırılması ,ODA,https://www.kap.org.tr/tr/Bildirim/1440640
VAKBN,2025-05-21 16:04:28,Pay Dışında Sermaye Piyasası Aracı İşlemlerine İlişkin Bildirim (Faiz İçeren),GMTN Programı Çerçevesinde Türkiye Dışında Sürdürülebilir Borçlanma Aracı İhracı SPK Onayı ,ODA,https://www.kap.org.tr/tr/Bildirim/1440634
ISCTR,2025-05-21 11:53:55,Pay Dışında Sermaye Piyasası Aracı İşlemlerine İlişkin Bildirim (Faiz İçeren),Nitelikli Yatırımcılara Finansman Bonosu Satışının Tamamlanması ,ODA,https://www.kap.org.tr/tr/Bildirim/1440531
ASELS,2025-05-21 10:10:14,Şirket Genel Bilgi Formu,,DG,https://www.kap.org.tr/tr/Bildirim/1440455
ASELS,2025-05-21 10:10:04,Özel Durum Açıklaması (Genel),Genel Müdür Yardımcısı Ataması,ODA,https://www.kap.org.tr/tr/Bildirim/1440454
AKBNK,2025-06-03 21:25:11,Pay Dışında Sermaye Piyasası Aracı İşlemlerine İlişkin Bildirim (Faiz İçeren),Yurt Dışında İpotek Teminatlı Menkul Kıymet İhracı,ODA,https://www.kap.org.tr/tr/Bildirim/1445451
AKBNK,2025-06-03 21:24:57,Pay Dışında Sermaye Piyasası Aracı İşlemlerine İlişkin Bildirim (Faiz İçeren),Yurtdışı Piyasalara Tahvil İhracının Tamamlanması,ODA,https://www.kap.org.tr/tr/Bildirim/1445450
AKBNK,2025-06-03 21:24:40,Pay Dışında Sermaye Piyasası Aracı İşlemlerine İlişkin Bildirim (Faiz İçeren),Yurtdışı Piyasalara Tahvil İhracının Tamamlanması,ODA,https://www.kap.org.tr/tr/Bildirim/1445449
AKBNK,2025-06-03 21:24:25,Pay Dışında Sermaye Piyasası Aracı İşlemlerine İlişkin Bildirim (Faiz İçeren),Yurtdışı Piyasalara Tahvil İhracı,ODA,https://www.kap.org.tr/tr/Bildirim/1445448
YKBNK,2025-06-03 20:51:41,Pay Dışında Sermaye Piyasası Aracı İşlemlerine İlişkin Bildirim (Faiz İçeren),Yurtdışında borçlanma aracı ihracının tamamlanması,ODA,https://www.kap.org.tr/tr/Bildirim/1445446
GUBRF,2025-06-03 19:18:29,Özel Durum Açıklaması (Genel),Sürdürülebilirlik Raporu Güvence Denetim Hizmeti Hk.,ODA,https://www.kap.org.tr/tr/Bildirim/1445434
HALKB,2025-06-03 19:12:52,İhraç Tavanına İlişkin Bildirim,Kira Sertifikası İhracına İlişkin Yönetim Kurulu Kararı Alınması,ODA,https://www.kap.org.tr/tr/Bildirim/1445433
KCHOL,2025-06-03 18:15:15,Özel Durum Açıklaması (Genel),Risk Yönetimi Komitesi ve Kurumsal Yönetim Komitesi Çalışma Esaslarının Güncellenmesi,ODA,https://www.kap.org.tr/tr/Bildirim/1445383
YKBNK,2025-06-03 18:14:35,Pay Dışında Sermaye Piyasası Aracı İşlemlerine İlişkin Bildirim (Faiz İçeren),Yurtdışında borçlanma aracı ihracının tamamlanması,ODA,https://www.kap.org.tr/tr/Bildirim/1445380
YKBNK,2025-06-03 18:13:56,Pay Dışında Sermaye Piyasası Aracı İşlemlerine İlişkin Bildirim (Faiz İçeren),Yurtdışında borçlanma aracı ihracının tamamlanması,ODA,https://www.kap.org.tr/tr/Bildirim/1445377
YKBNK,2025-06-03 18:13:19,Pay Dışında Sermaye Piyasası Aracı İşlemlerine İlişkin Bildirim (Faiz İçeren),Yurtdışında borçlanma aracı ihracının tamamlanması,ODA,https://www.kap.org.tr/tr/Bildirim/1445375
YKBNK,2025-06-03 18:12:53,Pay Dışında Sermaye Piyasası Aracı İşlemlerine İlişkin Bildirim (Faiz İçeren),Yurtdışında borçlanma aracı ihracının tamamlanması,ODA,https://www.kap.org.tr/tr/Bildirim/1445372
KONTR,2025-06-03 18:12:11,Pay Dışında Sermaye Piyasası Aracı İşlemlerine İlişkin Bildirim (Faiz İçeren),Değişken Getirili 182 Gün Vadeli TRFKNTR92512 ISIN kodlu Finansman Bonosuna İlişkin Kupon Oranının Açıklanması,ODA,https://www.kap.org.tr/tr/Bildirim/1445367
KONTR,2025-06-03 18:12:01,Pay Dışında Sermaye Piyasası Aracı İşlemlerine İlişkin Bildirim (Faiz İçeren),Değişken Getirili 364 Gün Vadeli TRFKNTR32617 ISIN kodlu Finansman Bonosuna İlişkin Kupon Oranının Açıklanması,ODA,https://www.kap.org.tr/tr/Bildirim/1445363
KONTR,2025-06-03 18:11:50,Pay Dışında Sermaye Piyasası Aracı İşlemlerine İlişkin Bildirim (Faiz İçeren),Değişken Getirili 728 Gün Vadeli TRSKNTR32719 ISIN kodlu Tahvile İlişkin Kupon Oranının Açıklanması,ODA,https://www.kap.org.tr/tr/Bildirim/1445361
KONTR,2025-06-03 18:11:39,Pay Dışında Sermaye Piyasası Aracı İşlemlerine İlişkin Bildirim (Faiz İçeren),Değişken Getirili 728 Gün Vadeli TRSKNTR32610 ISIN kodlu Tahvile İlişkin Kupon Oranının Açıklanması,ODA,https://www.kap.org.tr/tr/Bildirim/1445360
HALKB,2025-06-03 18:10:22,Özel Durum Açıklaması (Genel),Kira Sertifikası İhracı ve Yetkilendirmeler Hakkında,ODA,https://www.kap.org.tr/tr/Bildirim/1445353
SISE,2025-06-03 16:41:24,Pay Mali Hak Kullanım İşlemi - Nakit Ödeme,Hak Kullanım İşlemleri,DKB,https://www.kap.org.tr/tr/Bildirim/1445252
MGROS,2025-06-03 16:40:56,Borsada İşlem Gören Tipe Dönüşüm Duyurusu,DÖNÜŞÜM,DKB,https://www.kap.org.tr/tr/Bildirim/1445251
ISCTR,2025-06-03 16:00:59,Pay Dışında Sermaye Piyasası Aracı İşlemlerine İlişkin Bildirim (Faiz İçeren),Yurtdışı Piyasalara Tahvil İhracı,ODA,https://www.kap.org.tr/tr/Bildirim/1445209
ASELS,2025-06-03 15:25:31,Bağımsız Denetim Kuruluşunun Belirlenmesi,Bağımsız Denetim Kuruluşu Seçiminin Tescili,ODA,https://www.kap.org.tr/tr/Bildirim/1445157
ASELS,2025-06-03 15:16:08,Genel Kurul İşlemlerine İlişkin Bildirim,Olağan Genel Kurul Kararları Tescili,ODA,https://www.kap.org.tr/tr/Bildirim/1445121
AKBNK,2025-06-03 13:11:34,Özel Durum Açıklaması (Genel),Tüketici İlişkileri Koordinasyon Görevlisi Atanması Hk.,ODA,https://www.kap.org.tr/tr/Bildirim/1445046
GUBRF,2025-06-03 09:20:39,Payların Geri Alınmasına İlişkin Bildirim,Pay Geri Alım İşlemlerine İlişkin Bildirim,ODA,https://www.kap.org.tr/tr/Bildirim/1444867
AKBNK,2025-06-02 20:02:46,Pay Dışında Sermaye Piyasası Aracı İşlemlerine İlişkin Bildirim (Faiz İçeren),Yurtdışı Piyasalara Tahvil İhracı,ODA,https://www.kap.org.tr/tr/Bildirim/1444838
AKBNK,2025-06-02 20:02:34,Pay Dışında Sermaye Piyasası Aracı İşlemlerine İlişkin Bildirim (Faiz İçeren),Yurtdışı Piyasalara Tahvil İhracı,ODA,https://www.kap.org.tr/tr/Bildirim/1444837
AKBNK,2025-06-02 20:02:21,Pay Dışında Sermaye Piyasası Aracı İşlemlerine İlişkin Bildirim (Faiz İçeren),Yurtdışı Piyasalara Tahvil İhracının Tamamlanması,ODA,https://www.kap.org.tr/tr/Bildirim/1444836
TKFEN,2025-06-02 18:57:34,Özel Durum Açıklaması (Genel),Tekfen İnşaat'ın Rusya Projesi hakkında,ODA,https://www.kap.org.tr/tr/Bildirim/1444776
VAKBN,2025-06-02 17:41:47,Şirket Genel Bilgi Formu,,DG,https://www.kap.org.tr/tr/Bildirim/1444630
MGROS,2025-06-02 16:41:46,Borsada İşlem Gören Tipe Dönüşüm Duyurusu,DÖNÜŞÜM,DKB,https://www.kap.org.tr/tr/Bildirim/1444567
SAHOL,2025-06-02 16:30:42,Kurumsal Yönetim Bilgi Formu (Güncelleme) - Yönetim Kurulu-1,Kurumsal Yönetim Bilgi Formu Güncelleme - Yönetim Kurulu-I,DG,https://www.kap.org.tr/tr/Bildirim/1444557
SAHOL,2025-06-02 16:30:06,Şirket Genel Bilgi Formu,,DG,https://www.kap.org.tr/tr/Bildirim/1444555
AKBNK,2025-06-02 15:11:28,Kredi Derecelendirmesi,Fitch Ratings Derecelendirme Notları,ODA,https://www.kap.org.tr/tr/Bildirim/1444458
GUBRF,2025-06-02 14:22:19,Özel Durum Açıklaması (Genel),İhale Sürecine İlişkin Bilgilendirme,ODA,https://www.kap.org.tr/tr/Bildirim/1444408
GARAN,2025-06-02 12:55:01,İhraç Belgesi,"  Tahvil, sermaye benzeri borçlanmalar, özkaynak hesaplamasına dahil edilecek borçlanma aracı ihracı belgesi ",DG,https://www.kap.org.tr/tr/Bildirim/1444370
TAVHL,2025-06-02 12:08:29,Pay Alım Satım Bildirimi,"Pay Alım Satım Bildirimi
",DKB,https://www.kap.org.tr/tr/Bildirim/1444350
YKBNK,2025-06-02 11:16:47,Pay Dışında Sermaye Piyasası Aracı İşlemlerine İlişkin Bildirim (Faiz İçeren),Yurtdışında ihraç edilen borçlanma aracının itfası,ODA,https://www.kap.org.tr/tr/Bildirim/1444294
YKBNK,2025-06-02 11:16:33,Pay Dışında Sermaye Piyasası Aracı İşlemlerine İlişkin Bildirim (Faiz İçeren),Yurtdışında ihraç edilen borçlanma aracının itfası,ODA,https://www.kap.org.tr/tr/Bildirim/1444293
GUBRF,2025-06-02 10:16:23,Pay Bazında Devre Kesici Bildirimi,GUBRF.E İşlem Sırasında Devre Kesici Uygulaması Başlamıştır,DKB,https://www.kap.org.tr/tr/Bildirim/1444255
EKGYO,2025-06-02 10:04:22,Tertip İhraç Belgesi,Emlak Konut GYO 3.Tertip İhraç Belgesi,DG,https://www.kap.org.tr/tr/Bildirim/1444243
THYAO,2025-06-02 08:59:34,Özel Durum Açıklaması (Genel),Thai Airways ile Ortak İş Anlaşması,ODA,https://www.kap.org.tr/tr/Bildirim/1444201
BIMAS,2025-05-31 00:18:28,Genel Kurul İşlemlerine İlişkin Bildirim,Olağanüstü Genel Kurul Toplantısı Çağrısı,ODA,https://www.kap.org.tr/tr/Bildirim/1444174
BIMAS,2025-05-30 23:59:56,Bölünme İşlemlerine İlişkin Bildirim,İştirak Modeliyle Kolaylaştırılmış Usulde Kısmi Bölünmeye İlişkin Sermaye Piyasası Kurulu Onayı,ODA,https://www.kap.org.tr/tr/Bildirim/1444173
PETKM,2025-05-30 19:40:10,Genel Kurul İşlemlerine İlişkin Bildirim,2024 yılına ait Olağan Genel Kurul Toplantısı Kararlarının Tescili,ODA,https://www.kap.org.tr/tr/Bildirim/1444119
PETKM,2025-05-30 19:39:58,Bağımsız Denetim Kuruluşunun Belirlenmesi,Bağımsız Denetim Kuruluşu Seçiminin Tescili,ODA,https://www.kap.org.tr/tr/Bildirim/1444117
FROTO,2025-05-30 19:33:06,Esas Sözleşme,Esas Sözleşme,DG,https://www.kap.org.tr/tr/Bildirim/1444111
FROTO,2025-05-30 19:32:27,Sermaye Artırımı - Azaltımı İşlemlerine İlişkin Bildirim,Bedelsiz Sermaye Artırımına İlişkin Esas Sözleşme Değişikliğinin Tescili,ODA,https://www.kap.org.tr/tr/Bildirim/1444110
AKBNK,2025-05-30 19:09:20,Pay Dışında Sermaye Piyasası Aracı İşlemlerine İlişkin Bildirim (Faiz İçeren),Yurtdışı Piyasalara Tahvil İhracı,ODA,https://www.kap.org.tr/tr/Bildirim/1444099
AKBNK,2025-05-30 19:09:06,Pay Dışında Sermaye Piyasası Aracı İşlemlerine İlişkin Bildirim (Faiz İçeren),Yurtdışı Piyasalara Tahvil İhracı,ODA,https://www.kap.org.tr/tr/Bildirim/1444098
AKBNK,2025-05-30 19:08:53,Pay Dışında Sermaye Piyasası Aracı İşlemlerine İlişkin Bildirim (Faiz İçeren),Yurtdışı Piyasalara Tahvil İhracının Tamamlanması,ODA,https://www.kap.org.tr/tr/Bildirim/1444097
AKBNK,2025-05-30 19:08:41,Pay Dışında Sermaye Piyasası Aracı İşlemlerine İlişkin Bildirim (Faiz İçeren),Yurtdışı Piyasalara Tahvil İhracının Tamamlanması,ODA,https://www.kap.org.tr/tr/Bildirim/1444095
HALKB,2025-05-30 19:00:21,Finansal Duran Varlık Edinimi,Katılım Bankası Kuruluşu Hakkında,ODA,https://www.kap.org.tr/tr/Bildirim/1444086
GUBRF,2025-05-30 18:58:59,Payların Geri Alınmasına İlişkin Bildirim,Pay Geri Alım İşlemlerine İlişkin Bildirim,ODA,https://www.kap.org.tr/tr/Bildirim/1444083
GARAN,2025-05-30 18:06:54,Pay Dışında Sermaye Piyasası Aracı İşlemlerine İlişkin Bildirim (Faiz İçeren),Yurtdışı Piyasalara Tahvil İhracı SPK Onayı,ODA,https://www.kap.org.tr/tr/Bildirim/1443921
GARAN,2025-05-30 18:05:44,Pay Dışında Sermaye Piyasası Aracı İşlemlerine İlişkin Bildirim (Faiz İçeren),Yurtdışı Piyasalara Tahvil İhracı SPK Onayı,ODA,https://www.kap.org.tr/tr/Bildirim/1443919
GARAN,2025-05-30 18:05:27,Yatırım Kuruluşu Varant - Sertifika - Senetlerine İlişkin Bildirim,Yatırım Kuruluşu Varantları İtfa Fiyatları ,ODA,https://www.kap.org.tr/tr/Bildirim/1443918
GARAN,2025-05-30 18:04:41,Pay Dışında Sermaye Piyasası Aracı İşlemlerine İlişkin Bildirim (Faiz İçeren),Yurtdışı Piyasalara Tahvil İhracı SPK Onayı,ODA,https://www.kap.org.tr/tr/Bildirim/1443917
GARAN,2025-05-30 18:03:42,Kredi Derecelendirmesi,Fitch Ratings kredi derecelendirme notları hakkında,ODA,https://www.kap.org.tr/tr/Bildirim/1443914
VAKBN,2025-05-30 17:43:37,Borçlanma Araçlarının / Kira Sertifikalarının İşlem Görmeye Başlaması,Borçlanma Araçlarının / Kira Sertifikalarının İşlem Görmeye Başlaması,DKB,https://www.kap.org.tr/tr/Bildirim/1443889
EKGYO,2025-05-30 17:38:50,Özel Durum Açıklaması (Genel),Esenler Atışlanı 3. Etap 2. Oturum Sonucu,ODA,https://www.kap.org.tr/tr/Bildirim/1443886
GUBRF,2025-05-30 17:18:00,Kayıtlı Sermaye Tavanı İşlemlerine İlişkin Bildirim,Kayıtlı Sermaye Tavanının Tescili,ODA,https://www.kap.org.tr/tr/Bildirim/1443848
GUBRF,2025-05-30 17:14:18,Esas Sözleşme,Esas Sözleşme,DG,https://www.kap.org.tr/tr/Bildirim/1443847
GUBRF,2025-05-30 17:14:06,Bağımsız Denetim Kuruluşunun Belirlenmesi,Bağımsız Denetim Kuruluşu Seçiminin Tescili,ODA,https://www.kap.org.tr/tr/Bildirim/1443846
GUBRF,2025-05-30 17:13:52,Genel Kurul İşlemlerine İlişkin Bildirim,Genel Kurul Kararlarının Tescili,ODA,https://www.kap.org.tr/tr/Bildirim/1443845
MGROS,2025-05-30 16:40:37,Pay Mali Hak Kullanım İşlemi - Nakit Ödeme,Hak Kullanım İşlemleri,DKB,https://www.kap.org.tr/tr/Bildirim/1443819
TCELL,2025-05-30 16:21:06,Özel Durum Açıklaması (Genel),ABD Sermaye Piyasası Mevzuatı Uyarınca SEC'ye Yapılan Açıklama,ODA,https://www.kap.org.tr/tr/Bildirim/1443747
ISCTR,2025-05-30 16:09:17,Kredi Derecelendirmesi,Derecelendirme Notuna İlişkin,ODA,https://www.kap.org.tr/tr/Bildirim/1443679
ISCTR,2025-05-30 16:07:08,Şirket Genel Bilgi Formu,,DG,https://www.kap.org.tr/tr/Bildirim/1443677
SISE,2025-05-30 15:53:41,"Borçlanma Araçları, Yatırım Fonları ve Varant İtfa/Kupon/Getiri/ Nakdi Uzlaşı Ödeme İşlemleri","Borçlanma Araçları, Yatırım Fonları ve Varant İtfa/Kupon/Getiri/ Nakdi Uzlaşı Ödeme İşlemleri
",DKB,https://www.kap.org.tr/tr/Bildirim/1443670
ISCTR,2025-05-30 15:27:03,Pay Dışında Sermaye Piyasası Aracı İşlemlerine İlişkin Bildirim (Faiz İçeren),Yurtdışı Piyasalara Tahvil İhracı,ODA,https://www.kap.org.tr/tr/Bildirim/1443653
KONTR,2025-05-30 15:20:26,İhale Süreci / Sonucu,İhale Süreci,ODA,https://www.kap.org.tr/tr/Bildirim/1443651
SISE,2025-05-30 15:06:16,Pay Dışında Sermaye Piyasası Aracı İşlemlerine İlişkin Bildirim (Faiz İçeren),TRSSISE32613 Numaralı Tahvilin Kupon Ödemesi,ODA,https://www.kap.org.tr/tr/Bildirim/1443642
SISE,2025-05-30 15:04:19,Pay Dışında Sermaye Piyasası Aracı İşlemlerine İlişkin Bildirim (Faiz İçeren),TRSSISEA2511 Numaralı Tahvilin Kupon Ödemesi,ODA,https://www.kap.org.tr/tr/Bildirim/1443641
VAKBN,2025-05-30 14:52:33,Pay Dışında Sermaye Piyasası Aracı İşlemlerine İlişkin Bildirim (Faiz İçeren),TRFVKFB52546 ISIN kodlu T. Vakıflar Bankası T.A.O. Finansman Bonolarının İtfası,ODA,https://www.kap.org.tr/tr/Bildirim/1443635
EKGYO,2025-05-30 11:56:37,Özel Durum Açıklaması (Genel),"Emlak Konut GYO, Suudi Arabistan'da Yeni Şirket Kurdu",ODA,https://www.kap.org.tr/tr/Bildirim/1443553
GARAN,2025-05-30 11:38:21,İhraç Tavanına İlişkin Bildirim,"Tahvil, sermaye benzeri borçlanmalar, özkaynak hesaplamasına dahil edilecek borçlanma aracı ihracı SPK başvuru onayı",ODA,https://www.kap.org.tr/tr/Bildirim/1443542
GUBRF,2025-05-30 11:14:49,Pay Bazında Devre Kesici Bildirimi,GUBRF.E İşlem Sırasında Devre Kesici Uygulaması Başlamıştır,DKB,https://www.kap.org.tr/tr/Bildirim/1443525
ISCTR,2025-05-30 10:55:29,Pay Dışında Sermaye Piyasası Aracı İşlemlerine İlişkin Bildirim (Faiz İçeren),Yurtdışı Piyasalara Tahvil İhracı,ODA,https://www.kap.org.tr/tr/Bildirim/1443503
ISCTR,2025-05-30 10:53:43,Pay Dışında Sermaye Piyasası Aracı İşlemlerine İlişkin Bildirim (Faiz İçeren),Yurtdışı Piyasalara Tahvil İhracı,ODA,https://www.kap.org.tr/tr/Bildirim/1443501
PGSUS,2025-05-30 10:51:20,Kurumsal Yönetim İlkelerine Uyum Derecelendirmesi,Kurumsal Yönetim Derecelendirme Sözleşmesinin Yenilenmesi,ODA,https://www.kap.org.tr/tr/Bildirim/1443498
GUBRF,2025-05-30 10:11:07,Pay Bazında Devre Kesici Bildirimi,GUBRF.E İşlem Sırasında Devre Kesici Uygulaması Başlamıştır,DKB,https://www.kap.org.tr/tr/Bildirim/1443475
ASELS,2025-05-30 10:00:28,Yeni İş İlişkisi,Sözleşme İmzalanması,ODA,https://www.kap.org.tr/tr/Bildirim/1443460
SISE,2025-05-30 09:17:23,BISTECH Pay Piyasası Alım Satım Sistemi Duyurusu,Hak Kullanımı,DKB,https://www.kap.org.tr/tr/Bildirim/1443435
YKBNK,2025-05-29 23:01:12,Kredi Derecelendirmesi,Fitch Ratings kredi derecelendirme notları hakkında,ODA,https://www.kap.org.tr/tr/Bildirim/1443416
YKBNK,2025-05-29 22:54:22,Özel Durum Açıklaması (Genel),Sürdürülebilirlik sendikasyon kredisi anlaşması,ODA,https://www.kap.org.tr/tr/Bildirim/1443415
ASELS,2025-05-29 20:34:25,Kurumsal Yönetim Bilgi Formu (Güncelleme) - Yönetim Kurulu-1,2025 ASELSAN Kurumsal Yönetim Bilgi Formu-Güncelleme,DG,https://www.kap.org.tr/tr/Bildirim/1443404
ASELS,2025-05-29 20:31:55,Şirket Genel Bilgi Formu,,DG,https://www.kap.org.tr/tr/Bildirim/1443403
GUBRF,2025-05-29 20:10:53,Sorumluluk Beyanı (Konsolide),Sorumluluk Beyanı,FR,https://www.kap.org.tr/tr/Bildirim/1443390
GUBRF,2025-05-29 20:10:42,Faaliyet Raporu (Konsolide),Yönetim Kurulu Faaliyet Raporu 31032025,FR,https://www.kap.org.tr/tr/Bildirim/1443389
GUBRF,2025-05-29 20:10:30,Finansal Rapor,,FR,https://www.kap.org.tr/tr/Bildirim/1443388
PETKM,2025-05-29 20:10:06,Yönetim Kurulu Komiteleri,Yönetim Kurulu Komite Üyeliklerinin Belirlenmesi,ODA,https://www.kap.org.tr/tr/Bildirim/1443387
PETKM,2025-05-29 20:09:56,Özel Durum Açıklaması (Genel),Yönetim Kurulu Üyelerinin Görev Dağılımı,ODA,https://www.kap.org.tr/tr/Bildirim/1443386
PETKM,2025-05-29 20:09:45,Şirket Genel Bilgi Formu,,DG,https://www.kap.org.tr/tr/Bildirim/1443385
PETKM,2025-05-29 20:03:03,Kar Payı Dağıtım İşlemlerine İlişkin Bildirim,2024 Yılı Karının/Zararının Kullanım Şeklinin Belirlenmesi,ODA,https://www.kap.org.tr/tr/Bildirim/1443384
PETKM,2025-05-29 19:50:58,Genel Kurul İşlemlerine İlişkin Bildirim,Genel Kurul,ODA,https://www.kap.org.tr/tr/Bildirim/1443383
PETKM,2025-05-29 19:28:27,Bağımsız Denetim Kuruluşunun Belirlenmesi,Bağımsız Denetim Şirketi Seçimi,ODA,https://www.kap.org.tr/tr/Bildirim/1443379
ASELS,2025-05-29 19:26:23,Özel Durum Açıklaması (Genel),Yönetim Kurulu Komite Üyelerinin Seçimi,ODA,https://www.kap.org.tr/tr/Bildirim/1443377
ASELS,2025-05-29 19:19:54,Özel Durum Açıklaması (Genel),Yönetim Kurulu'nun Görev Dağılımı,ODA,https://www.kap.org.tr/tr/Bildirim/1443375
ASELS,2025-05-29 19:14:41,Kar Payı Dağıtım İşlemlerine İlişkin Bildirim,Kâr Payı Dağıtım,ODA,https://www.kap.org.tr/tr/Bildirim/1443371
KCHOL,2025-05-29 19:09:13,Kredi Derecelendirmesi,Kredi Derecelendirmesi,ODA,https://www.kap.org.tr/tr/Bildirim/1443369
ASELS,2025-05-29 19:05:26,Genel Kurul İşlemlerine İlişkin Bildirim,Olağan Genel Kurul Toplantısı Kararları,ODA,https://www.kap.org.tr/tr/Bildirim/1443365
SISE,2025-05-29 18:21:25,Pay Dışında Sermaye Piyasası Aracı İşlemlerine İlişkin Bildirim (Faiz İçeren),TRSSISE32613 ISIN Kodlu Tahvilin 5. Kupon Oranı,ODA,https://www.kap.org.tr/tr/Bildirim/1443325
AKBNK,2025-05-29 18:20:12,Pay Dışında Sermaye Piyasası Aracı İşlemlerine İlişkin Bildirim (Faiz İçeren),Yurtdışı Piyasalara Tahvil İhracı,ODA,https://www.kap.org.tr/tr/Bildirim/1443322
VAKBN,2025-05-29 18:19:39,Finansal Duran Varlık Satışı,Vakıf Gayrimenkul Değerleme AŞ Paylarının  Bir Kısmının Satılması Hakkında ,ODA,https://www.kap.org.tr/tr/Bildirim/1443318
TCELL,2025-05-29 18:16:30,Kredi Derecelendirmesi,KREDİ DERECELENDİRME BİLDİRİMİ,ODA,https://www.kap.org.tr/tr/Bildirim/1443312
GARAN,2025-05-29 18:10:27,Özel Durum Açıklaması (Genel),Tahsili gecikmiş alacak portföy satışı hk. ,ODA,https://www.kap.org.tr/tr/Bildirim/1443298
HALKB,2025-05-29 18:00:43,Şirket Genel Bilgi Formu,,DG,https://www.kap.org.tr/tr/Bildirim/1443293
VAKBN,2025-05-29 17:41:39,Pay Dışında Sermaye Piyasası Aracı İşlemlerine İlişkin Bildirim (Faiz İçeren),GMTN Programı Çerçevesinde Türkiye Dışında Sürdürülebilir Borçlanma Aracı İhracı SPK Onayı ,ODA,https://www.kap.org.tr/tr/Bildirim/1443277
EKGYO,2025-05-29 16:59:13,Özel Durum Açıklaması (Genel),İstanbul Esenler Atışalanı 3. Etap İhalesi 2. Oturum Tarihi,ODA,https://www.kap.org.tr/tr/Bildirim/1443248
SISE,2025-05-29 16:48:49,Hak Kullanımı,,DKB,https://www.kap.org.tr/tr/Bildirim/1443240
KRDMD,2025-05-29 16:29:36,Kredi Derecelendirmesi,Kredi Derecelendirme Notu Hk.,ODA,https://www.kap.org.tr/tr/Bildirim/1443224
YKBNK,2025-05-29 15:46:58,Pay Dışında Sermaye Piyasası Aracı İşlemlerine İlişkin Bildirim (Faiz İçeren),Yurtdışında borçlanma aracı ihracının tamamlanması,ODA,https://www.kap.org.tr/tr/Bildirim/1443203
YKBNK,2025-05-29 15:46:17,Pay Dışında Sermaye Piyasası Aracı İşlemlerine İlişkin Bildirim (Faiz İçeren),Yurtdışında ihraç edilen borçlanma aracının itfası,ODA,https://www.kap.org.tr/tr/Bildirim/1443201
KRDMD,2025-05-29 14:42:36,Kredi Derecelendirmesi,KREDİ DERECELENDİRME BİLDİRİMİ,ODA,https://www.kap.org.tr/tr/Bildirim/1443164
SAHOL,2025-05-29 12:00:08,Özel Durum Açıklaması (Genel),Chief Executive Officer ve Yönetim Kurulu Üyesi Ataması,ODA,https://www.kap.org.tr/tr/Bildirim/1443128
VAKBN,2025-05-29 11:32:44,Pay Dışında Sermaye Piyasası Aracı İşlemlerine İlişkin Bildirim (Faiz İçeren),Borçlanma Araçlarına İlişkin Satış Sonuçları Açıklaması,ODA,https://www.kap.org.tr/tr/Bildirim/1443110
ISCTR,2025-05-29 10:43:06,Pay Dışında Sermaye Piyasası Aracı İşlemlerine İlişkin Bildirim (Faiz İçeren),Tahvil kupon ödemesi ,ODA,https://www.kap.org.tr/tr/Bildirim/1443089
SASA,2025-05-29 10:26:51,Pay Bazında Devre Kesici Bildirimi,SASA.E İşlem Sırasında Devre Kesici Uygulaması Başlamıştır,DKB,https://www.kap.org.tr/tr/Bildirim/1443080
SAHOL,2025-05-29 09:30:20,Finansal Duran Varlık Satışı,DxBV tarafından Radiflow Paylarının Devredilmesi,ODA,https://www.kap.org.tr/tr/Bildirim/1443055
KRDMD,2025-05-28 18:35:15,Özel Durum Açıklaması (Genel),"İhracat Faaliyeti Hk.
",ODA,https://www.kap.org.tr/tr/Bildirim/1442994
ARCLK,2025-05-28 18:18:07,Payların Geri Alınmasına İlişkin Bildirim,Pay Geri Alım Programına İlişkin 3 yıllık Sürenin Dolması Nedeniyle Yapılan Bildirim,ODA,https://www.kap.org.tr/tr/Bildirim/1442969
YKBNK,2025-05-28 18:01:20,Özel Durum Açıklaması (Genel),Tahsili Gecikmiş Alacak Portföyü Alımı - İhaleye Konu Alacakların Devrine Yönelik Sözleşmenin İmza Sürecinin Tamamlanması,ODA,https://www.kap.org.tr/tr/Bildirim/1442950
GARAN,2025-05-28 18:00:28,Özel Durum Açıklaması (Genel),Tahsili Gecikmiş Alacak Portföyü Alımı,ODA,https://www.kap.org.tr/tr/Bildirim/1442946
AKBNK,2025-05-28 18:00:24,Pay Dışında Sermaye Piyasası Aracı İşlemlerine İlişkin Bildirim (Faiz İçeren),Yurtdışı Piyasalara Tahvil İhracı,ODA,https://www.kap.org.tr/tr/Bildirim/1442945
AKBNK,2025-05-28 18:00:12,Pay Dışında Sermaye Piyasası Aracı İşlemlerine İlişkin Bildirim (Faiz İçeren),Yurtdışı Piyasalara Tahvil İhracı,ODA,https://www.kap.org.tr/tr/Bildirim/1442943
AKBNK,2025-05-28 17:59:59,Şirket Genel Bilgi Formu,,DG,https://www.kap.org.tr/tr/Bildirim/1442941
SASA,2025-05-28 17:15:01,Pay Bazında Devre Kesici Bildirimi,SASA.E İşlem Sırasında Devre Kesici Uygulaması Başlamıştır,DKB,https://www.kap.org.tr/tr/Bildirim/1442872
CIMSA,2025-05-28 16:21:25,Pay Bazında Devre Kesici Bildirimi,CIMSA.E İşlem Sırasında Devre Kesici Uygulaması Başlamıştır,DKB,https://www.kap.org.tr/tr/Bildirim/1442836
EKGYO,2025-05-28 09:39:18,Esas Sözleşme,Esas Sözleşme Değişikliği hk.,DG,https://www.kap.org.tr/tr/Bildirim/1442649
EKGYO,2025-05-28 09:39:04,Kayıtlı Sermaye Tavanı İşlemlerine İlişkin Bildirim,Kayıtlı Sermaye Tavanı Artırımı Tescili,ODA,https://www.kap.org.tr/tr/Bildirim/1442648
MGROS,2025-05-28 09:17:33,BISTECH Pay Piyasası Alım Satım Sistemi Duyurusu,Hak Kullanımı,DKB,https://www.kap.org.tr/tr/Bildirim/1442637
AKBNK,2025-06-10 21:09:24,Pay Dışında Sermaye Piyasası Aracı İşlemlerine İlişkin Bildirim (Faiz İçeren),Yurtdışı Piyasalara Tahvil İhracı,ODA,https://www.kap.org.tr/tr/Bildirim/1447106
AKBNK,2025-06-10 21:09:13,Pay Dışında Sermaye Piyasası Aracı İşlemlerine İlişkin Bildirim (Faiz İçeren),Yurtdışı Piyasalara Tahvil İhracının Tamamlanması,ODA,https://www.kap.org.tr/tr/Bildirim/1447105
HALKB,2025-06-10 17:44:46,Pay Dışında Sermaye Piyasası Aracı İşlemlerine İlişkin Bildirim (Faiz İçeren),Yurtiçinde Nitelikli Yatırımcılara Sermaye Benzeri Tahvil Kupon Oranı,ODA,https://www.kap.org.tr/tr/Bildirim/1446930
THYAO,2025-06-10 17:33:14,Şirket Genel Bilgi Formu,,DG,https://www.kap.org.tr/tr/Bildirim/1446920
THYAO,2025-06-10 17:32:58,Esas Sözleşme,Güncel Esas Sözleşme,DG,https://www.kap.org.tr/tr/Bildirim/1446919
VAKBN,2025-06-10 17:06:04,"Borçlanma Araçları, Yatırım Fonları ve Varant İtfa/Kupon/Getiri/ Nakdi Uzlaşı Ödeme İşlemleri","Borçlanma Araçları, Yatırım Fonları ve Varant İtfa/Kupon/Getiri/ Nakdi Uzlaşı Ödeme İşlemleri",DKB,https://www.kap.org.tr/tr/Bildirim/1446853
VAKBN,2025-06-10 17:02:19,Şirket Genel Bilgi Formu,,DG,https://www.kap.org.tr/tr/Bildirim/1446822
MGROS,2025-06-10 16:53:39,Borsada İşlem Gören Tipe Dönüşüm Duyurusu,DÖNÜŞÜM,DKB,https://www.kap.org.tr/tr/Bildirim/1446799
YKBNK,2025-06-10 16:44:52,Pay Dışında Sermaye Piyasası Aracı İşlemlerine İlişkin Bildirim (Faiz İçeren),Yurtdışında borçlanma aracı ihracının tamamlanması,ODA,https://www.kap.org.tr/tr/Bildirim/1446793
YKBNK,2025-06-10 16:44:26,Pay Dışında Sermaye Piyasası Aracı İşlemlerine İlişkin Bildirim (Faiz İçeren),Yurtdışında borçlanma aracı ihracının tamamlanması,ODA,https://www.kap.org.tr/tr/Bildirim/1446792
YKBNK,2025-06-10 16:44:11,Pay Dışında Sermaye Piyasası Aracı İşlemlerine İlişkin Bildirim (Faiz İçeren),Yurtdışında borçlanma aracı ihracının tamamlanması,ODA,https://www.kap.org.tr/tr/Bildirim/1446791
YKBNK,2025-06-10 16:43:56,Pay Dışında Sermaye Piyasası Aracı İşlemlerine İlişkin Bildirim (Faiz İçeren),Yurtdışında borçlanma aracı ihracının tamamlanması,ODA,https://www.kap.org.tr/tr/Bildirim/1446790
TAVHL,2025-06-10 15:27:01,Özel Durum Açıklaması (Genel),Yatırımcı Bülteni (Mayıs 2025),ODA,https://www.kap.org.tr/tr/Bildirim/1446629
VAKBN,2025-06-10 13:06:52,Pay Dışında Sermaye Piyasası Aracı İşlemlerine İlişkin Bildirim (Faiz İçeren),Yurtiçinde Nitelikli Yatırımcılara Sermaye Benzeri Tahvil 31. Kupon Ödemesi ,ODA,https://www.kap.org.tr/tr/Bildirim/1446507
ISCTR,2025-06-10 12:22:43,Pay Dışında Sermaye Piyasası Aracı İşlemlerine İlişkin Bildirim (Faiz İçeren),Yurtiçi TL cinsi katkı sermaye hesaplamasına dahil edilecek borçlanma aracı kupon oranı açıklaması ,ODA,https://www.kap.org.tr/tr/Bildirim/1446493
YKBNK,2025-06-10 11:50:50,Pay Dışında Sermaye Piyasası Aracı İşlemlerine İlişkin Bildirim (Faiz İçeren),Yurtdışında ihraç edilen borçlanma aracının itfası,ODA,https://www.kap.org.tr/tr/Bildirim/1446468
TAVHL,2025-06-09 13:43:30,Pay Dışında Sermaye Piyasası Aracı İşlemlerine İlişkin Bildirim (Faiz İçeren),Yurt Dışı Tahvil 3. Kupon Ödemesi,ODA,https://www.kap.org.tr/tr/Bildirim/1446317
AKBNK,2025-06-05 21:58:40,Pay Dışında Sermaye Piyasası Aracı İşlemlerine İlişkin Bildirim (Faiz İçeren),Yurtdışı Piyasalara Tahvil İhracının Tamamlanması,ODA,https://www.kap.org.tr/tr/Bildirim/1446308
YKBNK,2025-06-05 15:37:59,Pay Dışında Sermaye Piyasası Aracı İşlemlerine İlişkin Bildirim (Faiz İçeren),Yurtdışında borçlanma aracı ihracının tamamlanması,ODA,https://www.kap.org.tr/tr/Bildirim/1446268
YKBNK,2025-06-05 10:53:10,Pay Dışında Sermaye Piyasası Aracı İşlemlerine İlişkin Bildirim (Faiz İçeren),Yurtdışında ihraç edilen borçlanma aracının itfası,ODA,https://www.kap.org.tr/tr/Bildirim/1446179
YKBNK,2025-06-05 10:52:50,Pay Dışında Sermaye Piyasası Aracı İşlemlerine İlişkin Bildirim (Faiz İçeren),Yurtdışında ihraç edilen borçlanma aracının itfası,ODA,https://www.kap.org.tr/tr/Bildirim/1446178
TKFEN,2025-06-05 09:15:42,Kamuyu Aydınlatma Platformu Duyurusu,Özel Durumlar Tebliği'nin 12-(4). maddesi gereğince yapılan açıklama,DKB,https://www.kap.org.tr/tr/Bildirim/1446139
TKFEN,2025-06-05 09:07:38,Pay Alım Satım Bildirimi,"Pay Alım Satım Bildirimi
",DKB,https://www.kap.org.tr/tr/Bildirim/1446134
KONTR,2025-06-04 20:56:25,İhraç Tavanına İlişkin Bildirim,Yurt Dışı Borçlanma Aracı İhracına İlişkin Yönetim Kurulu Kararı ve SPK Başvurusu,ODA,https://www.kap.org.tr/tr/Bildirim/1446107
MGROS,2025-06-04 19:27:06,Özel Durum Açıklaması (Genel),Mayıs 2025 Mağaza Açılışları,ODA,https://www.kap.org.tr/tr/Bildirim/1446092
AKBNK,2025-06-04 19:19:08,Pay Dışında Sermaye Piyasası Aracı İşlemlerine İlişkin Bildirim (Faiz İçeren),Yurtdışı Piyasalara Tahvil İhracının Tamamlanması,ODA,https://www.kap.org.tr/tr/Bildirim/1446085
AKBNK,2025-06-04 19:18:55,Pay Dışında Sermaye Piyasası Aracı İşlemlerine İlişkin Bildirim (Faiz İçeren),Yurtdışı Piyasalara Tahvil İhracı,ODA,https://www.kap.org.tr/tr/Bildirim/1446084
HALKB,2025-06-04 19:17:08,Finansal Duran Varlık Edinimi,Halk Katılım Bankası A.Ş. Kuruluş İzni,ODA,https://www.kap.org.tr/tr/Bildirim/1446083
KRDMD,2025-06-04 18:37:18,BIST Pay Endeksleri,BIST Geri Alım Endeksi Dönemsel Endeks Değişiklikleri,DKB,https://www.kap.org.tr/tr/Bildirim/1446053
YKBNK,2025-06-04 18:16:33,Ortaklık Aleyhine Dava Açılması veya Davaya İlişkin Gelişmeler,Genel Kurul tarafından bedelsiz sermaye artırımı kararının alınmamış olması sebebiyle açılan davanın reddi,ODA,https://www.kap.org.tr/tr/Bildirim/1446023
HALKB,2025-06-04 18:13:39,Finansal Duran Varlık Edinimi,Halk Katılım Bankası A.Ş. Kuruluş İzni,ODA,https://www.kap.org.tr/tr/Bildirim/1446018
THYAO,2025-06-04 17:25:35,Kayıtlı Sermaye Tavanı İşlemlerine İlişkin Bildirim,Kayıtlı Sermaye Tavanının Artırılması ve Süresinin Uzatılmasına İlişkin Esas Sözleşme Değişikliğinin Tescili,ODA,https://www.kap.org.tr/tr/Bildirim/1445942
GARAN,2025-06-04 17:22:53,"Borçlanma Araçları, Yatırım Fonları ve Varant İtfa/Kupon/Getiri/ Nakdi Uzlaşı Ödeme İşlemleri","Borçlanma Araçları, Yatırım Fonları ve Varant İtfa/Kupon/Getiri/Nakdi Uzlaşı Ödeme İşlemleri",DKB,https://www.kap.org.tr/tr/Bildirim/1445918
KONTR,2025-06-04 17:22:53,"Borçlanma Araçları, Yatırım Fonları ve Varant İtfa/Kupon/Getiri/ Nakdi Uzlaşı Ödeme İşlemleri","Borçlanma Araçları, Yatırım Fonları ve Varant İtfa/Kupon/Getiri/Nakdi Uzlaşı Ödeme İşlemleri",DKB,https://www.kap.org.tr/tr/Bildirim/1445918
THYAO,2025-06-04 17:18:09,Esas Sözleşme Tadili,Esas Sözleşme Tadilinin Tescili,ODA,https://www.kap.org.tr/tr/Bildirim/1445891
THYAO,2025-06-04 17:15:10,Genel Kurul İşlemlerine İlişkin Bildirim,Olağan Genel Kurul Toplantı Kararlarının Tescili,ODA,https://www.kap.org.tr/tr/Bildirim/1445888
MGROS,2025-06-04 17:11:06,Borsada İşlem Gören Tipe Dönüşüm Duyurusu,DÖNÜŞÜM,DKB,https://www.kap.org.tr/tr/Bildirim/1445887
YKBNK,2025-06-04 16:48:51,Şirket Genel Bilgi Formu,,DG,https://www.kap.org.tr/tr/Bildirim/1445870
YKBNK,2025-06-04 16:48:35,Pay Dışında Sermaye Piyasası Aracı İşlemlerine İlişkin Bildirim (Faiz İçeren),Yurtdışında borçlanma aracı ihracının tamamlanması,ODA,https://www.kap.org.tr/tr/Bildirim/1445869
YKBNK,2025-06-04 16:48:17,Pay Dışında Sermaye Piyasası Aracı İşlemlerine İlişkin Bildirim (Faiz İçeren),Yurtdışında borçlanma aracı ihracının tamamlanması,ODA,https://www.kap.org.tr/tr/Bildirim/1445868
YKBNK,2025-06-04 16:48:01,Pay Dışında Sermaye Piyasası Aracı İşlemlerine İlişkin Bildirim (Faiz İçeren),Yurtdışında borçlanma aracı ihracının tamamlanması,ODA,https://www.kap.org.tr/tr/Bildirim/1445867
YKBNK,2025-06-04 16:47:38,Pay Dışında Sermaye Piyasası Aracı İşlemlerine İlişkin Bildirim (Faiz İçeren),Yurtdışında borçlanma aracı ihracının tamamlanması,ODA,https://www.kap.org.tr/tr/Bildirim/1445865
YKBNK,2025-06-04 16:47:20,Pay Dışında Sermaye Piyasası Aracı İşlemlerine İlişkin Bildirim (Faiz İçeren),Yurtdışında borçlanma aracı ihracının tamamlanması,ODA,https://www.kap.org.tr/tr/Bildirim/1445864
ODAS,2025-06-04 14:06:09,Özel Durum Açıklaması (Genel),Antimuan ve Turizm Faaliyetleri Hakkında,ODA,https://www.kap.org.tr/tr/Bildirim/1445730
KONTR,2025-06-04 13:31:41,Pay Dışında Sermaye Piyasası Aracı İşlemlerine İlişkin Bildirim (Faiz İçeren),TRFKNTR92512 ISIN Kodlu Finansman Bonosunun 1. Kupon Ödemesi,ODA,https://www.kap.org.tr/tr/Bildirim/1445722
KONTR,2025-06-04 13:31:25,Pay Dışında Sermaye Piyasası Aracı İşlemlerine İlişkin Bildirim (Faiz İçeren),TRFKNTR32617 ISIN Kodlu Finansman Bonosunun 1. Kupon Ödemesi,ODA,https://www.kap.org.tr/tr/Bildirim/1445721
KONTR,2025-06-04 13:31:12,Pay Dışında Sermaye Piyasası Aracı İşlemlerine İlişkin Bildirim (Faiz İçeren),TRSKNTR32719 ISIN Kodlu Tahvilin 1. Kupon Ödemesi,ODA,https://www.kap.org.tr/tr/Bildirim/1445720
KONTR,2025-06-04 13:30:59,Pay Dışında Sermaye Piyasası Aracı İşlemlerine İlişkin Bildirim (Faiz İçeren),TRSKNTR32610 ISIN Kodlu Tahvilin 5. Kupon Ödemesi,ODA,https://www.kap.org.tr/tr/Bildirim/1445719
GARAN,2025-06-04 09:19:28,Özel Durum Açıklaması (Genel),Sendikasyon kredisi hakkında,ODA,https://www.kap.org.tr/tr/Bildirim/1445467
TKFEN,2025-06-17 21:52:42,Kar Payı Dağıtım İşlemlerine İlişkin Bildirim,Kar Payı Dağıtımına İlişkin Genel Kurulu Kararı,ODA,https://www.kap.org.tr/tr/Bildirim/1449593
TKFEN,2025-06-17 21:09:36,Genel Kurul İşlemlerine İlişkin Bildirim,2024 yılı Olağan Genel Kurul Toplantısının Ertelenen Maddelerine Dair Yapılan Olağanüstü Genel  Kurul Toplantı Sonucu,ODA,https://www.kap.org.tr/tr/Bildirim/1449587
AKBNK,2025-06-17 17:25:45,Pay Dışında Sermaye Piyasası Aracı İşlemlerine İlişkin Bildirim (Faiz İçeren),Yurtdışı Piyasalara Tahvil İhracının Tamamlanması,ODA,https://www.kap.org.tr/tr/Bildirim/1449507
AKBNK,2025-06-17 17:25:35,Pay Dışında Sermaye Piyasası Aracı İşlemlerine İlişkin Bildirim (Faiz İçeren),Yurtdışı Piyasalara Tahvil İhracı,ODA,https://www.kap.org.tr/tr/Bildirim/1449506
BIMAS,2025-06-17 17:05:40,Hak Kullanımı,,DKB,https://www.kap.org.tr/tr/Bildirim/1449490
TCELL,2025-06-17 14:39:04,İhraç Belgesi,Yurt İçinde Borçlanma Aracı İhracına İlişkin SPK Onayı   ,DG,https://www.kap.org.tr/tr/Bildirim/1449372
TKFEN,2025-06-17 09:08:59,Pay Alım Satım Bildirimi,"Pay Alım Satım Bildirimi
",DKB,https://www.kap.org.tr/tr/Bildirim/1449289
TCELL,2025-06-16 21:10:22,İhraç Tavanına İlişkin Bildirim,Yurt İçinde Borçlanma Aracı İhracına İlişkin SPK Onayı,ODA,https://www.kap.org.tr/tr/Bildirim/1449268
TKFEN,2025-06-16 20:39:51,Kar Payı Dağıtım İşlemlerine İlişkin Bildirim,Kar Payı Dağıtım Tarihi Önerisi Değişikliği,ODA,https://www.kap.org.tr/tr/Bildirim/1449265
AKBNK,2025-06-16 19:27:29,Pay Dışında Sermaye Piyasası Aracı İşlemlerine İlişkin Bildirim (Faiz İçeren),Yurtdışı Piyasalara Tahvil İhracının Tamamlanması,ODA,https://www.kap.org.tr/tr/Bildirim/1449260
AKBNK,2025-06-16 19:27:13,Pay Dışında Sermaye Piyasası Aracı İşlemlerine İlişkin Bildirim (Faiz İçeren),XS2842977923 ISIN Kodlu Tahvilin İtfası,ODA,https://www.kap.org.tr/tr/Bildirim/1449259
GARAN,2025-06-16 18:10:54,Özel Durum Açıklaması (Genel),Tahsili gecikmiş alacak portföy satışı hk.,ODA,https://www.kap.org.tr/tr/Bildirim/1449219
ISCTR,2025-06-16 14:35:28,Şirket Genel Bilgi Formu,,DG,https://www.kap.org.tr/tr/Bildirim/1448955
AKBNK,2025-06-16 11:01:25,Özel Durum Açıklaması (Genel),Takipteki Kredi Alacakları Portföyünün Satışı,ODA,https://www.kap.org.tr/tr/Bildirim/1448908
ISCTR,2025-06-16 10:40:17,Pay Dışında Sermaye Piyasası Aracı İşlemlerine İlişkin Bildirim (Faiz İçeren),Yurtdışı Piyasalara Tahvil İhracı,ODA,https://www.kap.org.tr/tr/Bildirim/1448905
EKGYO,2025-06-16 09:21:17,BISTECH Pay Piyasası Alım Satım Sistemi Duyurusu,Hak Kullanımı,DKB,https://www.kap.org.tr/tr/Bildirim/1448874
THYAO,2025-06-16 09:21:17,BISTECH Pay Piyasası Alım Satım Sistemi Duyurusu,Hak Kullanımı,DKB,https://www.kap.org.tr/tr/Bildirim/1448874
EKGYO,2025-06-16 08:37:56,Özel Durum Açıklaması (Genel),Muğla Bodrum Ortakent 1. Etap İhale İlanı,ODA,https://www.kap.org.tr/tr/Bildirim/1448865
AKBNK,2025-06-13 23:15:29,Özel Durum Açıklaması (Genel),"İhale sonrası Devir ve Temlik İşlemlerinin tamamlanması hk.
",ODA,https://www.kap.org.tr/tr/Bildirim/1448862
PGSUS,2025-06-13 20:00:54,Kredi Derecelendirmesi,Kredi Derecelendirmesi Gözden Geçirme - Fitch,ODA,https://www.kap.org.tr/tr/Bildirim/1448854
HALKB,2025-06-13 19:02:00,Şirket Genel Bilgi Formu,,DG,https://www.kap.org.tr/tr/Bildirim/1448846
AKBNK,2025-06-13 18:52:17,Pay Dışında Sermaye Piyasası Aracı İşlemlerine İlişkin Bildirim (Faiz İçeren),Yurtdışı Piyasalara Tahvil İhracı,ODA,https://www.kap.org.tr/tr/Bildirim/1448844
AKBNK,2025-06-13 18:52:04,Pay Dışında Sermaye Piyasası Aracı İşlemlerine İlişkin Bildirim (Faiz İçeren),Yurtdışı Piyasalara Tahvil İhracının Tamamlanması,ODA,https://www.kap.org.tr/tr/Bildirim/1448843
TOASO,2025-06-13 18:38:14,Şirket Genel Bilgi Formu,,DG,https://www.kap.org.tr/tr/Bildirim/1448837
TOASO,2025-06-13 18:37:58,Özel Durum Açıklaması (Genel),Yönetim Kurulu Üye Değişikliği,ODA,https://www.kap.org.tr/tr/Bildirim/1448836
FROTO,2025-06-13 18:24:58,Şirket Genel Bilgi Formu,,DG,https://www.kap.org.tr/tr/Bildirim/1448821
FROTO,2025-06-13 18:24:16,Özel Durum Açıklaması (Genel),Yönetim Kurulu Üyesinin Görevinden Ayrılması,ODA,https://www.kap.org.tr/tr/Bildirim/1448819
YKBNK,2025-06-13 18:23:17,Şirket Genel Bilgi Formu,,DG,https://www.kap.org.tr/tr/Bildirim/1448817
TUPRS,2025-06-13 18:22:43,Bilgilendirme Politikası,Bilgilendirme Politikası Güncellemesi,ODA,https://www.kap.org.tr/tr/Bildirim/1448816
TUPRS,2025-06-13 18:22:04,Özel Durum Açıklaması (Genel),Kurumsal Yönetim Komitesi ve Risk Yönetim Komitesi Çalışma Esaslarının Güncellenmesi ve Çevre Yönetim Politikasının Yayımlanması,ODA,https://www.kap.org.tr/tr/Bildirim/1448815
MGROS,2025-06-13 18:17:41,Kredi Derecelendirmesi,JCR-ER Kredi Derecelendirme Notu Açıklaması,ODA,https://www.kap.org.tr/tr/Bildirim/1448807
MGROS,2025-06-13 18:15:41,Kredi Derecelendirmesi,KREDİ DERECELENDİRME BİLDİRİMİ,ODA,https://www.kap.org.tr/tr/Bildirim/1448801
VAKBN,2025-06-13 18:10:06,Payların Geri Alınmasına İlişkin Bildirim,Pay Alım Bildirimi,ODA,https://www.kap.org.tr/tr/Bildirim/1448792
EKGYO,2025-06-13 16:50:09,Hak Kullanımı,,DKB,https://www.kap.org.tr/tr/Bildirim/1448770
THYAO,2025-06-13 16:50:09,Hak Kullanımı,,DKB,https://www.kap.org.tr/tr/Bildirim/1448770
KONTR,2025-06-13 15:35:36,İhale Süreci / Sonucu,Kazanılan İhalede Sözleşme İmzalanması,ODA,https://www.kap.org.tr/tr/Bildirim/1448693
KONTR,2025-06-13 15:19:24,Kurumsal Yönetim İlkelerine Uyum Derecelendirmesi,Kurumsal Yönetim İlkelerine Uyum Derecelendirme Sözleşmesinin Yenilenmesi,ODA,https://www.kap.org.tr/tr/Bildirim/1448685
ASELS,2025-06-13 13:00:58,Pay Bazında Devre Kesici Bildirimi,ASELS.E İşlem Sırasında Devre Kesici Uygulaması Başlamıştır,DKB,https://www.kap.org.tr/tr/Bildirim/1448560
ARCLK,2025-06-13 11:17:53,Pay Dışında Sermaye Piyasası Aracı İşlemlerine İlişkin Bildirim (Faiz İçeren),Finansman Bonosu İhracı- Satışın Tamamlanması,ODA,https://www.kap.org.tr/tr/Bildirim/1448505
AKBNK,2025-06-13 09:41:34,Pay Dışında Sermaye Piyasası Aracı İşlemlerine İlişkin Bildirim (Faiz İçeren),Yurt Dışında İpotek Teminatlı Menkul Kıymet İhracı,ODA,https://www.kap.org.tr/tr/Bildirim/1448392
GARAN,2025-06-13 09:25:49,Özel Durum Açıklaması (Genel),Tahsili Gecikmiş Alacak Portföyü Alımı,ODA,https://www.kap.org.tr/tr/Bildirim/1448389
GARAN,2025-06-13 09:23:18,Özel Durum Açıklaması (Genel),Tahsili Gecikmiş Alacak Portföyü Alımı,ODA,https://www.kap.org.tr/tr/Bildirim/1448385
ARCLK,2025-06-13 08:25:08,Pay Dışında Sermaye Piyasası Aracı İşlemlerine İlişkin Bildirim (Faiz İçeren),Borçlanma Aracı İhracı Talep Toplama,ODA,https://www.kap.org.tr/tr/Bildirim/1448372
AKBNK,2025-06-12 19:10:10,Pay Dışında Sermaye Piyasası Aracı İşlemlerine İlişkin Bildirim (Faiz İçeren),Yurtdışı Piyasalara Tahvil İhracının Tamamlanması,ODA,https://www.kap.org.tr/tr/Bildirim/1448334
AKBNK,2025-06-12 19:09:50,Pay Dışında Sermaye Piyasası Aracı İşlemlerine İlişkin Bildirim (Faiz İçeren),Yurtdışı Piyasalara Tahvil İhracı,ODA,https://www.kap.org.tr/tr/Bildirim/1448333
AKBNK,2025-06-12 19:09:21,Pay Dışında Sermaye Piyasası Aracı İşlemlerine İlişkin Bildirim (Faiz İçeren),Yurtdışı Piyasalara Tahvil İhracı,ODA,https://www.kap.org.tr/tr/Bildirim/1448332
PGSUS,2025-06-12 18:48:51,Özel Durum Açıklaması (Genel),2025 yılı Mayıs ayı trafik verileri ve karbon emisyonu istatistikleri ektedir.,ODA,https://www.kap.org.tr/tr/Bildirim/1448317
HALKB,2025-06-12 17:41:46,Borçlanma Araçlarının / Kira Sertifikalarının İşlem Görmeye Başlaması,Borçlanma Araçlarının / Kira Sertifikalarının İşlem Görmeye Başlaması,DKB,https://www.kap.org.tr/tr/Bildirim/1448255
HALKB,2025-06-12 15:21:06,"Borçlanma Araçları, Yatırım Fonları ve Varant İtfa/Kupon/Getiri/ Nakdi Uzlaşı Ödeme İşlemleri","Borçlanma Araçları, Yatırım Fonları ve Varant İtfa/Kupon/Getiri/ Nakdi Uzlaşı Ödeme İşlemleri",DKB,https://www.kap.org.tr/tr/Bildirim/1448068
ISCTR,2025-06-12 15:06:41,Şirket Genel Bilgi Formu,,DG,https://www.kap.org.tr/tr/Bildirim/1448066
EKGYO,2025-06-12 14:53:10,Pay Dışında Sermaye Piyasası Aracı İşlemlerine İlişkin Bildirim (Faizsiz),Yurtiçi Kira Sertifikası İtfa ve Getiri Ödemesi,ODA,https://www.kap.org.tr/tr/Bildirim/1448056
HALKB,2025-06-12 14:21:04,Pay Dışında Sermaye Piyasası Aracı İşlemlerine İlişkin Bildirim (Faiz İçeren),Finansman Bonosu İhracına İlişkin Nitelikli Yatırımcıya Satışın Tamamlanması,ODA,https://www.kap.org.tr/tr/Bildirim/1448050
HALKB,2025-06-12 11:17:37,Pay Dışında Sermaye Piyasası Aracı İşlemlerine İlişkin Bildirim (Faiz İçeren),Borçlanma Aracı İhracının İtfası,ODA,https://www.kap.org.tr/tr/Bildirim/1447972
SASA,2025-06-12 09:20:23,Pay Alım Satım Bildirimi,Pay Alım Satım Bildirimi,DKB,https://www.kap.org.tr/tr/Bildirim/1447905
EKGYO,2025-06-11 18:50:49,Pay Dışında Sermaye Piyasası Aracı İşlemlerine İlişkin Bildirim (Faizsiz),Yurtiçi Kira Sertifikası İhracı Nitelikli Yatırımcıya Satışın Tamamlanması Hk.,ODA,https://www.kap.org.tr/tr/Bildirim/1447779
AKBNK,2025-06-11 18:23:40,Tertip İhraç Belgesi,Yurt Dışında İTMK İhraç Edilmesine İlişkin SPK Onayı,DG,https://www.kap.org.tr/tr/Bildirim/1447743
AKBNK,2025-06-11 18:23:24,Pay Dışında Sermaye Piyasası Aracı İşlemlerine İlişkin Bildirim (Faiz İçeren),Yurtdışı Piyasalara Tahvil İhracı,ODA,https://www.kap.org.tr/tr/Bildirim/1447738
AKBNK,2025-06-11 18:23:12,Pay Dışında Sermaye Piyasası Aracı İşlemlerine İlişkin Bildirim (Faiz İçeren),Yurtdışı Piyasalara Tahvil İhracının Tamamlanması,ODA,https://www.kap.org.tr/tr/Bildirim/1447737
EKGYO,2025-06-11 18:15:57,Kredi Derecelendirmesi,KREDİ DERECELENDİRME BİLDİRİMİ,ODA,https://www.kap.org.tr/tr/Bildirim/1447729
YKBNK,2025-06-11 18:15:07,Özel Durum Açıklaması (Genel),Bağlı Ortaklık Sermaye Artışına Katılım,ODA,https://www.kap.org.tr/tr/Bildirim/1447728
GARAN,2025-06-11 18:11:53,Özel Durum Açıklaması (Genel),Tahsili Gecikmiş Alacak Portföyü Alımı-İhaleye Konu Alacakların Devrine Yönelik Sözleşmenin İmza Sürecinin Tamamlanması,ODA,https://www.kap.org.tr/tr/Bildirim/1447726
EREGL,2025-06-11 18:11:20,Özel Durum Açıklaması (Genel),Rezerv Tespit Çalışmasına İlişkin Gelişmeler,ODA,https://www.kap.org.tr/tr/Bildirim/1447725
AKBNK,2025-06-11 18:00:26,Özel Durum Açıklaması (Genel),Tahsili Gecikmiş Alacak Portföyü Alımı - İhaleye Konu Alacakların Devrine Yönelik Sözleşmenin İmza Sürecinin Tamamlanması,ODA,https://www.kap.org.tr/tr/Bildirim/1447720
HALKB,2025-06-11 17:43:00,"Borçlanma Araçları, Yatırım Fonları ve Varant İtfa/Kupon/Getiri/ Nakdi Uzlaşı Ödeme İşlemleri","Borçlanma Araçları, Yatırım Fonları ve Varant İtfa/Kupon/Getiri/ Nakdi Uzlaşı Ödeme İşlemleri",DKB,https://www.kap.org.tr/tr/Bildirim/1447700
ISCTR,2025-06-11 17:31:15,İhraç Belgesi,Yurt Dışında İpotek Teminatlı Menkul Kıymet İhracına İlişkin İhraç Belgesi,DG,https://www.kap.org.tr/tr/Bildirim/1447691
ISCTR,2025-06-11 17:31:01,İhraç Tavanına İlişkin Bildirim,Yurt Dışında İpotek Teminatlı Menkul Kıymet İhracına SPK Onayı Hakkında,ODA,https://www.kap.org.tr/tr/Bildirim/1447690
AKBNK,2025-06-11 17:20:19,Borsada İşlem Gören Tipe Dönüşüm Duyurusu,DÖNÜŞÜM,DKB,https://www.kap.org.tr/tr/Bildirim/1447671
THYAO,2025-06-11 15:03:22,Özel Durum Açıklaması (Genel),Mayıs 2025 Trafik Sonuçları,ODA,https://www.kap.org.tr/tr/Bildirim/1447442
YKBNK,2025-06-11 13:29:16,Pay Dışında Sermaye Piyasası Aracı İşlemlerine İlişkin Bildirim (Faiz İçeren),Yurtdışında ihraç edilen borçlanma aracının itfası,ODA,https://www.kap.org.tr/tr/Bildirim/1447334
ISCTR,2025-06-11 12:37:14,Pay Dışında Sermaye Piyasası Aracı İşlemlerine İlişkin Bildirim (Faiz İçeren),Yurtiçi TL cinsi katkı sermaye hesaplamasına dahil edilecek borçlanma aracı kupon ödemesi ,ODA,https://www.kap.org.tr/tr/Bildirim/1447296
HALKB,2025-06-11 11:56:37,Pay Dışında Sermaye Piyasası Aracı İşlemlerine İlişkin Bildirim (Faiz İçeren),Yurtiçinde Nitelikli Yatırımcılara Sermaye Benzeri Tahvil Kupon İtfası,ODA,https://www.kap.org.tr/tr/Bildirim/1447251
TKFEN,2025-06-11 11:50:52,Endekslerde Kullanılan Fiili Dolaşımdaki Pay Oranı Değişiklikleri,-,DKB,https://www.kap.org.tr/tr/Bildirim/1447250
ISCTR,2025-06-11 09:38:42,Özel Durum Açıklaması (Genel),Sendikasyon Kredisi Hakkında ,ODA,https://www.kap.org.tr/tr/Bildirim/1447136
KCHOL,2025-06-24 22:42:48,Özel Durum Açıklaması (Genel),Divan Talya Oteli Yatırım Planı ve Takvim Revizyonu,ODA,https://www.kap.org.tr/tr/Bildirim/1451601
ISCTR,2025-06-24 19:17:57,Ortaklık Aleyhine Dava Açılması veya Davaya İlişkin Gelişmeler,Bankamıza Açılan Dava Hakkında,ODA,https://www.kap.org.tr/tr/Bildirim/1451582
KONTR,2025-06-24 19:16:35,Sermaye Artırımı - Azaltımı İşlemlerine İlişkin Bildirim,Bedelli Sermaye Artırımına ilişkin Yönetim Kurulu Kararı,ODA,https://www.kap.org.tr/tr/Bildirim/1451581
ISCTR,2025-06-24 18:18:26,Pay Alım Satım Bildirimi,Türkiye Şişe ve Cam Fabrikaları A.Ş. Pay Alım İşlemleri Hakkında,ODA,https://www.kap.org.tr/tr/Bildirim/1451546
SISE,2025-06-24 18:18:26,Pay Alım Satım Bildirimi,Türkiye Şişe ve Cam Fabrikaları A.Ş. Pay Alım İşlemleri Hakkında,ODA,https://www.kap.org.tr/tr/Bildirim/1451546
ISCTR,2025-06-24 18:18:03,Pay Alım Satım Bildirimi,İş Gayrimenkul Yatırım Ortaklığı A.Ş. Pay Alım İşlemleri Hakkında,ODA,https://www.kap.org.tr/tr/Bildirim/1451545
VAKBN,2025-06-24 18:15:36,Kredi Derecelendirmesi,JCR Eurasia Kredi Derecelendirme Notları Hakkında,ODA,https://www.kap.org.tr/tr/Bildirim/1451539
VAKBN,2025-06-24 18:15:11,Kredi Derecelendirmesi,KREDİ DERECELENDİRME BİLDİRİMİ,ODA,https://www.kap.org.tr/tr/Bildirim/1451534
BIMAS,2025-06-24 18:01:08,Özel Durum Açıklaması (Genel),Üst düzey yönetici değişikliği,ODA,https://www.kap.org.tr/tr/Bildirim/1451483
TKFEN,2025-06-24 17:50:40,Pay Bazında Devre Kesici Bildirimi,TKFEN.E İşlem Sırasında Devre Kesici Uygulaması Başlamıştır,DKB,https://www.kap.org.tr/tr/Bildirim/1451455
YKBNK,2025-06-24 17:36:48,Pay Dışında Sermaye Piyasası Aracı İşlemlerine İlişkin Bildirim (Faiz İçeren),Özkaynak hesaplamasına dahil edilebilir nitelikte yurtiçinde ihraç edilen borçlanma aracının kupon oranı,ODA,https://www.kap.org.tr/tr/Bildirim/1451419
KRDMD,2025-06-24 17:30:18,Özel Durum Açıklaması (Genel),Satış Duyurusu Hk.,ODA,https://www.kap.org.tr/tr/Bildirim/1451415
AKBNK,2025-06-24 17:20:27,Pay Dışında Sermaye Piyasası Aracı İşlemlerine İlişkin Bildirim (Faiz İçeren),Yurtdışı Piyasalara Tahvil İhracı,ODA,https://www.kap.org.tr/tr/Bildirim/1451413
HALKB,2025-06-24 16:56:33,"Borçlanma Araçları, Yatırım Fonları ve Varant İtfa/Kupon/Getiri/ Nakdi Uzlaşı Ödeme İşlemleri","Borçlanma Araçları, Yatırım Fonları ve Varant İtfa/Kupon/Getiri/Nakdi Uzlaşı Ödeme İşlemleri",DKB,https://www.kap.org.tr/tr/Bildirim/1451394
TCELL,2025-06-24 16:53:52,Pay Mali Hak Kullanım İşlemi - Nakit Ödeme,Hak Kullanım İşlemleri,DKB,https://www.kap.org.tr/tr/Bildirim/1451392
HALKB,2025-06-24 12:03:56,Pay Dışında Sermaye Piyasası Aracı İşlemlerine İlişkin Bildirim (Faiz İçeren),Yurtiçinde Nitelikli Yatırımcılara Sermaye Benzeri Tahvil Kupon İtfası,ODA,https://www.kap.org.tr/tr/Bildirim/1451281
GARAN,2025-06-24 10:45:02,Özel Durum Açıklaması (Genel),Yurt dışında sermaye benzeri tahvil ihracı ,ODA,https://www.kap.org.tr/tr/Bildirim/1451236
EKGYO,2025-06-24 10:26:56,Tertip İhraç Belgesi,Emlak Konut GYO 4.Tertip İhraç Belgesi,DG,https://www.kap.org.tr/tr/Bildirim/1451223
AKBNK,2025-06-23 18:44:32,Pay Dışında Sermaye Piyasası Aracı İşlemlerine İlişkin Bildirim (Faiz İçeren),XS2842985272 ISIN Kodlu Tahvilin İtfası,ODA,https://www.kap.org.tr/tr/Bildirim/1451125
ISCTR,2025-06-23 18:30:59,Pay Alım Satım Bildirimi,İş Gayrimenkul Yatırım Ortaklığı A.Ş. Pay Alım İşlemleri Hakkında,ODA,https://www.kap.org.tr/tr/Bildirim/1451113
ISCTR,2025-06-23 18:30:30,Pay Alım Satım Bildirimi,Türkiye Şişe ve Cam Fabrikaları A.Ş. Pay Alım İşlemleri Hakkında,ODA,https://www.kap.org.tr/tr/Bildirim/1451111
SISE,2025-06-23 18:30:30,Pay Alım Satım Bildirimi,Türkiye Şişe ve Cam Fabrikaları A.Ş. Pay Alım İşlemleri Hakkında,ODA,https://www.kap.org.tr/tr/Bildirim/1451111
EKGYO,2025-06-23 18:29:03,Özel Durum Açıklaması (Genel),Muğla Bodrum Ortakent 1. Etap İhalesi 1. Oturum Sonucu,ODA,https://www.kap.org.tr/tr/Bildirim/1451107
HALKB,2025-06-23 18:19:06,Pay Dışında Sermaye Piyasası Aracı İşlemlerine İlişkin Bildirim (Faiz İçeren),Yurtdışı Piyasalara İlave Ana Sermayeye Dahil Edilebilir Tahvil İhracına İlişkin SPK Onayı,ODA,https://www.kap.org.tr/tr/Bildirim/1451098
HALKB,2025-06-23 17:50:45,Pay Dışında Sermaye Piyasası Aracı İşlemlerine İlişkin Bildirim (Faiz İçeren),Yurtiçinde Nitelikli Yatırımcılara Sermaye Benzeri Tahvil Kupon Oranı,ODA,https://www.kap.org.tr/tr/Bildirim/1451049
ISCTR,2025-06-23 17:47:26,Pay Dışında Sermaye Piyasası Aracı İşlemlerine İlişkin Bildirim (Faiz İçeren),Yurtdışı Piyasalara Tahvil İhracı,ODA,https://www.kap.org.tr/tr/Bildirim/1451043
MGROS,2025-06-23 15:19:46,Özel Durum Açıklaması (Genel),Şirket sunumu,ODA,https://www.kap.org.tr/tr/Bildirim/1450936
SAHOL,2025-06-23 09:46:00,Şirket Genel Bilgi Formu,,DG,https://www.kap.org.tr/tr/Bildirim/1450775
BIMAS,2025-06-23 09:06:08,Pay Alım Satım Bildirimi,Pay Alım Satım Bildirimi,DKB,https://www.kap.org.tr/tr/Bildirim/1450749
KONTR,2025-06-23 09:01:03,Özel Durum Açıklaması (Genel),Bağlı Ortaklığımız Pomega Enerji Depolama Teknolojileri A.Ş. Üretim Tesisinde Meydana Gelen İş Kazası Hakkında,ODA,https://www.kap.org.tr/tr/Bildirim/1450747
FROTO,2025-06-23 08:35:40,Kurumsal Yönetim İlkelerine Uyum Derecelendirmesi,Kurumsal Yönetim İlkelerine Uyum Derecelendirme Notu,ODA,https://www.kap.org.tr/tr/Bildirim/1450741
SAHOL,2025-06-23 08:30:12,Özel Durum Açıklaması (Genel),Sabancı İklim Teknolojileri A.Ş.?nin Sermaye Artırımına İlişkin Bilgilendirme,ODA,https://www.kap.org.tr/tr/Bildirim/1450739
THYAO,2025-06-20 21:57:31,Özel Durum Açıklaması (Genel),Potansiyel Air Europa Yatırımı Değerlendirmesi,ODA,https://www.kap.org.tr/tr/Bildirim/1450725
VAKBN,2025-06-20 19:40:45,BIST Pay Endeksleri,"BIST 30, BIST 50, BIST 100, BIST 500, BIST Likit Banka, BIST Banka Dışı Likit 10, BIST Sürdürülebilirlik, BIST Sürdürülebilirlik 25 Dönemsel Endeks Değişiklikleri",DKB,https://www.kap.org.tr/tr/Bildirim/1450711
HALKB,2025-06-20 19:40:45,BIST Pay Endeksleri,"BIST 30, BIST 50, BIST 100, BIST 500, BIST Likit Banka, BIST Banka Dışı Likit 10, BIST Sürdürülebilirlik, BIST Sürdürülebilirlik 25 Dönemsel Endeks Değişiklikleri",DKB,https://www.kap.org.tr/tr/Bildirim/1450711
BIMAS,2025-06-20 19:40:45,BIST Pay Endeksleri,"BIST 30, BIST 50, BIST 100, BIST 500, BIST Likit Banka, BIST Banka Dışı Likit 10, BIST Sürdürülebilirlik, BIST Sürdürülebilirlik 25 Dönemsel Endeks Değişiklikleri",DKB,https://www.kap.org.tr/tr/Bildirim/1450711
GUBRF,2025-06-20 19:40:45,BIST Pay Endeksleri,"BIST 30, BIST 50, BIST 100, BIST 500, BIST Likit Banka, BIST Banka Dışı Likit 10, BIST Sürdürülebilirlik, BIST Sürdürülebilirlik 25 Dönemsel Endeks Değişiklikleri",DKB,https://www.kap.org.tr/tr/Bildirim/1450711
SAHOL,2025-06-20 19:40:45,BIST Pay Endeksleri,"BIST 30, BIST 50, BIST 100, BIST 500, BIST Likit Banka, BIST Banka Dışı Likit 10, BIST Sürdürülebilirlik, BIST Sürdürülebilirlik 25 Dönemsel Endeks Değişiklikleri",DKB,https://www.kap.org.tr/tr/Bildirim/1450711
TKFEN,2025-06-20 19:40:45,BIST Pay Endeksleri,"BIST 30, BIST 50, BIST 100, BIST 500, BIST Likit Banka, BIST Banka Dışı Likit 10, BIST Sürdürülebilirlik, BIST Sürdürülebilirlik 25 Dönemsel Endeks Değişiklikleri",DKB,https://www.kap.org.tr/tr/Bildirim/1450711
ASELS,2025-06-20 19:40:45,BIST Pay Endeksleri,"BIST 30, BIST 50, BIST 100, BIST 500, BIST Likit Banka, BIST Banka Dışı Likit 10, BIST Sürdürülebilirlik, BIST Sürdürülebilirlik 25 Dönemsel Endeks Değişiklikleri",DKB,https://www.kap.org.tr/tr/Bildirim/1450711
PGSUS,2025-06-20 19:40:45,BIST Pay Endeksleri,"BIST 30, BIST 50, BIST 100, BIST 500, BIST Likit Banka, BIST Banka Dışı Likit 10, BIST Sürdürülebilirlik, BIST Sürdürülebilirlik 25 Dönemsel Endeks Değişiklikleri",DKB,https://www.kap.org.tr/tr/Bildirim/1450711
TOASO,2025-06-20 19:40:45,BIST Pay Endeksleri,"BIST 30, BIST 50, BIST 100, BIST 500, BIST Likit Banka, BIST Banka Dışı Likit 10, BIST Sürdürülebilirlik, BIST Sürdürülebilirlik 25 Dönemsel Endeks Değişiklikleri",DKB,https://www.kap.org.tr/tr/Bildirim/1450711
HALKB,2025-06-20 18:34:59,Özel Durum Açıklaması (Genel),IFM Halk Ofis Kuleleri A Blok Kira Sözleşmesi Akdi Hk.,ODA,https://www.kap.org.tr/tr/Bildirim/1450696
HALKB,2025-06-20 18:22:34,Pay Dışında Sermaye Piyasası Aracı İşlemlerine İlişkin Bildirim (Faiz İçeren),Yurtdışı Piyasalara İlave Ana Sermayeye Dahil Edilebilir Tahvil İhracına İlişkin SPK Başvurusu,ODA,https://www.kap.org.tr/tr/Bildirim/1450685
HALKB,2025-06-20 18:21:44,Özel Durum Açıklaması (Genel),Yurtdışı Piyasalara İlave Ana Sermayeye Dahil Edilebilir Tahvil İhracının Fiyatlanması,ODA,https://www.kap.org.tr/tr/Bildirim/1450683
ISCTR,2025-06-20 18:11:21,Pay Alım Satım Bildirimi,İş Gayrimenkul Yatırım Ortaklığı A.Ş. Pay Alım İşlemleri Hakkında,ODA,https://www.kap.org.tr/tr/Bildirim/1450667
ISCTR,2025-06-20 18:10:50,Pay Alım Satım Bildirimi,Türkiye Şişe ve Cam Fabrikaları A.Ş. Pay Alım İşlemleri Hakkında,ODA,https://www.kap.org.tr/tr/Bildirim/1450665
SISE,2025-06-20 18:10:50,Pay Alım Satım Bildirimi,Türkiye Şişe ve Cam Fabrikaları A.Ş. Pay Alım İşlemleri Hakkında,ODA,https://www.kap.org.tr/tr/Bildirim/1450665
TKFEN,2025-06-20 17:08:43,Pay Dışında Sermaye Piyasası Aracı İşlemlerine İlişkin Bildirim (Faiz İçeren),Finansman Bonosu İtfa,ODA,https://www.kap.org.tr/tr/Bildirim/1450635
EKGYO,2025-06-20 17:07:14,Özel Durum Açıklaması (Genel),İzmir Çeşme Dalyan Arsa Satışı Karşılığı Gelir Paylaşımı İşi Sözleşme İmzalanması,ODA,https://www.kap.org.tr/tr/Bildirim/1450634
ISCTR,2025-06-20 16:45:34,Pay Dışında Sermaye Piyasası Aracı İşlemlerine İlişkin Bildirim (Faiz İçeren),Yurtdışı Piyasalara Sürdürülebilir Tahvil İhracı,ODA,https://www.kap.org.tr/tr/Bildirim/1450618
VAKBN,2025-06-20 16:41:57,"Borçlanma Araçları, Yatırım Fonları ve Varant İtfa/Kupon/Getiri/ Nakdi Uzlaşı Ödeme İşlemleri","Borçlanma Araçları, Yatırım Fonları ve Varant İtfa/Kupon/Getiri/ Nakdi Uzlaşı Ödeme İşlemleri",DKB,https://www.kap.org.tr/tr/Bildirim/1450617
TKFEN,2025-06-20 16:41:57,"Borçlanma Araçları, Yatırım Fonları ve Varant İtfa/Kupon/Getiri/ Nakdi Uzlaşı Ödeme İşlemleri","Borçlanma Araçları, Yatırım Fonları ve Varant İtfa/Kupon/Getiri/ Nakdi Uzlaşı Ödeme İşlemleri",DKB,https://www.kap.org.tr/tr/Bildirim/1450617
BIMAS,2025-06-20 16:41:50,Pay Mali Hak Kullanım İşlemi - Nakit Ödeme,Hak Kullanım İşlemleri,DKB,https://www.kap.org.tr/tr/Bildirim/1450616
MGROS,2025-06-20 16:39:31,Borsada İşlem Gören Tipe Dönüşüm Duyurusu,DÖNÜŞÜM,DKB,https://www.kap.org.tr/tr/Bildirim/1450614
AKBNK,2025-06-20 16:19:09,Pay Dışında Sermaye Piyasası Aracı İşlemlerine İlişkin Bildirim (Faiz İçeren),Yurtdışı Piyasalara Tahvil İhracının Tamamlanması,ODA,https://www.kap.org.tr/tr/Bildirim/1450598
SAHOL,2025-06-20 16:00:24,Şirket Genel Bilgi Formu,,DG,https://www.kap.org.tr/tr/Bildirim/1450586
SAHOL,2025-06-20 16:00:11,Özel Durum Açıklaması (Genel),Organizasyonel Yapıdaki Değişiklikler,ODA,https://www.kap.org.tr/tr/Bildirim/1450585
VAKBN,2025-06-20 14:16:50,Pay Dışında Sermaye Piyasası Aracı İşlemlerine İlişkin Bildirim (Faiz İçeren),Yurt İçinde Nitelikli Yatırımcılara İhraç Edilen Sermaye Benzeri Tahvilin 23. Kupon Ödemesi,ODA,https://www.kap.org.tr/tr/Bildirim/1450493
ASELS,2025-06-20 11:53:57,Yeni İş İlişkisi,Sözleşme İmzalanması,ODA,https://www.kap.org.tr/tr/Bildirim/1450445
HALKB,2025-06-20 11:30:42,Özel Durum Açıklaması (Genel),Yurtdışı Piyasalara İlave Ana Sermayeye Dahil Edilebilir Tahvil İhracına İlişkin Bankaların Yetkilendirilmesi,ODA,https://www.kap.org.tr/tr/Bildirim/1450442
BIMAS,2025-06-20 10:49:10,Pay Alım Satım Bildirimi,"Pay Alım Satım Bildirimi
",DKB,https://www.kap.org.tr/tr/Bildirim/1450432
ISCTR,2025-06-20 10:24:34,Pay Dışında Sermaye Piyasası Aracı İşlemlerine İlişkin Bildirim (Faiz İçeren),Yeşil Özel Sektör Tahvili Kupon Ödemesi ,ODA,https://www.kap.org.tr/tr/Bildirim/1450421
BIMAS,2025-06-20 09:13:50,Pay Alım Satım Bildirimi,Pay Alım Satım Bildirimi,DKB,https://www.kap.org.tr/tr/Bildirim/1450397
TCELL,2025-06-20 09:00:41,BISTECH Pay Piyasası Alım Satım Sistemi Duyurusu,Hak Kullanımı,DKB,https://www.kap.org.tr/tr/Bildirim/1450392
VAKBN,2025-06-19 19:34:54,Kredi Derecelendirmesi,Fitch Ratings Derecelendirme Notları hakkında,ODA,https://www.kap.org.tr/tr/Bildirim/1450379
HALKB,2025-06-19 18:13:26,Kredi Derecelendirmesi,Fitch Ratings Notu-Revize,ODA,https://www.kap.org.tr/tr/Bildirim/1450341
AKBNK,2025-06-19 17:16:23,Pay Dışında Sermaye Piyasası Aracı İşlemlerine İlişkin Bildirim (Faiz İçeren),Yurtdışı Piyasalara Tahvil İhracının Tamamlanması,ODA,https://www.kap.org.tr/tr/Bildirim/1450289
TCELL,2025-06-19 17:06:08,Hak Kullanımı,,DKB,https://www.kap.org.tr/tr/Bildirim/1450273
VAKBN,2025-06-19 17:00:42,Pay Dışında Sermaye Piyasası Aracı İşlemlerine İlişkin Bildirim (Faiz İçeren),Yurt İçinde Nitelikli Yatırımcılara İhraç Edilen Sermaye Benzeri Tahvilin 24. Kuponunun Belirlenmesi,ODA,https://www.kap.org.tr/tr/Bildirim/1450271
ISCTR,2025-06-19 16:49:17,Pay Dışında Sermaye Piyasası Aracı İşlemlerine İlişkin Bildirim (Faiz İçeren),Yeşil Özel Sektör Tahvili Kupon Oranı Açıklaması ,ODA,https://www.kap.org.tr/tr/Bildirim/1450268
SISE,2025-06-19 15:59:34,"Borçlanma Araçları, Yatırım Fonları ve Varant İtfa/Kupon/Getiri/ Nakdi Uzlaşı Ödeme İşlemleri","Borçlanma Araçları, Yatırım Fonları ve Varant İtfa/Kupon/Getiri/ Nakdi Uzlaşı Ödeme İşlemleri",DKB,https://www.kap.org.tr/tr/Bildirim/1450222
SISE,2025-06-19 14:32:05,Pay Dışında Sermaye Piyasası Aracı İşlemlerine İlişkin Bildirim (Faiz İçeren),TRSSISE32621 Numaralı Tahvilin Kupon Ödemesi,ODA,https://www.kap.org.tr/tr/Bildirim/1450176
TAVHL,2025-06-19 11:43:46,Pay Bazında Devre Kesici Bildirimi,TAVHL.E İşlem Sırasında Devre Kesici Uygulaması Başlamıştır,DKB,https://www.kap.org.tr/tr/Bildirim/1450121
ISCTR,2025-06-19 09:25:20,Pay Dışında Sermaye Piyasası Aracı İşlemlerine İlişkin Bildirim (Faiz İçeren),Yurtiçi TL cinsi katkı sermaye hesaplamasına dahil edilecek borçlanma aracı kupon ödemesi ,ODA,https://www.kap.org.tr/tr/Bildirim/1450039
GUBRF,2025-06-19 09:16:53,Özel Durum Açıklaması (Genel),Bağlı Ortaklığımız Razi?ye İlişkin Kamuoyu Bilgilendirmesi,ODA,https://www.kap.org.tr/tr/Bildirim/1450035
GUBRF,2025-06-18 20:00:07,Payların Geri Alınmasına İlişkin Bildirim,Pay Geri Alım İşlemlerine İlişkin Bildirim,ODA,https://www.kap.org.tr/tr/Bildirim/1450018
AKBNK,2025-06-18 18:57:06,Şirket Genel Bilgi Formu,,DG,https://www.kap.org.tr/tr/Bildirim/1450010
AKBNK,2025-06-18 18:56:57,Pay Dışında Sermaye Piyasası Aracı İşlemlerine İlişkin Bildirim (Faiz İçeren),Yurtdışı Piyasalara Tahvil İhracının Tamamlanması,ODA,https://www.kap.org.tr/tr/Bildirim/1450009
AKBNK,2025-06-18 18:56:47,Pay Dışında Sermaye Piyasası Aracı İşlemlerine İlişkin Bildirim (Faiz İçeren),Yurtdışı Piyasalara Tahvil İhracı,ODA,https://www.kap.org.tr/tr/Bildirim/1450008
SISE,2025-06-18 18:37:21,Pay Dışında Sermaye Piyasası Aracı İşlemlerine İlişkin Bildirim (Faiz İçeren),TRSSISE32621 ISIN Kodlu Tahvilin 5. Kupon Oranı,ODA,https://www.kap.org.tr/tr/Bildirim/1450003
EKGYO,2025-06-18 16:40:34,Pay Mali Hak Kullanım İşlemi - Nakit Ödeme,Hak Kullanım İşlemleri,DKB,https://www.kap.org.tr/tr/Bildirim/1449819
THYAO,2025-06-18 16:40:34,Pay Mali Hak Kullanım İşlemi - Nakit Ödeme,Hak Kullanım İşlemleri,DKB,https://www.kap.org.tr/tr/Bildirim/1449819
ARCLK,2025-06-18 16:35:14,Borsada İşlem Gören Tipe Dönüşüm Duyurusu,DÖNÜŞÜM,DKB,https://www.kap.org.tr/tr/Bildirim/1449806
YKBNK,2025-06-18 16:35:14,Borsada İşlem Gören Tipe Dönüşüm Duyurusu,DÖNÜŞÜM,DKB,https://www.kap.org.tr/tr/Bildirim/1449806
MGROS,2025-06-18 16:35:14,Borsada İşlem Gören Tipe Dönüşüm Duyurusu,DÖNÜŞÜM,DKB,https://www.kap.org.tr/tr/Bildirim/1449806
TCELL,2025-06-18 16:35:14,Borsada İşlem Gören Tipe Dönüşüm Duyurusu,DÖNÜŞÜM,DKB,https://www.kap.org.tr/tr/Bildirim/1449806
KONTR,2025-06-18 16:35:14,Borsada İşlem Gören Tipe Dönüşüm Duyurusu,DÖNÜŞÜM,DKB,https://www.kap.org.tr/tr/Bildirim/1449806
KCHOL,2025-06-18 16:35:14,Borsada İşlem Gören Tipe Dönüşüm Duyurusu,DÖNÜŞÜM,DKB,https://www.kap.org.tr/tr/Bildirim/1449806
EREGL,2025-06-18 16:35:14,Borsada İşlem Gören Tipe Dönüşüm Duyurusu,DÖNÜŞÜM,DKB,https://www.kap.org.tr/tr/Bildirim/1449806
TUPRS,2025-06-18 16:35:14,Borsada İşlem Gören Tipe Dönüşüm Duyurusu,DÖNÜŞÜM,DKB,https://www.kap.org.tr/tr/Bildirim/1449806
PETKM,2025-06-18 16:35:14,Borsada İşlem Gören Tipe Dönüşüm Duyurusu,DÖNÜŞÜM,DKB,https://www.kap.org.tr/tr/Bildirim/1449806
EKGYO,2025-06-18 16:23:39,Pay Bazında Devre Kesici Bildirimi,EKGYO.E İşlem Sırasında Devre Kesici Uygulaması Başlamıştır,DKB,https://www.kap.org.tr/tr/Bildirim/1449791
TKFEN,2025-06-18 15:04:29,Pay Bazında Devre Kesici Bildirimi,TKFEN.E İşlem Sırasında Devre Kesici Uygulaması Başlamıştır,DKB,https://www.kap.org.tr/tr/Bildirim/1449747
BIMAS,2025-06-18 09:25:43,BISTECH Pay Piyasası Alım Satım Sistemi Duyurusu,Hak Kullanımı,DKB,https://www.kap.org.tr/tr/Bildirim/1449611
BIMAS,2025-06-18 09:17:58,BISTECH Pay Piyasası Alım Satım Sistemi Duyurusu,Hak Kullanımı,DKB,https://www.kap.org.tr/tr/Bildirim/1449604
EREGL,2025-06-18 08:46:00,Pay Alım Satım Bildirimi,"Pay Alım Satım Bildirimi
",DKB,https://www.kap.org.tr/tr/Bildirim/1449600
GARAN,2025-07-01 21:06:51,Pay Dışında Sermaye Piyasası Aracı İşlemlerine İlişkin Bildirim (Faiz İçeren),Bankamızca yurtdışında ihraç edilen sermaye benzeri tahvil ihracının tamamlanması,ODA,https://www.kap.org.tr/tr/Bildirim/1453987
VAKBN,2025-07-01 19:46:02,Pay Dışında Sermaye Piyasası Aracı İşlemlerine İlişkin Bildirim (Faiz İçeren),Sürdürülebilir Tahvil İhracı Hk. ,ODA,https://www.kap.org.tr/tr/Bildirim/1453981
YKBNK,2025-07-01 18:43:42,Kredi Derecelendirmesi,Fitch Ratings kredi derecelendirme notları hakkında ,ODA,https://www.kap.org.tr/tr/Bildirim/1453941
YKBNK,2025-07-01 18:19:12,Şirket Genel Bilgi Formu,,DG,https://www.kap.org.tr/tr/Bildirim/1453922
YKBNK,2025-07-01 18:16:16,Finansal Takvim,2025 2. Çeyrek Finansal Takvim,DG,https://www.kap.org.tr/tr/Bildirim/1453912
VAKBN,2025-07-01 18:13:35,Özel Durum Açıklaması (Genel),Bankamız Genel Müdürlük Organizasyon Yapısında Gerçekleşen Değişiklik Hakkında,ODA,https://www.kap.org.tr/tr/Bildirim/1453908
BIMAS,2025-07-01 17:32:57,Bölünme İşlemlerine İlişkin Bildirim,Kısmi Bölünme İşlemine İlişkin Olağanüstü Genel Kurul Toplantısı Kararlarının Tescili,ODA,https://www.kap.org.tr/tr/Bildirim/1453850
EREGL,2025-07-01 16:59:20,Hak Kullanımı,,DKB,https://www.kap.org.tr/tr/Bildirim/1453837
AKBNK,2025-07-01 16:07:13,Pay Dışında Sermaye Piyasası Aracı İşlemlerine İlişkin Bildirim (Faiz İçeren),Yurtdışı Piyasalara Tahvil İhracının Tamamlanması,ODA,https://www.kap.org.tr/tr/Bildirim/1453797
BIMAS,2025-07-01 15:39:54,Şirket Genel Bilgi Formu,,DG,https://www.kap.org.tr/tr/Bildirim/1453772
BIMAS,2025-07-01 15:39:30,Kurumsal Yönetim Bilgi Formu (Güncelleme) - Yönetim Kurulu-1,Kurumsal Yönetim Bilgi Formu Güncelleme ,DG,https://www.kap.org.tr/tr/Bildirim/1453770
BIMAS,2025-07-01 15:38:38,Genel Kurul İşlemlerine İlişkin Bildirim,Olağanüstü Genel Kurul Toplantısı Kararlarının Tescil Edilmesi,ODA,https://www.kap.org.tr/tr/Bildirim/1453768
TKFEN,2025-07-01 12:20:19,Endekslerde Kullanılan Fiili Dolaşımdaki Pay Oranı Değişiklikleri,-,DKB,https://www.kap.org.tr/tr/Bildirim/1453630
KONTR,2025-07-01 12:20:19,Endekslerde Kullanılan Fiili Dolaşımdaki Pay Oranı Değişiklikleri,-,DKB,https://www.kap.org.tr/tr/Bildirim/1453630
TAVHL,2025-07-01 11:52:28,Özel Durum Açıklaması (Genel),"Tiflis Havalimanı İşletme İmtiyaz Süresi Uzatımı Görüşmeleri
",ODA,https://www.kap.org.tr/tr/Bildirim/1453619
VAKBN,2025-07-01 11:09:09,Yeşil veya Sürdürülebilir Temalı Sermaye Piyasası Aracına İlişkin Bildirim,"Sürdürülebilir Tahvil İhracı Hk.
",DG,https://www.kap.org.tr/tr/Bildirim/1453584
TAVHL,2025-07-01 08:56:49,Şirket Genel Bilgi Formu,,DG,https://www.kap.org.tr/tr/Bildirim/1453524
PETKM,2025-07-01 08:25:08,Finansal Duran Varlık Satışı,Şirketimizin Petlim Limancılık Ticaret A.Ş.'deki hisselerinin tamamının satılması ve devredilmesi.,ODA,https://www.kap.org.tr/tr/Bildirim/1453507
PETKM,2025-07-01 08:24:54,Şirket Genel Bilgi Formu,,DG,https://www.kap.org.tr/tr/Bildirim/1453506
MGROS,2025-06-30 18:17:10,Finansal Takvim,Finansal Takvim,DG,https://www.kap.org.tr/tr/Bildirim/1453335
KCHOL,2025-06-30 18:15:13,Şirket Genel Bilgi Formu,,DG,https://www.kap.org.tr/tr/Bildirim/1453329
TKFEN,2025-06-30 18:01:53,Özel Durum Açıklaması (Genel),Mali İşlerden Sorumlu Başkan Yardımcısının Görevden Ayrılışı,ODA,https://www.kap.org.tr/tr/Bildirim/1453317
BIMAS,2025-06-30 16:41:35,Bölünme İşlemlerine İlişkin Bildirim,Kısmi Bölünme İşlemine İlişkin Olağanüstü Genel Kurul Toplantısı Sonucu ,ODA,https://www.kap.org.tr/tr/Bildirim/1453231
MGROS,2025-06-30 16:22:51,Borsada İşlem Gören Tipe Dönüşüm Duyurusu,DÖNÜŞÜM,DKB,https://www.kap.org.tr/tr/Bildirim/1453213
GARAN,2025-06-30 16:22:30,Yatırım Kuruluşu Varant - Sertifika - Senetlerine İlişkin Bildirim,Yatırım Kuruluşu Varantları İtfa Fiyatları ,ODA,https://www.kap.org.tr/tr/Bildirim/1453212
ISCTR,2025-06-30 15:56:52,Pay Dışında Sermaye Piyasası Aracı İşlemlerine İlişkin Bildirim (Faiz İçeren),Yurtdışı Piyasalara Tahvil İhracı,ODA,https://www.kap.org.tr/tr/Bildirim/1453197
VAKBN,2025-06-30 15:08:17,Pay Dışında Sermaye Piyasası Aracı İşlemlerine İlişkin Bildirim (Faiz İçeren),GMTN Programı Çerçevesinde Türkiye Dışında Sürdürülebilir Borçlanma Aracı İhracı SPK Onayı ,ODA,https://www.kap.org.tr/tr/Bildirim/1453159
BIMAS,2025-06-30 14:51:51,Genel Kurul İşlemlerine İlişkin Bildirim,Olağanüstü Genel Kurul Toplantısı Sonucu ,ODA,https://www.kap.org.tr/tr/Bildirim/1453155
YKBNK,2025-06-30 12:10:46,Pay Dışında Sermaye Piyasası Aracı İşlemlerine İlişkin Bildirim (Faiz İçeren),Yurtdışında ihraç edilen borçlanma aracının itfası ,ODA,https://www.kap.org.tr/tr/Bildirim/1453086
SISE,2025-06-30 09:21:59,Payların Geri Alınmasına İlişkin Bildirim,Pay Geri Alım Programına İlişkin 3 yıllık Sürenin Dolması Nedeniyle Yapılan Bildirim,ODA,https://www.kap.org.tr/tr/Bildirim/1453010
TKFEN,2025-06-30 08:54:59,Pay Alım Satım Bildirimi,Pay Alım Satım Bildirimi,DKB,https://www.kap.org.tr/tr/Bildirim/1452998
GARAN,2025-06-27 21:53:52,Özel Durum Açıklaması (Genel),"İhale sonrası Devir ve Temlik İşlemlerinin tamamlanması hk.
",ODA,https://www.kap.org.tr/tr/Bildirim/1452976
EREGL,2025-06-27 20:15:58,Şirket Genel Bilgi Formu,,DG,https://www.kap.org.tr/tr/Bildirim/1452962
EREGL,2025-06-27 20:15:34,Özel Durum Açıklaması (Genel),Tüzel Kişi Yönetim Kurulu Üye Temsilcisi Değişikliği,ODA,https://www.kap.org.tr/tr/Bildirim/1452961
SISE,2025-06-27 18:19:14,Özel Durum Açıklaması (Genel),Cam Ev Eşyası El İmalatı Üretim Operasyonlarının Denizli Fabrikasından Kırklareli Fabrikasına Taşınması,ODA,https://www.kap.org.tr/tr/Bildirim/1452881
SISE,2025-06-27 18:18:43,Özel Durum Açıklaması (Genel),Murahhas Üye Görevlendirmesi,ODA,https://www.kap.org.tr/tr/Bildirim/1452878
ARCLK,2025-06-27 18:16:30,Geri Alınan Payların Elden Çıkarılması,Geri Alınan Payların Elden Çıkarılması,ODA,https://www.kap.org.tr/tr/Bildirim/1452873
TKFEN,2025-06-27 18:13:11,Özel Durum Açıklaması (Genel),Özel Durum Açıklaması (Genel),DKB,https://www.kap.org.tr/tr/Bildirim/1452864
TKFEN,2025-06-27 17:59:49,Pay Bazında Devre Kesici Bildirimi,TKFEN.E İşlem Sırasında Devre Kesici Uygulaması Başlamıştır,DKB,https://www.kap.org.tr/tr/Bildirim/1452849
AKBNK,2025-06-27 17:51:21,Pay Dışında Sermaye Piyasası Aracı İşlemlerine İlişkin Bildirim (Faiz İçeren),Yurtdışı Piyasalara Tahvil İhracının Tamamlanması,ODA,https://www.kap.org.tr/tr/Bildirim/1452833
AKBNK,2025-06-27 17:51:10,Pay Dışında Sermaye Piyasası Aracı İşlemlerine İlişkin Bildirim (Faiz İçeren),Yurtdışı Piyasalara Tahvil İhracı,ODA,https://www.kap.org.tr/tr/Bildirim/1452831
VAKBN,2025-06-27 17:43:10,Pay Dışında Sermaye Piyasası Aracı İşlemlerine İlişkin Bildirim (Faiz İçeren),GMTN Programı Çerçevesinde Türkiye Dışında Sürdürülebilir Borçlanma Aracı İhracı SPK Onayı ,ODA,https://www.kap.org.tr/tr/Bildirim/1452819
VAKBN,2025-06-27 17:42:48,Pay Dışında Sermaye Piyasası Aracı İşlemlerine İlişkin Bildirim (Faiz İçeren),GMTN Programı Çerçevesinde Türkiye Dışında Sürdürülebilir Borçlanma Aracı İhracı SPK Onayı ,ODA,https://www.kap.org.tr/tr/Bildirim/1452818
VAKBN,2025-06-27 16:22:11,Pay Dışında Sermaye Piyasası Aracı İşlemlerine İlişkin Bildirim (Faiz İçeren),Borçlanma Araçlarına İlişkin SPK Başvurusu,ODA,https://www.kap.org.tr/tr/Bildirim/1452777
VAKBN,2025-06-27 15:08:44,İzahname-Özet (SPK Tarafından Onaylanan),İzahname-Özet (SPK Tarafından Onaylanan),DG,https://www.kap.org.tr/tr/Bildirim/1452736
VAKBN,2025-06-27 15:08:17,İzahname-Sermaye Piyasası Aracı Notu (SPK Tarafından Onaylanan),İzahname Sermaye Piyasası Aracı Notu,DG,https://www.kap.org.tr/tr/Bildirim/1452735
VAKBN,2025-06-27 15:07:52,İzahname (SPK Tarafından Onaylanan),İzahname İhraççı Bilgi Dokümanı 2. Kısım,DG,https://www.kap.org.tr/tr/Bildirim/1452733
VAKBN,2025-06-27 15:07:36,İzahname (SPK Tarafından Onaylanan),İzahname İhraççı Bilgi Dokümanı 1. Kısım,DG,https://www.kap.org.tr/tr/Bildirim/1452732
KCHOL,2025-06-27 08:47:35,Kamuyu Aydınlatma Platformu Duyurusu,Özel Durumlar Tebliği'nin 12-(4). maddesi gereğince yapılan açıklama,DKB,https://www.kap.org.tr/tr/Bildirim/1452555
SASA,2025-06-27 08:45:41,Özel Durum Açıklaması (Genel),"PTA, Polimer Cips ve Elyaf Üretim Tesisi Yatırımları Teşvik Belgesi Tutar Revizyonu",ODA,https://www.kap.org.tr/tr/Bildirim/1452554
EKGYO,2025-06-26 19:18:34,Özel Durum Açıklaması (Genel),Muğla Bodrum Ortakent 1. Etap İhalesi 2. Oturum Tarihi,ODA,https://www.kap.org.tr/tr/Bildirim/1452515
MGROS,2025-06-26 18:48:45,Pay Dışında Sermaye Piyasası Aracı İşlemlerine İlişkin Bildirim (Faiz İçeren),TRSMGTI62517 ISIN Kodlu Tahvilin 8. Kupon ve Anapara Ödemesi,ODA,https://www.kap.org.tr/tr/Bildirim/1452511
HALKB,2025-06-26 18:24:54,Pay Dışında Sermaye Piyasası Aracı İşlemlerine İlişkin Bildirim (Faiz İçeren),Yurtdışı Piyasalara İlave Ana Sermayeye Dahil Edilebilir Tahvil İhracının Tamamlanması,ODA,https://www.kap.org.tr/tr/Bildirim/1452488
KCHOL,2025-06-26 18:23:18,Finansal Duran Varlık Edinimi,Family Danışmanlık Gayrimenkul ve Ticaret A.Ş.?den Marmaris Altınyunus Turistik Tesisler A.Ş. paylarının alımı,ODA,https://www.kap.org.tr/tr/Bildirim/1452486
ISCTR,2025-06-26 18:14:30,Pay Alım Satım Bildirimi,Türkiye Şişe ve Cam Fabrikaları A.Ş. Pay Alım İşlemleri Hakkında,ODA,https://www.kap.org.tr/tr/Bildirim/1452475
SISE,2025-06-26 18:14:30,Pay Alım Satım Bildirimi,Türkiye Şişe ve Cam Fabrikaları A.Ş. Pay Alım İşlemleri Hakkında,ODA,https://www.kap.org.tr/tr/Bildirim/1452475
ISCTR,2025-06-26 18:14:10,Pay Alım Satım Bildirimi,İş Gayrimenkul Yatırım Ortaklığı A.Ş. Pay Alım İşlemleri Hakkında,ODA,https://www.kap.org.tr/tr/Bildirim/1452474
ISCTR,2025-06-26 18:12:08,Özel Durum Açıklaması (Genel),Bankamız Genel Müdür Yardımcılığı Görevinde Meydana Gelen Değişiklik Hakkında,ODA,https://www.kap.org.tr/tr/Bildirim/1452470
VAKBN,2025-06-26 17:22:54,İhraç Tavanına İlişkin Bildirim,Borçlanma Aracı İhraç Tavanı SPK Onayı ,ODA,https://www.kap.org.tr/tr/Bildirim/1452423
ASELS,2025-06-26 17:22:53,Pay Bazında Devre Kesici Bildirimi,ASELS.E İşlem Sırasında Devre Kesici Uygulaması Başlamıştır,DKB,https://www.kap.org.tr/tr/Bildirim/1452422
VAKBN,2025-06-26 17:14:57,Şirket Genel Bilgi Formu,,DG,https://www.kap.org.tr/tr/Bildirim/1452411
VAKBN,2025-06-26 17:06:38,İhraç Tavanına İlişkin Bildirim,Borçlanma Aracı İhraç Tavanı SPK Onayı ,ODA,https://www.kap.org.tr/tr/Bildirim/1452407
MGROS,2025-06-26 17:02:43,"Borçlanma Araçları, Yatırım Fonları ve Varant İtfa/Kupon/Getiri/ Nakdi Uzlaşı Ödeme İşlemleri","Borçlanma Araçları, Yatırım Fonları ve Varant İtfa/Kupon/Getiri/Nakdi Uzlaşı Ödeme İşlemleri",DKB,https://www.kap.org.tr/tr/Bildirim/1452397
YKBNK,2025-06-26 17:02:43,"Borçlanma Araçları, Yatırım Fonları ve Varant İtfa/Kupon/Getiri/ Nakdi Uzlaşı Ödeme İşlemleri","Borçlanma Araçları, Yatırım Fonları ve Varant İtfa/Kupon/Getiri/Nakdi Uzlaşı Ödeme İşlemleri",DKB,https://www.kap.org.tr/tr/Bildirim/1452397
TKFEN,2025-06-26 16:54:47,Pay Alım Satım Bildirimi,Pay Alım Satım Bildirimi,DKB,https://www.kap.org.tr/tr/Bildirim/1452395
AKBNK,2025-06-26 16:08:34,Pay Dışında Sermaye Piyasası Aracı İşlemlerine İlişkin Bildirim (Faiz İçeren),Yurtdışı Piyasalara Tahvil İhracının Tamamlanması,ODA,https://www.kap.org.tr/tr/Bildirim/1452328
AKBNK,2025-06-26 16:08:15,Pay Dışında Sermaye Piyasası Aracı İşlemlerine İlişkin Bildirim (Faiz İçeren),Yurtdışı Piyasalara Tahvil İhracı,ODA,https://www.kap.org.tr/tr/Bildirim/1452327
YKBNK,2025-06-26 10:10:36,Pay Dışında Sermaye Piyasası Aracı İşlemlerine İlişkin Bildirim (Faiz İçeren),Özkaynak hesaplamasına dahil edilebilir nitelikte yurtiçinde ihraç edilen borçlanma aracının kupon ödemesi,ODA,https://www.kap.org.tr/tr/Bildirim/1452116
HALKB,2025-06-26 09:27:48,Kurumsal Yönetim İlkelerine Uyum Derecelendirmesi,Bankamız Kurumsal Yönetim Derecelendirme Notu,ODA,https://www.kap.org.tr/tr/Bildirim/1452081
HALKB,2025-06-26 08:42:27,Kurumsal Yönetim İlkelerine Uyum Derecelendirmesi,KURUMSAL YÖNETİM İLKELERİNE UYUM DERECELENDİRMESİ,ODA,https://www.kap.org.tr/tr/Bildirim/1452072
ARCLK,2025-06-26 08:35:42,Pay Dışında Sermaye Piyasası Aracı İşlemlerine İlişkin Bildirim (Faiz İçeren),Finansman Bonosu İhracı- Satışın Tamamlanması,ODA,https://www.kap.org.tr/tr/Bildirim/1452069
TCELL,2025-06-25 21:42:19,Şirket Genel Bilgi Formu,,DG,https://www.kap.org.tr/tr/Bildirim/1452059
TCELL,2025-06-25 21:30:23,Özel Durum Açıklaması (Genel),Kira Sertifikası İhraç Kararı,ODA,https://www.kap.org.tr/tr/Bildirim/1452058
TCELL,2025-06-25 21:30:06,Birleşme İşlemlerine İlişkin Bildirim,Bağlı Ortaklığımız Artel Bilişim Servisleri A.Ş. ile Devralma Yoluyla Birleşme,ODA,https://www.kap.org.tr/tr/Bildirim/1452057
EKGYO,2025-06-25 19:39:09,İhraç Tavanına İlişkin Bildirim,Kira Sertifikası İhracına İlişkin Yönetim Kurulu Kararı Alınması,ODA,https://www.kap.org.tr/tr/Bildirim/1452042
EKGYO,2025-06-25 19:31:05,İhraç Tavanına İlişkin Bildirim,Kira Sertifikası İhracı ve Yetkilendirmeler Hakkında,ODA,https://www.kap.org.tr/tr/Bildirim/1452038
YKBNK,2025-06-25 18:16:14,Özel Durum Açıklaması (Genel),Havale akımlarına dayalı gelecekteki nakit akışı işlemi (future flow) ve hazine işlemleri,ODA,https://www.kap.org.tr/tr/Bildirim/1452001
ISCTR,2025-06-25 18:13:10,Pay Alım Satım Bildirimi,İş Gayrimenkul Yatırım Ortaklığı A.Ş. Pay Alım İşlemleri Hakkında,ODA,https://www.kap.org.tr/tr/Bildirim/1451993
ISCTR,2025-06-25 18:12:56,Pay Alım Satım Bildirimi,Türkiye Şişe ve Cam Fabrikaları A.Ş. Pay Alım İşlemleri Hakkında,ODA,https://www.kap.org.tr/tr/Bildirim/1451992
SISE,2025-06-25 18:12:56,Pay Alım Satım Bildirimi,Türkiye Şişe ve Cam Fabrikaları A.Ş. Pay Alım İşlemleri Hakkında,ODA,https://www.kap.org.tr/tr/Bildirim/1451992
VAKBN,2025-06-25 17:25:09,Pay Dışında Sermaye Piyasası Aracı İşlemlerine İlişkin Bildirim (Faiz İçeren),GMTN Programı Çerçevesinde Türkiye Dışında Sürdürülebilir Borçlanma Aracı İhracı SPK Onayı ,ODA,https://www.kap.org.tr/tr/Bildirim/1451934
VAKBN,2025-06-25 17:24:23,Pay Dışında Sermaye Piyasası Aracı İşlemlerine İlişkin Bildirim (Faiz İçeren),GMTN Programı Çerçevesinde Türkiye Dışında Sürdürülebilir Borçlanma Aracı İhracı SPK Onayı ,ODA,https://www.kap.org.tr/tr/Bildirim/1451932
YKBNK,2025-06-25 17:13:53,Pay Dışında Sermaye Piyasası Aracı İşlemlerine İlişkin Bildirim (Faiz İçeren),Özkaynak hesaplamasına dahil edilebilir nitelikte yurtiçinde ihraç edilen borçlanma aracının kupon oranı,ODA,https://www.kap.org.tr/tr/Bildirim/1451926
MGROS,2025-06-25 17:13:39,Borsada İşlem Gören Tipe Dönüşüm Duyurusu,DÖNÜŞÜM,DKB,https://www.kap.org.tr/tr/Bildirim/1451925
YKBNK,2025-06-25 16:59:10,"Borçlanma Araçları, Yatırım Fonları ve Varant İtfa/Kupon/Getiri/ Nakdi Uzlaşı Ödeme İşlemleri","Borçlanma Araçları, Yatırım Fonları ve Varant İtfa/Kupon/Getiri/Nakdi Uzlaşı Ödeme İşlemleri",DKB,https://www.kap.org.tr/tr/Bildirim/1451905
AKBNK,2025-06-25 16:26:14,Pay Dışında Sermaye Piyasası Aracı İşlemlerine İlişkin Bildirim (Faiz İçeren),Yurtdışı Piyasalara Tahvil İhracının Tamamlanması,ODA,https://www.kap.org.tr/tr/Bildirim/1451879
AKBNK,2025-06-25 16:26:02,Pay Dışında Sermaye Piyasası Aracı İşlemlerine İlişkin Bildirim (Faiz İçeren),Yurtdışı Piyasalara Tahvil İhracı,ODA,https://www.kap.org.tr/tr/Bildirim/1451878
GARAN,2025-06-25 16:25:31,Özel Durum Açıklaması (Genel),Tahsili Gecikmiş Alacak Portföyü Alımı-İhaleye Konu Alacakların Devrine Yönelik Sözleşmenin İmza Sürecinin Tamamlanması,ODA,https://www.kap.org.tr/tr/Bildirim/1451877
YKBNK,2025-06-25 09:56:50,Pay Dışında Sermaye Piyasası Aracı İşlemlerine İlişkin Bildirim (Faiz İçeren),Özkaynak hesaplamasına dahil edilebilir nitelikte yurtiçinde ihraç edilen borçlanma aracının kupon ödemesi,ODA,https://www.kap.org.tr/tr/Bildirim/1451658
TKFEN,2025-06-25 09:10:00,Kamuyu Aydınlatma Platformu Duyurusu,Özel Durumlar Tebliği'nin 12-(4). maddesi gereğince yapılan açıklama,DKB,https://www.kap.org.tr/tr/Bildirim/1451625
ARCLK,2025-06-25 08:29:10,Özel Durum Açıklaması (Genel),Risk Yönetimi Komitesi ve Kurumsal Yönetim Komitesi Çalışma Esaslarının Güncellenmesi,ODA,https://www.kap.org.tr/tr/Bildirim/1451613
ARCLK,2025-06-25 08:28:57,Pay Dışında Sermaye Piyasası Aracı İşlemlerine İlişkin Bildirim (Faiz İçeren),Borçlanma Aracı İhracı Talep Toplama,ODA,https://www.kap.org.tr/tr/Bildirim/1451612
VAKBN,2025-07-08 23:36:47,Şirket Genel Bilgi Formu,,DG,https://www.kap.org.tr/tr/Bildirim/1460828
KCHOL,2025-07-08 19:21:28,Özel Durum Açıklaması (Genel),Kayıtlı Sermaye Tavanı İçerisinde Pay Sahiplerinin Yeni Pay Alım Hakkı Tamamen Kısıtlanarak Bedelli Sermaye Artırımı,ODA,https://www.kap.org.tr/tr/Bildirim/1460557
EKGYO,2025-07-08 18:16:56,Pay Dışında Sermaye Piyasası Aracı İşlemlerine İlişkin Bildirim (Faizsiz),Yurtiçi Kira Sertifikası İhracı Nitelikli Yatırımcıya Satışın Tamamlanması Hk.,ODA,https://www.kap.org.tr/tr/Bildirim/1460308
KRDMD,2025-07-08 17:57:56,Pay Bazında Devre Kesici Bildirimi,KRDMD.E İşlem Sırasında Devre Kesici Uygulaması Başlamıştır,DKB,https://www.kap.org.tr/tr/Bildirim/1460173
THYAO,2025-07-08 17:16:05,Özel Durum Açıklaması (Genel),Haziran 2025 Trafik Sonuçları,ODA,https://www.kap.org.tr/tr/Bildirim/1460019
YKBNK,2025-07-08 16:55:56,Pay Dışında Sermaye Piyasası Aracı İşlemlerine İlişkin Bildirim (Faiz İçeren),Yurtdışında borçlanma aracı ihracının tamamlanması,ODA,https://www.kap.org.tr/tr/Bildirim/1459939
YKBNK,2025-07-08 16:55:45,Pay Dışında Sermaye Piyasası Aracı İşlemlerine İlişkin Bildirim (Faiz İçeren),Yurtdışında borçlanma aracı ihracının tamamlanması,ODA,https://www.kap.org.tr/tr/Bildirim/1459938
YKBNK,2025-07-08 16:55:32,Pay Dışında Sermaye Piyasası Aracı İşlemlerine İlişkin Bildirim (Faiz İçeren),Yurtdışında borçlanma aracı ihracının tamamlanması,ODA,https://www.kap.org.tr/tr/Bildirim/1459914
YKBNK,2025-07-08 16:55:20,Pay Dışında Sermaye Piyasası Aracı İşlemlerine İlişkin Bildirim (Faiz İçeren),Yurtdışında ihraç edilen borçlanma aracının itfası,ODA,https://www.kap.org.tr/tr/Bildirim/1459913
VAKBN,2025-07-08 16:53:39,Pay Dışında Sermaye Piyasası Aracı İşlemlerine İlişkin Bildirim (Faiz İçeren),GMTN Programı Çerçevesinde Türkiye Dışında Sürdürülebilir Borçlanma Aracı İhracı SPK Onayı ,ODA,https://www.kap.org.tr/tr/Bildirim/1459898
VAKBN,2025-07-08 16:51:53,Şirket Genel Bilgi Formu,,DG,https://www.kap.org.tr/tr/Bildirim/1459895
ISCTR,2025-07-08 16:14:22,Pay Dışında Sermaye Piyasası Aracı İşlemlerine İlişkin Bildirim (Faiz İçeren),Yurtdışı Piyasalara Sürdürülebilir Tahvil İhracı,ODA,https://www.kap.org.tr/tr/Bildirim/1459678
GARAN,2025-07-08 14:22:16,Şirket Genel Bilgi Formu,,DG,https://www.kap.org.tr/tr/Bildirim/1459468
ARCLK,2025-07-08 11:49:50,Endekslerde Kullanılan Fiili Dolaşımdaki Pay Oranı Değişiklikleri,-,DKB,https://www.kap.org.tr/tr/Bildirim/1459202
KONTR,2025-07-08 09:16:49,BISTECH Pay Piyasası Alım Satım Sistemi Duyurusu,Hak Kullanımı,DKB,https://www.kap.org.tr/tr/Bildirim/1458807
SAHOL,2025-07-08 08:40:30,Özel Durum Açıklaması (Genel),Sabancı Renewables Tarafından Güneş Enerji Santrali Yatırımı Yapılması,ODA,https://www.kap.org.tr/tr/Bildirim/1458753
GARAN,2025-07-08 08:12:02,Şirket Genel Bilgi Formu,,DG,https://www.kap.org.tr/tr/Bildirim/1458752
ARCLK,2025-07-07 18:24:31,Pay Dışında Sermaye Piyasası Aracı İşlemlerine İlişkin Bildirim (Faiz İçeren),TRSARCL42610 ISIN kodlu Tahvilin Kupon Ödemesi,ODA,https://www.kap.org.tr/tr/Bildirim/1458027
TUPRS,2025-07-07 18:19:21,Finansal Takvim,2025 2. Çeyrek Finansal Takvim,DG,https://www.kap.org.tr/tr/Bildirim/1458017
VAKBN,2025-07-07 17:56:18,Pay Dışında Sermaye Piyasası Aracı İşlemlerine İlişkin Bildirim (Faiz İçeren),GMTN Programı Çerçevesinde Türkiye Dışında Sürdürülebilir Borçlanma Aracı İhracı SPK Onayı ,ODA,https://www.kap.org.tr/tr/Bildirim/1457959
VAKBN,2025-07-07 17:55:59,Pay Dışında Sermaye Piyasası Aracı İşlemlerine İlişkin Bildirim (Faiz İçeren),GMTN Programı Çerçevesinde Türkiye Dışında Sürdürülebilir Borçlanma Aracı İhracı SPK Onayı ,ODA,https://www.kap.org.tr/tr/Bildirim/1457958
AKBNK,2025-07-07 17:17:51,Pay Dışında Sermaye Piyasası Aracı İşlemlerine İlişkin Bildirim (Faiz İçeren),XS2848263534 ISIN Kodlu Yeşil/Sürdürülebilir Temalı Tahvilin İtfası,ODA,https://www.kap.org.tr/tr/Bildirim/1457822
ARCLK,2025-07-07 16:58:52,"Borçlanma Araçları, Yatırım Fonları ve Varant İtfa/Kupon/Getiri/ Nakdi Uzlaşı Ödeme İşlemleri","Borçlanma Araçları, Yatırım Fonları ve Varant İtfa/Kupon/Getiri/ Nakdi Uzlaşı Ödeme İşlemleri",DKB,https://www.kap.org.tr/tr/Bildirim/1457746
GUBRF,2025-07-07 16:53:52,Özel Durum Açıklaması (Genel),Bağlı Ortaklık Üst Yönetim Görev Değişimi,ODA,https://www.kap.org.tr/tr/Bildirim/1457717
KONTR,2025-07-07 16:48:40,Hak Kullanımı,,DKB,https://www.kap.org.tr/tr/Bildirim/1457694
MGROS,2025-07-07 16:33:40,Borsada İşlem Gören Tipe Dönüşüm Duyurusu,DÖNÜŞÜM,DKB,https://www.kap.org.tr/tr/Bildirim/1457533
EKGYO,2025-07-07 16:28:48,Özel Durum Açıklaması (Genel),Muğla Bodrum Ortakent 1. Etap İhalesi 2. Oturum Sonucu,ODA,https://www.kap.org.tr/tr/Bildirim/1457497
TAVHL,2025-07-07 15:43:46,Finansal Takvim,2025 İkinci Çeyrek Finansal Takvimi,DG,https://www.kap.org.tr/tr/Bildirim/1457229
KONTR,2025-07-04 21:03:40,Sermaye Artırımından Elde Edilecek - Edilen Fonun Kullanımına İlişkin Rapor,Bedelli Sermaye Artırımından Elde Edilecek Fonun Kullanımına İlişkin Rapor,DG,https://www.kap.org.tr/tr/Bildirim/1456542
KONTR,2025-07-04 21:00:56,Sermaye Artırımı - Azaltımı İşlemlerine İlişkin Bildirim,Bedelli Sermaye Artırımına İlişkin SPK Başvurusu Hakkında,ODA,https://www.kap.org.tr/tr/Bildirim/1456541
MGROS,2025-07-04 18:35:13,Kurumsal Yönetim Bilgi Formu (Güncelleme) - Yönetim Kurulu-1,Kurumsal Yönetim Bilgi Formu (Güncelleme),DG,https://www.kap.org.tr/tr/Bildirim/1456484
MGROS,2025-07-04 18:34:37,Esas Sözleşme,"Esas Sözleşme
",DG,https://www.kap.org.tr/tr/Bildirim/1456483
MGROS,2025-07-04 18:34:10,Özel Durum Açıklaması (Genel),Haziran 2025 Mağaza Açılışları,ODA,https://www.kap.org.tr/tr/Bildirim/1456482
KONTR,2025-07-04 18:27:55,İhraç Tavanına İlişkin Bildirim,Yurt Dışı Borçlanma Aracı İhracına İlişkin İhraç Belgesi Onayı,ODA,https://www.kap.org.tr/tr/Bildirim/1456464
KONTR,2025-07-04 18:26:51,İhraç Belgesi,Yurt Dışı Borçlanma Aracı İhraç Belgesinin Onaylanması,DG,https://www.kap.org.tr/tr/Bildirim/1456453
ARCLK,2025-07-04 18:17:41,Kurumsal Yönetim İlkelerine Uyum Derecelendirmesi,Kurumsal Yönetim Derecelendirme Notu,ODA,https://www.kap.org.tr/tr/Bildirim/1456385
KCHOL,2025-07-04 18:15:09,Finansal Takvim,2025 2. Çeyrek Finansal Takvim ,DG,https://www.kap.org.tr/tr/Bildirim/1456375
VAKBN,2025-07-04 17:27:44,Pay Dışında Sermaye Piyasası Aracı İşlemlerine İlişkin Bildirim (Faiz İçeren),GMTN Programı Çerçevesinde Türkiye Dışında Sürdürülebilir Borçlanma Aracı İhracı SPK Onayı ,ODA,https://www.kap.org.tr/tr/Bildirim/1456246
VAKBN,2025-07-04 17:17:18,Pay Dışında Sermaye Piyasası Aracı İşlemlerine İlişkin Bildirim (Faiz İçeren),GMTN Programı Çerçevesinde Türkiye Dışında Sürdürülebilir Borçlanma Aracı İhracı SPK Onayı ,ODA,https://www.kap.org.tr/tr/Bildirim/1456226
EREGL,2025-07-04 16:44:56,Pay Mali Hak Kullanım İşlemi - Nakit Ödeme,Hak Kullanım İşlemleri,DKB,https://www.kap.org.tr/tr/Bildirim/1456080
GARAN,2025-07-04 15:47:49,"Borçlanma Araçları, Yatırım Fonları ve Varant İtfa/Kupon/Getiri/ Nakdi Uzlaşı Ödeme İşlemleri","Borçlanma Araçları, Yatırım Fonları ve Varant İtfa/Kupon/Getiri/ Nakdi Uzlaşı Ödeme İşlemleri
",DKB,https://www.kap.org.tr/tr/Bildirim/1455971
SISE,2025-07-04 15:47:49,"Borçlanma Araçları, Yatırım Fonları ve Varant İtfa/Kupon/Getiri/ Nakdi Uzlaşı Ödeme İşlemleri","Borçlanma Araçları, Yatırım Fonları ve Varant İtfa/Kupon/Getiri/ Nakdi Uzlaşı Ödeme İşlemleri
",DKB,https://www.kap.org.tr/tr/Bildirim/1455971
SISE,2025-07-04 14:41:09,Pay Dışında Sermaye Piyasası Aracı İşlemlerine İlişkin Bildirim (Faiz İçeren),TRSSISEE2517 Numaralı Tahvilin Kupon Ödemesi,ODA,https://www.kap.org.tr/tr/Bildirim/1455888
ISCTR,2025-07-04 10:26:20,Pay Dışında Sermaye Piyasası Aracı İşlemlerine İlişkin Bildirim (Faiz İçeren),Yurtdışı Piyasalara Tahvil İhracı,ODA,https://www.kap.org.tr/tr/Bildirim/1455167
ISCTR,2025-07-04 10:25:45,Pay Dışında Sermaye Piyasası Aracı İşlemlerine İlişkin Bildirim (Faiz İçeren),Yurtdışı Piyasalara Tahvil İhracı,ODA,https://www.kap.org.tr/tr/Bildirim/1455166
ISCTR,2025-07-04 10:25:11,Pay Dışında Sermaye Piyasası Aracı İşlemlerine İlişkin Bildirim (Faiz İçeren),Yurtdışı Piyasalara Tahvil İhracı,ODA,https://www.kap.org.tr/tr/Bildirim/1455164
ISCTR,2025-07-04 10:24:32,Pay Dışında Sermaye Piyasası Aracı İşlemlerine İlişkin Bildirim (Faiz İçeren),Yurtdışı Piyasalara Tahvil İhracı,ODA,https://www.kap.org.tr/tr/Bildirim/1455163
SISE,2025-07-03 18:16:38,BIST Pay Endeksleri,BIST Geri Alım Endeksi Dönemsel Endeks Değişiklikleri,DKB,https://www.kap.org.tr/tr/Bildirim/1454914
ODAS,2025-07-03 18:16:38,BIST Pay Endeksleri,BIST Geri Alım Endeksi Dönemsel Endeks Değişiklikleri,DKB,https://www.kap.org.tr/tr/Bildirim/1454914
AKBNK,2025-07-03 17:27:06,Şirket Genel Bilgi Formu,,DG,https://www.kap.org.tr/tr/Bildirim/1454862
ARCLK,2025-07-03 16:53:21,Borsada İşlem Gören Tipe Dönüşüm Duyurusu,DÖNÜŞÜM,DKB,https://www.kap.org.tr/tr/Bildirim/1454811
PETKM,2025-07-03 16:53:21,Borsada İşlem Gören Tipe Dönüşüm Duyurusu,DÖNÜŞÜM,DKB,https://www.kap.org.tr/tr/Bildirim/1454811
SAHOL,2025-07-03 14:54:40,Finansal Takvim,Finansal Takvim,DG,https://www.kap.org.tr/tr/Bildirim/1454667
AKBNK,2025-07-03 14:38:19,Finansal Takvim,Finansal Takvim (2025 2.Çeyrek),DG,https://www.kap.org.tr/tr/Bildirim/1454654
TKFEN,2025-07-03 09:56:17,Şirket Genel Bilgi Formu,,DG,https://www.kap.org.tr/tr/Bildirim/1454563
AKBNK,2025-07-03 09:33:33,Özel Durum Açıklaması (Genel),Organizasyonel Değişiklik,ODA,https://www.kap.org.tr/tr/Bildirim/1454558
GUBRF,2025-07-03 08:40:24,Özel Durum Açıklaması (Genel),Toplu İş Sözleşmesi Görüşmeleri Hakkında,ODA,https://www.kap.org.tr/tr/Bildirim/1454548
VAKBN,2025-07-02 17:33:36,Pay Dışında Sermaye Piyasası Aracı İşlemlerine İlişkin Bildirim (Faiz İçeren),GMTN Programı Çerçevesinde Türkiye Dışında Sürdürülebilir Borçlanma Aracı İhracı SPK Onayı ,ODA,https://www.kap.org.tr/tr/Bildirim/1454244
TCELL,2025-07-02 17:21:47,"Borçlanma Araçları, Yatırım Fonları ve Varant İtfa/Kupon/Getiri/ Nakdi Uzlaşı Ödeme İşlemleri","Borçlanma Araçları, Yatırım Fonları ve Varant İtfa/Kupon/Getiri/ Nakdi Uzlaşı Ödeme İşlemleri",DKB,https://www.kap.org.tr/tr/Bildirim/1454238
TCELL,2025-07-02 17:20:00,Şirket Genel Bilgi Formu,,DG,https://www.kap.org.tr/tr/Bildirim/1454237
TCELL,2025-07-02 17:19:08,Pay Dışında Sermaye Piyasası Aracı İşlemlerine İlişkin Bildirim (Faiz İçeren),TRFTCEL72513 Finansman Bonosu İtfası,ODA,https://www.kap.org.tr/tr/Bildirim/1454235
VAKBN,2025-07-02 16:24:37,Pay Dışında Sermaye Piyasası Aracı İşlemlerine İlişkin Bildirim (Faiz İçeren),Yurtdışında sürdürülebilir tahvil ihracına ilişkin SPK onayı ,ODA,https://www.kap.org.tr/tr/Bildirim/1454191
KONTR,2025-07-02 16:15:29,Pay Bazında Devre Kesici Bildirimi,KONTR.E İşlem Sırasında Devre Kesici Uygulaması Başlamıştır,DKB,https://www.kap.org.tr/tr/Bildirim/1454187
VAKBN,2025-07-02 15:55:42,Pay Dışında Sermaye Piyasası Aracı İşlemlerine İlişkin Bildirim (Faiz İçeren),Borçlanma Araçlarına İlişkin Faiz Açıklaması,ODA,https://www.kap.org.tr/tr/Bildirim/1454170
VAKBN,2025-07-02 15:52:26,İzahname-Özet (SPK Tarafından Onaylanan),İzahname- Özet,DG,https://www.kap.org.tr/tr/Bildirim/1454167
VAKBN,2025-07-02 15:52:12,İzahname-Sermaye Piyasası Aracı Notu (SPK Tarafından Onaylanan),İzahname- Sermaye Piyasası Aracı Notu,DG,https://www.kap.org.tr/tr/Bildirim/1454166
VAKBN,2025-07-02 15:51:56,İzahname-İhraççı Bİlgi Dokümanı (SPK Tarafından Onaylanan),İzahname- İhraççı Bilgi Dokümanı,DG,https://www.kap.org.tr/tr/Bildirim/1454164
ASELS,2025-07-02 09:49:28,Yeni İş İlişkisi,Sözleşme İmzalanması,ODA,https://www.kap.org.tr/tr/Bildirim/1454020
EREGL,2025-07-02 09:13:15,BISTECH Pay Piyasası Alım Satım Sistemi Duyurusu,Hak Kullanımı,DKB,https://www.kap.org.tr/tr/Bildirim/1454009
ARCLK,2025-07-02 09:05:21,Kamuyu Aydınlatma Platformu Duyurusu,Özel Durumlar Tebliği'nin 12-(4). maddesi gereğince yapılan açıklama,DKB,https://www.kap.org.tr/tr/Bildirim/1454005
CIMSA,2025-07-14 19:26:06,Finansal Takvim,2025 2. Çeyrek Finansal Takvim,DG,https://www.kap.org.tr/tr/Bildirim/1463684
GARAN,2025-07-11 18:22:25,Kurumsal Yönetim İlkelerine Uyum Derecelendirmesi,Kurumsal Yönetim Derecelendirme Sözleşmesi hakkında,ODA,https://www.kap.org.tr/tr/Bildirim/1462683
KCHOL,2025-07-11 18:15:12,Özel Durum Açıklaması (Genel),Bağlı ortaklığımız Marmaris Altınyunus Turistik Tesisler A.Ş.?nin sermaye artırımına katılım hakkında karar ,ODA,https://www.kap.org.tr/tr/Bildirim/1462670
VAKBN,2025-07-11 17:40:43,Borçlanma Araçlarının / Kira Sertifikalarının İşlem Görmeye Başlaması,Borçlanma Araçlarının / Kira Sertifikalarının İşlem Görmeye Başlaması,DKB,https://www.kap.org.tr/tr/Bildirim/1462634
ARCLK,2025-07-11 15:48:24,Kurumsal Yönetim İlkelerine Uyum Derecelendirmesi,Kurumsal Yönetim Derecelendirme Not Bildirimi,ODA,https://www.kap.org.tr/tr/Bildirim/1462524
TCELL,2025-07-11 15:41:27,Şirket Genel Bilgi Formu,,DG,https://www.kap.org.tr/tr/Bildirim/1462517
BIMAS,2025-07-11 15:38:34,Şirket Genel Bilgi Formu,,DG,https://www.kap.org.tr/tr/Bildirim/1462516
VAKBN,2025-07-11 11:27:51,Pay Dışında Sermaye Piyasası Aracı İşlemlerine İlişkin Bildirim (Faiz İçeren),TRFVKFB72510 ISIN kodlu T. Vakıflar Bankası T.A.O. Finansman Bonolarının İtfası,ODA,https://www.kap.org.tr/tr/Bildirim/1462256
ISCTR,2025-07-11 10:29:01,Pay Dışında Sermaye Piyasası Aracı İşlemlerine İlişkin Bildirim (Faiz İçeren),"Bildirim Konusu ""İtfa"" Olarak Düzeltilmiştir.",ODA,https://www.kap.org.tr/tr/Bildirim/1462226
FROTO,2025-07-11 09:12:14,Finansal Takvim,2025 2.Çeyrek Finansal Takvim,DG,https://www.kap.org.tr/tr/Bildirim/1462179
TAVHL,2025-07-11 07:53:56,Özel Durum Açıklaması (Genel),"Yatırımcı Bülteni (Haziran 2025)
",ODA,https://www.kap.org.tr/tr/Bildirim/1462172
YKBNK,2025-07-10 18:34:19,Özel Durum Açıklaması (Genel),Yapı Kredi Finansal Teknolojiler A.Ş.'nin Sermaye Artışına Katılım,ODA,https://www.kap.org.tr/tr/Bildirim/1462044
ARCLK,2025-07-10 18:30:00,Özel Durum Açıklaması (Genel),Yönetici Sorumluluk Sigortası,ODA,https://www.kap.org.tr/tr/Bildirim/1462036
KONTR,2025-07-10 16:40:05,Pay Mali Hak Kullanım İşlemi - Nakit Ödeme,Hak Kullanım İşlemleri,DKB,https://www.kap.org.tr/tr/Bildirim/1461780
GARAN,2025-07-10 16:12:20,Şirket Genel Bilgi Formu,,DG,https://www.kap.org.tr/tr/Bildirim/1461753
VAKBN,2025-07-10 14:32:33,Pay Dışında Sermaye Piyasası Aracı İşlemlerine İlişkin Bildirim (Faiz İçeren),Borçlanma Araçlarına İlişkin Satış Sonuçları Açıklaması,ODA,https://www.kap.org.tr/tr/Bildirim/1461677
ISCTR,2025-07-10 14:16:23,Pay Dışında Sermaye Piyasası Aracı İşlemlerine İlişkin Bildirim (Faiz İçeren),TLREF Türk Lirası Gecelik Referans Faiz Oranına Endeksli Tahvil kupon ve itfa ödemesi,ODA,https://www.kap.org.tr/tr/Bildirim/1461651
YKBNK,2025-07-10 11:36:48,Pay Dışında Sermaye Piyasası Aracı İşlemlerine İlişkin Bildirim (Faiz İçeren),Yurtdışında ihraç edilen borçlanma aracının itfası,ODA,https://www.kap.org.tr/tr/Bildirim/1461512
YKBNK,2025-07-10 10:50:30,Pay Dışında Sermaye Piyasası Aracı İşlemlerine İlişkin Bildirim (Faiz İçeren),Yurtdışında borçlanma aracı ihracının tamamlanması,ODA,https://www.kap.org.tr/tr/Bildirim/1461489
SISE,2025-07-10 10:23:38,Şirket Genel Bilgi Formu,,DG,https://www.kap.org.tr/tr/Bildirim/1461480
VAKBN,2025-07-10 09:13:27,Pay Dışında Sermaye Piyasası Aracı İşlemlerine İlişkin Bildirim (Faiz İçeren),Sürdürülebilir Tahvil İhracı Hk.,ODA,https://www.kap.org.tr/tr/Bildirim/1461430
TCELL,2025-07-09 20:11:30,Şirket Genel Bilgi Formu,,DG,https://www.kap.org.tr/tr/Bildirim/1461350
TOASO,2025-07-09 19:50:49,Finansal Takvim,Finansal Takvim,DG,https://www.kap.org.tr/tr/Bildirim/1461345
TOASO,2025-07-09 19:38:25,Faaliyetlerin Kısmen veya Tamamen Durdurulması ya da İmkansız Hale Gelmesi,Fabrikamızda yıllık izin döneminde üretim yapılmaması ve periyodik bakım hakkında açıklama,ODA,https://www.kap.org.tr/tr/Bildirim/1461341
VAKBN,2025-07-09 19:02:50,Özel Durum Açıklaması (Genel),Bankalarda İyi Ücretlendirme Uygulamalarına İlişkin Rehber kapsamında geri alınan paylar,ODA,https://www.kap.org.tr/tr/Bildirim/1461335
FROTO,2025-07-09 18:45:03,Kredi Derecelendirmesi,Kredi Derecelendirme Notu,ODA,https://www.kap.org.tr/tr/Bildirim/1461324
ISCTR,2025-07-09 17:47:02,Şirket Genel Bilgi Formu,,DG,https://www.kap.org.tr/tr/Bildirim/1461274
TKFEN,2025-07-09 17:25:06,Özel Durum Açıklaması (Genel),Özel Durum Açıklaması (Genel),DKB,https://www.kap.org.tr/tr/Bildirim/1461251
ISCTR,2025-07-09 17:24:44,Pay Dışında Sermaye Piyasası Aracı İşlemlerine İlişkin Bildirim (Faiz İçeren),Özel Sektör Tahvili Kupon Oranı Açıklaması ,ODA,https://www.kap.org.tr/tr/Bildirim/1461250
YKBNK,2025-07-09 17:05:10,Pay Dışında Sermaye Piyasası Aracı İşlemlerine İlişkin Bildirim (Faiz İçeren),Yurtdışında borçlanma aracı ihracının tamamlanması,ODA,https://www.kap.org.tr/tr/Bildirim/1461236
YKBNK,2025-07-22 13:52:44,Pay Dışında Sermaye Piyasası Aracı İşlemlerine İlişkin Bildirim (Faiz İçeren),Yurtdışında ihraç edilen borçlanma aracının itfası,ODA,https://www.kap.org.tr/tr/Bildirim/1465309
EKGYO,2025-07-22 11:22:24,Tertip İhraç Belgesi,Emlak Konut GYO 6.Tertip İhraç Belgesi,DG,https://www.kap.org.tr/tr/Bildirim/1465281
EKGYO,2025-07-22 11:22:13,Tertip İhraç Belgesi,Emlak Konut GYO 5.Tertip İhraç Belgesi,DG,https://www.kap.org.tr/tr/Bildirim/1465280
MGROS,2025-07-21 19:43:32,BIST Pay Endeksleri,BIST Temettü ve BIST Temettü 25 Dönemsel Endeks Değişiklikleri,DKB,https://www.kap.org.tr/tr/Bildirim/1465197
AKBNK,2025-07-21 18:44:44,Pay Dışında Sermaye Piyasası Aracı İşlemlerine İlişkin Bildirim (Faiz İçeren),Yurtdışı Piyasalara Tahvil İhracı,ODA,https://www.kap.org.tr/tr/Bildirim/1465176
AKBNK,2025-07-21 18:44:34,Pay Dışında Sermaye Piyasası Aracı İşlemlerine İlişkin Bildirim (Faiz İçeren),XS2842188687 ISIN Kodlu Tahvilin Kupon Ödemesi,ODA,https://www.kap.org.tr/tr/Bildirim/1465175
AKBNK,2025-07-21 18:44:21,Pay Dışında Sermaye Piyasası Aracı İşlemlerine İlişkin Bildirim (Faiz İçeren),US00971YAL48 ISIN Kodlu Tahvilin Kupon Ödemesi,ODA,https://www.kap.org.tr/tr/Bildirim/1465173
TUPRS,2025-07-21 18:18:26,Pay Dışında Sermaye Piyasası Aracı İşlemlerine İlişkin Bildirim (Faiz İçeren),TRSTPRS72614 ISIN Kodlu Tahvilin 4. Kupon Ödemesi ,ODA,https://www.kap.org.tr/tr/Bildirim/1465153
ISCTR,2025-07-21 17:16:18,İlişkili Taraf İşlemleri,Tapu Devir İşleminin Tamamlanması Hk.,ODA,https://www.kap.org.tr/tr/Bildirim/1465102
EREGL,2025-07-21 16:45:50,Borsada İşlem Gören Tipe Dönüşüm Duyurusu,DÖNÜŞÜM,DKB,https://www.kap.org.tr/tr/Bildirim/1465073
YKBNK,2025-07-21 16:45:50,Borsada İşlem Gören Tipe Dönüşüm Duyurusu,DÖNÜŞÜM,DKB,https://www.kap.org.tr/tr/Bildirim/1465073
TUPRS,2025-07-21 15:50:30,"Borçlanma Araçları, Yatırım Fonları ve Varant İtfa/Kupon/Getiri/ Nakdi Uzlaşı Ödeme İşlemleri","Borçlanma Araçları, Yatırım Fonları ve Varant İtfa/Kupon/Getiri/ Nakdi Uzlaşı Ödeme İşlemleri",DKB,https://www.kap.org.tr/tr/Bildirim/1465039
EKGYO,2025-07-21 15:42:41,Özel Durum Açıklaması (Genel),2025 2. Çeyrek Satış Raporu,ODA,https://www.kap.org.tr/tr/Bildirim/1465034
TKFEN,2025-07-21 15:15:07,Şirket Genel Bilgi Formu,,DG,https://www.kap.org.tr/tr/Bildirim/1465011
ASELS,2025-07-21 09:55:28,Yeni İş İlişkisi,Sözleşme İmzalanması,ODA,https://www.kap.org.tr/tr/Bildirim/1464896
TKFEN,2025-07-21 09:33:45,Genel Kurul İşlemlerine İlişkin Bildirim,"Genel kurul kararları arasında tescil edilecek bir madde bulunmadığından, genel kurul tescil edilmemiştir.",ODA,https://www.kap.org.tr/tr/Bildirim/1464884
TUPRS,2025-07-21 08:30:13,Pay Dışında Sermaye Piyasası Aracı İşlemlerine İlişkin Bildirim (Faiz İçeren),TRSTPRS72614 ISIN Kodlu Tahvilin 4. Kupon Faiz Oranının Belirlenmesi ,ODA,https://www.kap.org.tr/tr/Bildirim/1464872
EREGL,2025-07-18 20:32:58,Şirket Genel Bilgi Formu,,DG,https://www.kap.org.tr/tr/Bildirim/1464833
EREGL,2025-07-18 19:42:42,Özel Durum Açıklaması (Genel),Tüzel Kişi Yönetim Kurulu Üye Temsilcisi Değişiklikleri,ODA,https://www.kap.org.tr/tr/Bildirim/1464825
HALKB,2025-07-18 19:13:41,İhraç Belgesi,İHRAÇ BELGESİ,DG,https://www.kap.org.tr/tr/Bildirim/1464820
HALKB,2025-07-18 19:13:28,İhraç Tavanına İlişkin Bildirim,İhraç Tavanına İlişkin Bildirim,ODA,https://www.kap.org.tr/tr/Bildirim/1464819
AKBNK,2025-07-18 16:32:35,Pay Dışında Sermaye Piyasası Aracı İşlemlerine İlişkin Bildirim (Faiz İçeren),Yurtdışı Piyasalara Tahvil İhracı,ODA,https://www.kap.org.tr/tr/Bildirim/1464698
YKBNK,2025-07-18 14:28:08,Şirket Genel Bilgi Formu,,DG,https://www.kap.org.tr/tr/Bildirim/1464613
YKBNK,2025-07-18 14:27:04,Pay Dışında Sermaye Piyasası Aracı İşlemlerine İlişkin Bildirim (Faiz İçeren),Yurtdışında borçlanma aracı ihracının tamamlanması,ODA,https://www.kap.org.tr/tr/Bildirim/1464612
ASELS,2025-07-18 14:00:07,Yeni İş İlişkisi,Sözleşme İmzalanması,ODA,https://www.kap.org.tr/tr/Bildirim/1464592
YKBNK,2025-07-18 11:05:32,Pay Dışında Sermaye Piyasası Aracı İşlemlerine İlişkin Bildirim (Faiz İçeren),Yurtdışında ihraç edilen borçlanma aracının itfası,ODA,https://www.kap.org.tr/tr/Bildirim/1464551
THYAO,2025-07-18 09:44:04,Özel Durum Açıklaması (Genel),Yeni Hat Açılışı,ODA,https://www.kap.org.tr/tr/Bildirim/1464515
FROTO,2025-07-18 09:09:40,Faaliyetlerin Kısmen veya Tamamen Durdurulması ya da İmkansız Hale Gelmesi,2025 Yıllık İzin Uygulaması,ODA,https://www.kap.org.tr/tr/Bildirim/1464504
EREGL,2025-07-18 09:03:14,Kredi Derecelendirmesi,Moody's Kredi Derecelendirme Notu,ODA,https://www.kap.org.tr/tr/Bildirim/1464502
TOASO,2025-07-17 19:19:25,Şirket Genel Bilgi Formu,,DG,https://www.kap.org.tr/tr/Bildirim/1464487
TOASO,2025-07-17 19:18:50,Özel Durum Açıklaması (Genel),Yönetim Kurulu Üye Değişikliği,ODA,https://www.kap.org.tr/tr/Bildirim/1464486
YKBNK,2025-07-17 14:49:05,Pay Dışında Sermaye Piyasası Aracı İşlemlerine İlişkin Bildirim (Faiz İçeren),Yurtdışında borçlanma aracı ihracının tamamlanması,ODA,https://www.kap.org.tr/tr/Bildirim/1464254
YKBNK,2025-07-17 11:15:43,Pay Dışında Sermaye Piyasası Aracı İşlemlerine İlişkin Bildirim (Faiz İçeren),Yurtdışında ihraç edilen borçlanma aracının itfası,ODA,https://www.kap.org.tr/tr/Bildirim/1464202
ISCTR,2025-07-16 18:21:27,Maddi Duran Varlık Alımı,Parmakkapı Binasının Satın Alınması Hakkında,ODA,https://www.kap.org.tr/tr/Bildirim/1464106
ARCLK,2025-07-16 18:20:15,Finansal Takvim,2025 2. Çeyrek Finansal Takvim,DG,https://www.kap.org.tr/tr/Bildirim/1464105
PGSUS,2025-07-16 18:10:50,Özel Durum Açıklaması (Genel),2025 yılı Haziran ayı trafik verileri ve karbon emisyonu istatistikleri ektedir.,ODA,https://www.kap.org.tr/tr/Bildirim/1464093
PGSUS,2025-07-16 16:14:28,Pay Bazında Devre Kesici Bildirimi,PGSUS.E İşlem Sırasında Devre Kesici Uygulaması Başlamıştır,DKB,https://www.kap.org.tr/tr/Bildirim/1464018
YKBNK,2025-07-16 14:55:29,Pay Dışında Sermaye Piyasası Aracı İşlemlerine İlişkin Bildirim (Faiz İçeren),Yurtdışında borçlanma aracı ihracının tamamlanması,ODA,https://www.kap.org.tr/tr/Bildirim/1463940
VAKBN,2025-07-16 12:22:48,Pay Dışında Sermaye Piyasası Aracı İşlemlerine İlişkin Bildirim (Faiz İçeren),TRFVKFB72528 ISIN kodlu T. Vakıflar Bankası T.A.O. Finansman Bonosunun İtfası,ODA,https://www.kap.org.tr/tr/Bildirim/1463866
EKGYO,2025-07-16 09:22:42,Özel Durum Açıklaması (Genel),Gayrimenkul Sertifikası Halka Arzı Başvurusu Hakkında,ODA,https://www.kap.org.tr/tr/Bildirim/1463808
TAVHL,2025-07-29 23:45:23,Birleşme İşlemlerine İlişkin Bildirim,"Şirketimizin %100 sahip olduğu TAV Esenboğa Yatırım Yapım ve İşletme A.Ş'nin, Şirketimiz tarafından devir alınması suretiyle, kolaylaştırılmış usulde birleşmesine ilişkin yönetim kurulu kararı",ODA,https://www.kap.org.tr/tr/Bildirim/1468007
TAVHL,2025-07-29 23:42:03,Özel Durum Açıklaması (Genel),2025/6A Finansallar Hk,ODA,https://www.kap.org.tr/tr/Bildirim/1468006
TAVHL,2025-07-29 23:26:24,Sorumluluk Beyanı (Konsolide),TAVHL Sorumluluk Beyanı,FR,https://www.kap.org.tr/tr/Bildirim/1468003
TAVHL,2025-07-29 23:26:08,Faaliyet Raporu (Konsolide),TAVHL Faaliyet Raporu,FR,https://www.kap.org.tr/tr/Bildirim/1468002
TAVHL,2025-07-29 23:25:51,Finansal Rapor,,FR,https://www.kap.org.tr/tr/Bildirim/1468001
TAVHL,2025-07-29 22:57:37,Sürdürülebilirlik Raporu,2024 TSRS Uyumlu Sürdürülebilirlik Raporu,DG,https://www.kap.org.tr/tr/Bildirim/1467998
THYAO,2025-07-29 21:25:23,Kredi Derecelendirmesi,Moody's Kredi Derecelendirme Notu,ODA,https://www.kap.org.tr/tr/Bildirim/1467991
TUPRS,2025-07-29 19:37:20,Kredi Derecelendirmesi,Moody's Kredi Derecelendirme Notu,ODA,https://www.kap.org.tr/tr/Bildirim/1467963
GARAN,2025-07-29 19:34:20,Özel Durum Açıklaması (Genel),"İhale sonrası Devir ve Temlik İşlemlerinin tamamlanması hk.
",ODA,https://www.kap.org.tr/tr/Bildirim/1467960
TUPRS,2025-07-29 19:28:53,Özel Durum Açıklaması (Genel),2025 2.Çeyrek Finansal Tabloların Açıklanması,ODA,https://www.kap.org.tr/tr/Bildirim/1467958
ODAS,2025-07-29 18:36:36,Kredi Derecelendirmesi,JCR-ER Kredi Derecelendirme Notu Hakkında,ODA,https://www.kap.org.tr/tr/Bildirim/1467926
SASA,2025-07-29 18:35:53,Kredi Derecelendirmesi,Kredi Derecelendirme Notu,ODA,https://www.kap.org.tr/tr/Bildirim/1467925
TUPRS,2025-07-29 18:35:28,Faaliyet Raporu (Konsolide),Ara Dönem Faaliyet Raporu,FR,https://www.kap.org.tr/tr/Bildirim/1467924
TUPRS,2025-07-29 18:33:39,Finansal Rapor,,FR,https://www.kap.org.tr/tr/Bildirim/1467923
TUPRS,2025-07-29 18:33:18,Sorumluluk Beyanı (Konsolide),Sorumluluk Beyanı 30.06.2025,FR,https://www.kap.org.tr/tr/Bildirim/1467922
EKGYO,2025-07-29 18:31:49,Pay Dışında Sermaye Piyasası Aracı İşlemlerine İlişkin Bildirim (Faizsiz),Yurtiçi Kira Sertifikası İhracı Nitelikli Yatırımcıya Satışın Tamamlanması Hk.,ODA,https://www.kap.org.tr/tr/Bildirim/1467919
EKGYO,2025-07-29 18:31:23,Pay Dışında Sermaye Piyasası Aracı İşlemlerine İlişkin Bildirim (Faizsiz),Yurtiçi Kira Sertifikası İhracı Nitelikli Yatırımcıya Satışın Tamamlanması Hk.,ODA,https://www.kap.org.tr/tr/Bildirim/1467918
AKBNK,2025-07-29 18:16:15,Geleceğe Dönük Değerlendirmeler,Geleceğe Yönelik Değerlendirmeler,ODA,https://www.kap.org.tr/tr/Bildirim/1467859
AKBNK,2025-07-29 18:16:05,Sürdürülebilirlik Raporu,Akbank 2024 Türkiye Sürdürülebilirlik Raporlama Standartları Uyumlu Sürdürülebilirlik Raporumuz,DG,https://www.kap.org.tr/tr/Bildirim/1467856
AKBNK,2025-07-29 18:15:50,Sorumluluk Beyanı (Konsolide Olmayan),30-06-2025 Akbank Konsolide Olmayan Sorumluluk Beyanı,FR,https://www.kap.org.tr/tr/Bildirim/1467854
AKBNK,2025-07-29 18:15:35,Sorumluluk Beyanı (Konsolide),30-06-2025 Akbank Konsolide Sorumluluk Beyanı,FR,https://www.kap.org.tr/tr/Bildirim/1467851
AKBNK,2025-07-29 18:15:23,Finansal Rapor,,FR,https://www.kap.org.tr/tr/Bildirim/1467850
SASA,2025-07-29 18:15:21,Kredi Derecelendirmesi,KREDİ DERECELENDİRME BİLDİRİMİ,ODA,https://www.kap.org.tr/tr/Bildirim/1467849
KCHOL,2025-07-29 18:15:11,Finansal Duran Varlık Edinimi,Bağlı ortaklığımız Tek-Art Kalamış ve Fenerbahçe Marmara Turizm Tesisleri A.Ş.?nin Göcek Village Port Marina ve Göcek Exclusive Port Marina?nin devralınması amaçlı finansal duran varlık edinimi,ODA,https://www.kap.org.tr/tr/Bildirim/1467847
AKBNK,2025-07-29 18:15:09,Finansal Rapor,,FR,https://www.kap.org.tr/tr/Bildirim/1467846
AKBNK,2025-07-29 17:27:48,Pay Dışında Sermaye Piyasası Aracı İşlemlerine İlişkin Bildirim (Faiz İçeren),Yurtdışı Piyasalara Tahvil İhracının Tamamlanması,ODA,https://www.kap.org.tr/tr/Bildirim/1467801
TCELL,2025-07-29 12:39:18,Finansal Takvim,2. Çeyrek 2025 Finansal Sonuç Açıklaması Takvimi,DG,https://www.kap.org.tr/tr/Bildirim/1467564
PGSUS,2025-07-29 10:44:55,Esas Sözleşme,Şirket Ana Sözleşmesi (Güncel Konsolide Metin),DG,https://www.kap.org.tr/tr/Bildirim/1467532
PGSUS,2025-07-29 10:44:31,Finansal Takvim,Finansal Takvim,DG,https://www.kap.org.tr/tr/Bildirim/1467531
ISCTR,2025-07-29 10:31:13,Pay Dışında Sermaye Piyasası Aracı İşlemlerine İlişkin Bildirim (Faiz İçeren),Yurtiçi TL cinsi katkı sermaye hesaplamasına dahil edilecek borçlanma aracı kupon ödemesi ,ODA,https://www.kap.org.tr/tr/Bildirim/1467519
TOASO,2025-07-28 23:33:49,Sürdürülebilirlik Raporu,2024 Entegre Raporu ve TSRS Uyumlu Sürdürülebilirlik Raporu,DG,https://www.kap.org.tr/tr/Bildirim/1467467
TOASO,2025-07-28 23:33:01,Sorumluluk Beyanı (Konsolide),Sermaye Piyasası Kurulunun İlgili Tebliği gereğince hazırlanan Sorumluluk Beyanı,FR,https://www.kap.org.tr/tr/Bildirim/1467466
TOASO,2025-07-28 23:30:49,Faaliyet Raporu (Konsolide),01.01.2025 - 30.06.2025 dönemine ait 2. Çeyrek Ara Dönem Faaliyet Raporu,FR,https://www.kap.org.tr/tr/Bildirim/1467465
TOASO,2025-07-28 23:30:29,Finansal Rapor,,FR,https://www.kap.org.tr/tr/Bildirim/1467464
BIMAS,2025-07-28 19:28:19,Şirket Genel Bilgi Formu,,DG,https://www.kap.org.tr/tr/Bildirim/1467429
GARAN,2025-07-28 19:00:07,Özel Durum Açıklaması (Genel),"Tahsili Gecikmiş Alacak Portföyü Alımı
",ODA,https://www.kap.org.tr/tr/Bildirim/1467378
EKGYO,2025-07-28 17:16:24,Özel Durum Açıklaması (Genel),Allsancak STG Artışı,ODA,https://www.kap.org.tr/tr/Bildirim/1467235
ODAS,2025-07-28 16:58:33,Bağımsız Denetim Kuruluşunun Belirlenmesi,Sürdürülebilirlik Güvence Denetimini Yapmak Üzere Bağımsız Denetim Şirketi Seçimi Hakkında,ODA,https://www.kap.org.tr/tr/Bildirim/1467156
ODAS,2025-07-28 16:55:08,Bağımsız Denetim Kuruluşunun Belirlenmesi,Bağımsız Denetim Kuruluşu Belirlenmesi Hakkında,ODA,https://www.kap.org.tr/tr/Bildirim/1467142
ODAS,2025-07-28 15:54:10,Özel Durum Açıklaması (Genel),JCR-ER Kredi Derecelendirme Notu Hakkında,ODA,https://www.kap.org.tr/tr/Bildirim/1467089
ODAS,2025-07-28 15:24:44,Kredi Derecelendirmesi,KREDİ DERECELENDİRME BİLDİRİMİ,ODA,https://www.kap.org.tr/tr/Bildirim/1467068
GARAN,2025-07-28 14:41:16,Özel Durum Açıklaması (Genel),Tahsili gecikmiş alacak portföy satışı hk.,ODA,https://www.kap.org.tr/tr/Bildirim/1467031
ARCLK,2025-07-25 18:27:44,Şirket Genel Bilgi Formu,,DG,https://www.kap.org.tr/tr/Bildirim/1466753
ARCLK,2025-07-25 18:27:24,Özel Durum Açıklaması (Genel),2025 2. çeyrek finansal tabloların açıklanması,ODA,https://www.kap.org.tr/tr/Bildirim/1466752
ARCLK,2025-07-25 18:26:39,Katılım Finansı İlkeleri Bilgi Formu ,,DG,https://www.kap.org.tr/tr/Bildirim/1466751
ARCLK,2025-07-25 18:26:15,Faaliyet Raporu (Konsolide),Ara Dönem Faaliyet Raporu,FR,https://www.kap.org.tr/tr/Bildirim/1466750
ARCLK,2025-07-25 18:26:04,Sorumluluk Beyanı (Konsolide),Sorumluluk Beyanı,FR,https://www.kap.org.tr/tr/Bildirim/1466749
ARCLK,2025-07-25 18:25:26,Finansal Rapor,,FR,https://www.kap.org.tr/tr/Bildirim/1466748
GARAN,2025-07-25 18:14:08,Özel Durum Açıklaması (Genel),Tahsili gecikmiş alacak portföy satışı hk.,ODA,https://www.kap.org.tr/tr/Bildirim/1466726
KONTR,2025-07-25 17:53:01,Özel Durum Açıklaması (Genel),Bağlı ortaklığın sözleşme imzalaması,ODA,https://www.kap.org.tr/tr/Bildirim/1466689
HALKB,2025-07-25 17:00:09,"Borçlanma Araçları, Yatırım Fonları ve Varant İtfa/Kupon/Getiri/ Nakdi Uzlaşı Ödeme İşlemleri","Borçlanma Araçları, Yatırım Fonları ve Varant İtfa/Kupon/Getiri/ Nakdi Uzlaşı Ödeme İşlemleri",DKB,https://www.kap.org.tr/tr/Bildirim/1466650
AKBNK,2025-07-25 16:10:13,Pay Dışında Sermaye Piyasası Aracı İşlemlerine İlişkin Bildirim (Faiz İçeren),Yurtdışı Piyasalara Tahvil İhracı,ODA,https://www.kap.org.tr/tr/Bildirim/1466602
VAKBN,2025-07-25 15:30:53,Pay Dışında Sermaye Piyasası Aracı İşlemlerine İlişkin Bildirim (Faiz İçeren),Borçlanma Araçlarına İlişkin SPK Başvurusu,ODA,https://www.kap.org.tr/tr/Bildirim/1466584
ISCTR,2025-07-25 15:19:58,Pay Dışında Sermaye Piyasası Aracı İşlemlerine İlişkin Bildirim (Faiz İçeren),"Yurtdışı Piyasalara Sürdürülebilir Tahvil İhracı
",ODA,https://www.kap.org.tr/tr/Bildirim/1466557
HALKB,2025-07-25 14:13:44,Pay Dışında Sermaye Piyasası Aracı İşlemlerine İlişkin Bildirim (Faiz İçeren),Yurtiçinde Nitelikli Yatırımcılara Sermaye Benzeri Tahvil Kupon İtfası,ODA,https://www.kap.org.tr/tr/Bildirim/1466533
ISCTR,2025-07-25 11:14:19,Pay Dışında Sermaye Piyasası Aracı İşlemlerine İlişkin Bildirim (Faiz İçeren),Nitelikli Yatırımcılara Finansman Bonosu Satışının Tamamlanması ,ODA,https://www.kap.org.tr/tr/Bildirim/1466493
GARAN,2025-07-25 11:09:38,Pay Dışında Sermaye Piyasası Aracı İşlemlerine İlişkin Bildirim (Faiz İçeren),İhraççısı Olduğumuz Tahvilin Erken İtfası Hakkında,ODA,https://www.kap.org.tr/tr/Bildirim/1466489
GARAN,2025-07-25 11:08:48,Pay Dışında Sermaye Piyasası Aracı İşlemlerine İlişkin Bildirim (Faiz İçeren),İhraççısı Olduğumuz Tahvilin Erken İtfası Hakkında,ODA,https://www.kap.org.tr/tr/Bildirim/1466488
EKGYO,2025-07-25 10:43:32,İhraç Belgesi,İHRAÇ BELGESİ,DG,https://www.kap.org.tr/tr/Bildirim/1466473
EKGYO,2025-07-25 10:43:07,İhraç Tavanına İlişkin Bildirim,İhraç Tavanına İlişkin Bildirim,ODA,https://www.kap.org.tr/tr/Bildirim/1466472
EKGYO,2025-07-25 09:38:01,Özel Durum Açıklaması (Genel),İstanbul Avcılar Firuzköy 2. Etap Yer Teslimi,ODA,https://www.kap.org.tr/tr/Bildirim/1466410
EKGYO,2025-07-25 09:33:49,Özel Durum Açıklaması (Genel),Muğla Bodrum Ortakent Müskebi İhale İlanı,ODA,https://www.kap.org.tr/tr/Bildirim/1466406
EREGL,2025-07-25 09:00:08,Kurumsal Yönetim İlkelerine Uyum Derecelendirmesi,Kurumsal Yönetim İlkelerine Uyum Derecelendirme Raporu ve Notu,ODA,https://www.kap.org.tr/tr/Bildirim/1466397
ARCLK,2025-07-24 18:21:42,Sürdürülebilirlik Raporu,2024 Entegre Raporu ve TSRS Uyumlu Sürdürülebilirlik Raporu,DG,https://www.kap.org.tr/tr/Bildirim/1466328
HALKB,2025-07-24 18:17:20,Şirket Genel Bilgi Formu,,DG,https://www.kap.org.tr/tr/Bildirim/1466320
HALKB,2025-07-24 18:16:10,Pay Dışında Sermaye Piyasası Aracı İşlemlerine İlişkin Bildirim (Faiz İçeren),Yurtiçinde Nitelikli Yatırımcılara Sermaye Benzeri Tahvil Kupon Oranı,ODA,https://www.kap.org.tr/tr/Bildirim/1466317
YKBNK,2025-07-24 14:22:10,Pay Dışında Sermaye Piyasası Aracı İşlemlerine İlişkin Bildirim (Faiz İçeren),Yurtdışında borçlanma aracı ihracının tamamlanması,ODA,https://www.kap.org.tr/tr/Bildirim/1466016
AKBNK,2025-07-24 13:57:22,Pay Dışında Sermaye Piyasası Aracı İşlemlerine İlişkin Bildirim (Faiz İçeren),Yurtdışı Piyasalara Tahvil İhracının Tamamlanması,ODA,https://www.kap.org.tr/tr/Bildirim/1466005
YKBNK,2025-07-24 12:55:12,Pay Dışında Sermaye Piyasası Aracı İşlemlerine İlişkin Bildirim (Faiz İçeren),Yurtdışında ihraç edilen borçlanma aracının itfası,ODA,https://www.kap.org.tr/tr/Bildirim/1465986
EKGYO,2025-07-24 12:17:09,Özel Durum Açıklaması (Genel),Gayrimenkul Sertifikası Halka Arzı Hakkında,ODA,https://www.kap.org.tr/tr/Bildirim/1465970
YKBNK,2025-07-23 18:16:15,İhraç Tavanına İlişkin Bildirim,Yurtdışında İpotek Teminatlı Menkul Kıymet ihraç tavanına ilişkin yönetim kurulu kararı,ODA,https://www.kap.org.tr/tr/Bildirim/1465804
YKBNK,2025-07-23 18:15:55,Özel Durum Açıklaması (Genel),İçsel Bilgilerin Gizliliğinin Korunması ve Bilgi Suistimalinin Önlenmesi Politikasının Kabulü,ODA,https://www.kap.org.tr/tr/Bildirim/1465802
EREGL,2025-07-23 18:11:37,Pay Dışında Sermaye Piyasası Aracı İşlemlerine İlişkin Bildirim (Faiz İçeren),XS2861686041 ISIN Kodlu Tahvilin 2.Kupon Ödemesi,ODA,https://www.kap.org.tr/tr/Bildirim/1465800
AKBNK,2025-07-23 17:59:07,Pay Dışında Sermaye Piyasası Aracı İşlemlerine İlişkin Bildirim (Faiz İçeren),Yurtdışı Piyasalara Tahvil İhracının Tamamlanması,ODA,https://www.kap.org.tr/tr/Bildirim/1465786
TAVHL,2025-07-23 17:17:21,Borsada İşlem Gören Tipe Dönüşüm Duyurusu,DÖNÜŞÜM,DKB,https://www.kap.org.tr/tr/Bildirim/1465735
THYAO,2025-07-23 17:17:21,Borsada İşlem Gören Tipe Dönüşüm Duyurusu,DÖNÜŞÜM,DKB,https://www.kap.org.tr/tr/Bildirim/1465735
KONTR,2025-07-23 16:30:51,Kurumsal Yönetim Bilgi Formu (Güncelleme) - Yönetim Kurulu-2,Yönetim Kurulu Komitelerinin Yapılanması,DG,https://www.kap.org.tr/tr/Bildirim/1465690
VAKBN,2025-07-23 15:25:18,Pay Dışında Sermaye Piyasası Aracı İşlemlerine İlişkin Bildirim (Faiz İçeren),GMTN Programı Çerçevesinde Türkiye Dışında Sürdürülebilir Borçlanma Aracı İhracı SPK Onayı ,ODA,https://www.kap.org.tr/tr/Bildirim/1465653
ISCTR,2025-07-23 14:35:01,Pay Dışında Sermaye Piyasası Aracı İşlemlerine İlişkin Bildirim (Faiz İçeren),Yurtdışı Piyasalara Tahvil İhracı,ODA,https://www.kap.org.tr/tr/Bildirim/1465637
ASELS,2025-07-23 13:45:55,Yeni İş İlişkisi,"Sözleşme İmzalanması
",ODA,https://www.kap.org.tr/tr/Bildirim/1465624
CIMSA,2025-08-05 22:45:19,Katılım Finansı İlkeleri Bilgi Formu ,,DG,https://www.kap.org.tr/tr/Bildirim/1472701
CIMSA,2025-08-05 22:45:11,Özel Durum Açıklaması (Genel),30 Haziran 2025 Finansal Sonuçlar Bilgilendirme Bülteni,ODA,https://www.kap.org.tr/tr/Bildirim/1472700
CIMSA,2025-08-05 22:44:59,Sürdürülebilirlik Raporu,TSRS Uyumlu Sürdürülebilirlik Raporu 2024 Çimsa Çimento,DG,https://www.kap.org.tr/tr/Bildirim/1472699
CIMSA,2025-08-05 22:44:49,Faaliyet Raporu (Konsolide),30.06.2025 Faaliyet Raporu,FR,https://www.kap.org.tr/tr/Bildirim/1472698
CIMSA,2025-08-05 22:44:37,Finansal Rapor,,FR,https://www.kap.org.tr/tr/Bildirim/1472697
CIMSA,2025-08-05 22:44:22,Sorumluluk Beyanı (Konsolide),30.06.2025 Sorumluluk Beyanı,FR,https://www.kap.org.tr/tr/Bildirim/1472696
EKGYO,2025-08-05 22:16:58,Özel Durum Açıklaması (Genel),Muğla Bodrum Ortakent Müskebi 1. Oturum Sonucu,ODA,https://www.kap.org.tr/tr/Bildirim/1472685
ISCTR,2025-08-05 21:26:56,Sürdürülebilirlik Raporu,2024 yılı TSRS Uyumlu Sürdürülebilirlik Raporu,DG,https://www.kap.org.tr/tr/Bildirim/1472669
MGROS,2025-08-05 19:41:46,Özel Durum Açıklaması (Genel),Temmuz 2025 Mağaza Açılışları,ODA,https://www.kap.org.tr/tr/Bildirim/1472644
ASELS,2025-08-05 19:40:47,Şirket Genel Bilgi Formu,,DG,https://www.kap.org.tr/tr/Bildirim/1472643
ASELS,2025-08-05 19:40:36,Özel Durum Açıklaması (Genel),Yönetici Sorumluluk Sigortası,ODA,https://www.kap.org.tr/tr/Bildirim/1472642
ASELS,2025-08-05 19:40:19,Katılım Finansı İlkeleri Bilgi Formu ,,DG,https://www.kap.org.tr/tr/Bildirim/1472641
ASELS,2025-08-05 19:34:13,Sürdürülebilirlik Raporu,2024 Sürdürülebilirlik Raporu ve TSRS Uyumlu Sürdürülebilirlik Raporu,DG,https://www.kap.org.tr/tr/Bildirim/1472639
ASELS,2025-08-05 19:34:02,Faaliyet Raporu (Konsolide),5 Ağustos 2025 1276 Sayılı Yönetim Kurulu Kararı,FR,https://www.kap.org.tr/tr/Bildirim/1472638
ASELS,2025-08-05 19:33:50,Finansal Rapor,,FR,https://www.kap.org.tr/tr/Bildirim/1472637
ASELS,2025-08-05 19:33:32,Sorumluluk Beyanı (Konsolide),5 Ağustos 2025 AS011-2025-0016,FR,https://www.kap.org.tr/tr/Bildirim/1472636
THYAO,2025-08-05 19:19:20,Şirket Genel Bilgi Formu,,DG,https://www.kap.org.tr/tr/Bildirim/1472635
THYAO,2025-08-05 19:16:56,Sürdürülebilirlik Raporu,2024 TSRS Uyumlu Sürdürülebilirlik Raporu,DG,https://www.kap.org.tr/tr/Bildirim/1472634
THYAO,2025-08-05 19:16:32,Özel Durum Açıklaması (Genel),2025 2. Çeyrek Finansal Sonuçlar,ODA,https://www.kap.org.tr/tr/Bildirim/1472633
THYAO,2025-08-05 19:16:18,Katılım Finansı İlkeleri Bilgi Formu ,,DG,https://www.kap.org.tr/tr/Bildirim/1472632
THYAO,2025-08-05 19:16:04,Sorumluluk Beyanı (Konsolide),"Sermaye Piyasası Kurulu Seri: II, No:14.1 Sayılı Tebliğinin 2.Bölüm Madde 9 Gereğince Hazırlanan Sorumluluk Beyanı",FR,https://www.kap.org.tr/tr/Bildirim/1472630
THYAO,2025-08-05 19:15:51,Faaliyet Raporu (Konsolide),01.01.2025 - 30.06.2025 Dönemi Yönetim Kurulu Faaliyet Raporu,FR,https://www.kap.org.tr/tr/Bildirim/1472627
THYAO,2025-08-05 19:15:36,Finansal Rapor,,FR,https://www.kap.org.tr/tr/Bildirim/1472624
EREGL,2025-08-05 18:31:51,Şirket Genel Bilgi Formu,,DG,https://www.kap.org.tr/tr/Bildirim/1472577
EREGL,2025-08-05 18:31:35,Özel Durum Açıklaması (Genel),Tüzel Kişi Yönetim Kurulu Üye Temsilcisi Değişikliği,ODA,https://www.kap.org.tr/tr/Bildirim/1472576
SISE,2025-08-05 18:23:38,Özel Durum Açıklaması (Genel),Şirketimiz ana ortağı Türkiye İş Bankası A.Ş.'nin 30.06.2025 tarihli finansal sonuçlarının ilanı hakkında,ODA,https://www.kap.org.tr/tr/Bildirim/1472566
ISCTR,2025-08-05 18:22:54,Geleceğe Dönük Değerlendirmeler,Geleceğe Yönelik Değerlendirmeler,ODA,https://www.kap.org.tr/tr/Bildirim/1472564
PGSUS,2025-08-05 18:21:48,Finansal Duran Varlık Edinimi,Yurt Dışında Bağlı Şirket Kuruluşu,ODA,https://www.kap.org.tr/tr/Bildirim/1472562
ISCTR,2025-08-05 18:13:24,Sorumluluk Beyanı (Konsolide),Konsolide Sorumluluk Beyanı,FR,https://www.kap.org.tr/tr/Bildirim/1472538
GARAN,2025-08-05 18:12:29,Pay Dışında Sermaye Piyasası Aracı İşlemlerine İlişkin Bildirim (Faiz İçeren),Yurtdışı Piyasalara Tahvil İhracı SPK Onayı,ODA,https://www.kap.org.tr/tr/Bildirim/1472536
ISCTR,2025-08-05 18:12:28,Finansal Rapor,,FR,https://www.kap.org.tr/tr/Bildirim/1472535
ISCTR,2025-08-05 18:11:42,Sorumluluk Beyanı (Konsolide Olmayan),Konsolide Olmayan Sorumluluk Beyanı,FR,https://www.kap.org.tr/tr/Bildirim/1472527
ISCTR,2025-08-05 18:11:15,Finansal Rapor,,FR,https://www.kap.org.tr/tr/Bildirim/1472523
AKBNK,2025-08-05 17:04:35,Borsada İşlem Gören Tipe Dönüşüm Duyurusu,DÖNÜŞÜM,DKB,https://www.kap.org.tr/tr/Bildirim/1472427
AKBNK,2025-08-05 16:47:16,Pay Dışında Sermaye Piyasası Aracı İşlemlerine İlişkin Bildirim (Faiz İçeren),Yurtdışı Piyasalara Tahvil İhracı,ODA,https://www.kap.org.tr/tr/Bildirim/1472376
AKBNK,2025-08-05 16:47:05,Pay Dışında Sermaye Piyasası Aracı İşlemlerine İlişkin Bildirim (Faiz İçeren),Yurtdışı Piyasalara Tahvil İhracı,ODA,https://www.kap.org.tr/tr/Bildirim/1472375
ISCTR,2025-08-05 16:46:59,Pay Dışında Sermaye Piyasası Aracı İşlemlerine İlişkin Bildirim (Faiz İçeren),Yurtdışı Piyasalara Tahvil İhracı,ODA,https://www.kap.org.tr/tr/Bildirim/1472374
ISCTR,2025-08-05 16:46:29,Pay Dışında Sermaye Piyasası Aracı İşlemlerine İlişkin Bildirim (Faiz İçeren),Yurtdışı Piyasalara Tahvil İhracı,ODA,https://www.kap.org.tr/tr/Bildirim/1472373
TCELL,2025-08-04 20:53:45,Finansal Duran Varlık Satışı,Ukrayna'da faaliyet gösteren bağlı ortaklıkların nihai satış bedelinin netleşmesi,ODA,https://www.kap.org.tr/tr/Bildirim/1472015
SISE,2025-08-04 17:45:23,Özel Durum Açıklaması (Genel),Ham cam dağıtım faaliyetine ilişkin karar hk.,ODA,https://www.kap.org.tr/tr/Bildirim/1471842
AKBNK,2025-08-04 17:02:54,Pay Dışında Sermaye Piyasası Aracı İşlemlerine İlişkin Bildirim (Faiz İçeren),Yurtdışı Piyasalara Tahvil İhracı,ODA,https://www.kap.org.tr/tr/Bildirim/1471793
EKGYO,2025-08-04 13:35:52,Özel Durum Açıklaması (Genel),DAMLA KENT PROJESİ BİLGİ NOTU,ODA,https://www.kap.org.tr/tr/Bildirim/1471612
EKGYO,2025-08-04 11:05:21,İzahname-İhraççı Bİlgi Dokümanı (SPK Tarafından Onaylanan),DAMLA KENT PROJESİ İZAHNAMEYE İLİŞKİN HAZIRLANAN ANALİST RAPORU,DG,https://www.kap.org.tr/tr/Bildirim/1471551
YKBNK,2025-08-04 10:29:47,Pay Dışında Sermaye Piyasası Aracı İşlemlerine İlişkin Bildirim (Faiz İçeren),Yurtdışında ihraç edilen borçlanma aracının itfası,ODA,https://www.kap.org.tr/tr/Bildirim/1471539
EKGYO,2025-08-04 09:26:30,Tertip İhraç Belgesi,Emlak Konut GYO 1.Tertip İhraç Belgesi,DG,https://www.kap.org.tr/tr/Bildirim/1471503
ISCTR,2025-08-01 19:38:33,Özel Durum Açıklaması (Genel),"Tahsili Gecikmiş Alacak Portföyü Alımı
",ODA,https://www.kap.org.tr/tr/Bildirim/1471426
SISE,2025-08-01 18:27:54,Sürdürülebilirlik Raporu,TSRS Uyumlu 2024 Sürdürülebilirlik Raporu ,DG,https://www.kap.org.tr/tr/Bildirim/1471387
KCHOL,2025-08-01 18:16:12,Katılım Finansı İlkeleri Bilgi Formu ,,DG,https://www.kap.org.tr/tr/Bildirim/1471361
HALKB,2025-08-01 18:03:44,Borçlanma Araçlarının / Kira Sertifikalarının İşlem Görmeye Başlaması,Borçlanma Araçlarının / Kira Sertifikalarının İşlem Görmeye Başlaması,DKB,https://www.kap.org.tr/tr/Bildirim/1471331
EKGYO,2025-08-01 17:06:00,Özel Durum Açıklaması (Genel),İdealist Cadde İdealist Koru Kısmi Kesin Kabul   ,ODA,https://www.kap.org.tr/tr/Bildirim/1471281
HALKB,2025-08-01 17:01:54,"Borçlanma Araçları, Yatırım Fonları ve Varant İtfa/Kupon/Getiri/ Nakdi Uzlaşı Ödeme İşlemleri","Borçlanma Araçları, Yatırım Fonları ve Varant İtfa/Kupon/Getiri/ Nakdi Uzlaşı Ödeme İşlemleri",DKB,https://www.kap.org.tr/tr/Bildirim/1471274
SISE,2025-08-01 17:01:54,"Borçlanma Araçları, Yatırım Fonları ve Varant İtfa/Kupon/Getiri/ Nakdi Uzlaşı Ödeme İşlemleri","Borçlanma Araçları, Yatırım Fonları ve Varant İtfa/Kupon/Getiri/ Nakdi Uzlaşı Ödeme İşlemleri",DKB,https://www.kap.org.tr/tr/Bildirim/1471274
YKBNK,2025-08-01 16:42:03,Pay Dışında Sermaye Piyasası Aracı İşlemlerine İlişkin Bildirim (Faiz İçeren),Yurtdışında borçlanma aracı ihracının tamamlanması,ODA,https://www.kap.org.tr/tr/Bildirim/1471240
AKBNK,2025-08-01 16:41:05,Pay Dışında Sermaye Piyasası Aracı İşlemlerine İlişkin Bildirim (Faiz İçeren),Yurtdışı Piyasalara Tahvil İhracı,ODA,https://www.kap.org.tr/tr/Bildirim/1471239
ASELS,2025-08-01 16:20:20,Borsada İşlem Gören Tipe Dönüşüm Duyurusu,DÖNÜŞÜM,DKB,https://www.kap.org.tr/tr/Bildirim/1471216
EKGYO,2025-08-01 16:11:50,Pay Alım Satım Bildirimi,Pay Alım Satım Bildirimi,DKB,https://www.kap.org.tr/tr/Bildirim/1471209
EKGYO,2025-08-01 15:48:43,Özel Durum Açıklaması (Genel),İstanbul Ataşehir Doğu Bölgesi 3. Etap Yapı Ruhsatı Alınması,ODA,https://www.kap.org.tr/tr/Bildirim/1471202
HALKB,2025-08-01 15:20:24,Pay Dışında Sermaye Piyasası Aracı İşlemlerine İlişkin Bildirim (Faiz İçeren),Finansman Bonosu İhracına İlişkin Nitelikli Yatırımcıya Satışın Tamamlanması,ODA,https://www.kap.org.tr/tr/Bildirim/1471173
HALKB,2025-08-01 15:20:05,Pay Dışında Sermaye Piyasası Aracı İşlemlerine İlişkin Bildirim (Faiz İçeren),Borçlanma Aracı İhracının İtfası,ODA,https://www.kap.org.tr/tr/Bildirim/1471171
YKBNK,2025-08-01 15:15:26,Pay Dışında Sermaye Piyasası Aracı İşlemlerine İlişkin Bildirim (Faiz İçeren),Yurtdışında ihraç edilen borçlanma aracının itfası,ODA,https://www.kap.org.tr/tr/Bildirim/1471168
YKBNK,2025-08-01 15:15:07,Özel Durum Açıklaması (Genel),SPK'nın 21.12.2005 ve 22.12.2005 tarihli yazıları çerçevesinde her mali tablo döneminde yapılması gereken açıklama,ODA,https://www.kap.org.tr/tr/Bildirim/1471167
SISE,2025-08-01 13:08:01,Pay Dışında Sermaye Piyasası Aracı İşlemlerine İlişkin Bildirim (Faiz İçeren),TRSSISEK2519 Numaralı Tahvilin Kupon Ödemesi,ODA,https://www.kap.org.tr/tr/Bildirim/1471116
EKGYO,2025-08-01 11:19:53,Özel Durum Açıklaması (Genel),Gayrimenkul Sertifikası İhracına İlişkin İzahname Seti'nin Onaylanması ve Yayımlanması,ODA,https://www.kap.org.tr/tr/Bildirim/1471079
ASELS,2025-08-01 10:08:00,Finansal Takvim,Finansal Takvim,DG,https://www.kap.org.tr/tr/Bildirim/1470976
ISCTR,2025-08-01 09:40:49,Pay Dışında Sermaye Piyasası Aracı İşlemlerine İlişkin Bildirim (Faiz İçeren),Yurtdışı Piyasalara Tahvil İhracı,ODA,https://www.kap.org.tr/tr/Bildirim/1470956
EKGYO,2025-07-31 23:59:06,Özel Durum Açıklaması (Genel),,ODA,https://www.kap.org.tr/tr/Bildirim/1470924
EKGYO,2025-07-31 23:58:29,Değerleme Raporu ,Damla Kent Değerleme Raporu,DG,https://www.kap.org.tr/tr/Bildirim/1470923
EKGYO,2025-07-31 23:57:00,İzahname-İhraççı Bİlgi Dokümanı (SPK Tarafından Onaylanan),Gayrimenkul Sertifikası İhraççı Bilgi Dokümanı,DG,https://www.kap.org.tr/tr/Bildirim/1470922
EKGYO,2025-07-31 23:56:41,İzahname-Sermaye Piyasası Aracı Notu (SPK Tarafından Onaylanan),Gayrimenkul Sertifikası Sermaye Piyasası Aracı Notu,DG,https://www.kap.org.tr/tr/Bildirim/1470921
EKGYO,2025-07-31 23:56:24,İzahname-Özet (SPK Tarafından Onaylanan),Gayrimenkul Sertifikası Özet,DG,https://www.kap.org.tr/tr/Bildirim/1470920
GARAN,2025-07-31 23:37:54,Kredi Derecelendirmesi,Moody?s not artışı hakkında,ODA,https://www.kap.org.tr/tr/Bildirim/1470918
EKGYO,2025-07-31 21:36:03,İzahname-Sermaye Piyasası Aracı Notu (SPK Tarafından Onaylanan),Gayrimenkul Sertifikası Sermaye Piyasası Aracı Notu Ekleri 4,DG,https://www.kap.org.tr/tr/Bildirim/1470831
EKGYO,2025-07-31 21:35:47,İzahname-Sermaye Piyasası Aracı Notu (SPK Tarafından Onaylanan),Gayrimenkul Sertifikası Sermaye Piyasası Aracı Notu Ekleri 3,DG,https://www.kap.org.tr/tr/Bildirim/1470828
EKGYO,2025-07-31 21:35:24,İzahname-Sermaye Piyasası Aracı Notu (SPK Tarafından Onaylanan),Gayrimenkul Sertifikası Sermaye Piyasası Aracı Notu Ekleri 2,DG,https://www.kap.org.tr/tr/Bildirim/1470815
EKGYO,2025-07-31 21:34:59,İzahname-Sermaye Piyasası Aracı Notu (SPK Tarafından Onaylanan),Gayrimenkul Sertifikası Sermaye Piyasası Aracı Notu Ekleri 1,DG,https://www.kap.org.tr/tr/Bildirim/1470813
EKGYO,2025-07-31 21:34:40,İzahname-Sermaye Piyasası Aracı Notu (SPK Tarafından Onaylanan),Gayrimenkul Sertifikası Sermaye Piyasası Aracı Notu ,DG,https://www.kap.org.tr/tr/Bildirim/1470811
EKGYO,2025-07-31 21:34:01,İzahname-İhraççı Bİlgi Dokümanı (SPK Tarafından Onaylanan),Gayrimenkul Sertifikası İhraççı Bilgi Dokümanı,DG,https://www.kap.org.tr/tr/Bildirim/1470808
EKGYO,2025-07-31 21:33:43,İzahname-Özet (SPK Tarafından Onaylanan),Gayrimenkul Sertifikası Özet,DG,https://www.kap.org.tr/tr/Bildirim/1470807
EKGYO,2025-07-31 21:33:24,Değerleme Raporu ,Muğla Köyceğiz Toparlar Parselleri Değerleme Raporu,DG,https://www.kap.org.tr/tr/Bildirim/1470806
EKGYO,2025-07-31 21:33:12,Değerleme Raporu ,Gaziantep Şehitkamil Parselleri Değerleme Raporu,DG,https://www.kap.org.tr/tr/Bildirim/1470805
EKGYO,2025-07-31 21:33:00,Değerleme Raporu ,İstanbul Başakşehir Mahmutbey Parseli Değerleme Raporu,DG,https://www.kap.org.tr/tr/Bildirim/1470803
EKGYO,2025-07-31 21:32:45,Değerleme Raporu ,Amasya Merkez Parseli Değerleme Raporu,DG,https://www.kap.org.tr/tr/Bildirim/1470801
EKGYO,2025-07-31 21:32:31,Değerleme Raporu ,İstanbul Eyüpsultan Parselleri Değerleme Raporu,DG,https://www.kap.org.tr/tr/Bildirim/1470799
EKGYO,2025-07-31 21:32:14,Özel Durum Açıklaması (Genel),Taşınmaz Alımı ve Finansmanı Hakkında,ODA,https://www.kap.org.tr/tr/Bildirim/1470797
ISCTR,2025-07-31 19:10:29,Özel Durum Açıklaması (Genel),Bankamız Genel Müdür Yardımcılığı Görevinde Meydana Gelen Değişiklik Hakkında,ODA,https://www.kap.org.tr/tr/Bildirim/1470672
KCHOL,2025-07-31 18:32:27,Özel Durum Açıklaması (Genel),Finansal raporların açıklanması,ODA,https://www.kap.org.tr/tr/Bildirim/1470579
KCHOL,2025-07-31 18:16:50,Sorumluluk Beyanı (Konsolide),Sorumluluk Beyanı,FR,https://www.kap.org.tr/tr/Bildirim/1470525
KCHOL,2025-07-31 18:16:34,Faaliyet Raporu (Konsolide),01.01.2025-30.06.2025 Faaliyet Raporu,FR,https://www.kap.org.tr/tr/Bildirim/1470524
KCHOL,2025-07-31 18:16:13,Finansal Rapor,,FR,https://www.kap.org.tr/tr/Bildirim/1470523
AKBNK,2025-07-31 18:08:15,Kredi Derecelendirmesi,Moody?s Derecelendirme Notları.,ODA,https://www.kap.org.tr/tr/Bildirim/1470476
ISCTR,2025-07-31 18:03:10,Özel Durum Açıklaması (Genel),Tahsili Gecikmiş Alacak Portföyü Alımı,ODA,https://www.kap.org.tr/tr/Bildirim/1470462
VAKBN,2025-07-31 14:45:37,Şirket Genel Bilgi Formu,,DG,https://www.kap.org.tr/tr/Bildirim/1469696
VAKBN,2025-07-31 14:29:50,Kredi Derecelendirmesi,Moodys Derecelendirme Notları Hakkında,ODA,https://www.kap.org.tr/tr/Bildirim/1469689
TUPRS,2025-07-31 14:22:16,Kurumsal Yönetim İlkelerine Uyum Derecelendirmesi,Kurumsal Yönetim İlkelerine Uyum Derecelendirme Sözleşmesinin Yenilenmesi,ODA,https://www.kap.org.tr/tr/Bildirim/1469685
KONTR,2025-07-31 14:22:05,"Borçlanma Araçları, Yatırım Fonları ve Varant İtfa/Kupon/Getiri/ Nakdi Uzlaşı Ödeme İşlemleri","Borçlanma Araçları, Yatırım Fonları ve Varant İtfa/Kupon/Getiri/Nakdi Uzlaşı Ödeme İşlemleri",DKB,https://www.kap.org.tr/tr/Bildirim/1469683
VAKBN,2025-07-31 13:57:58,Pay Dışında Sermaye Piyasası Aracı İşlemlerine İlişkin Bildirim (Faiz İçeren),Borçlanma Araçlarına İlişkin Faiz Açıklaması,ODA,https://www.kap.org.tr/tr/Bildirim/1469638
VAKBN,2025-07-31 13:56:36,İzahname-Özet (SPK Tarafından Onaylanan),İzahname- Özet,DG,https://www.kap.org.tr/tr/Bildirim/1469637
VAKBN,2025-07-31 13:56:23,İzahname-Sermaye Piyasası Aracı Notu (SPK Tarafından Onaylanan),İzahname- Sermaye Piyasası Aracı Notu,DG,https://www.kap.org.tr/tr/Bildirim/1469636
VAKBN,2025-07-31 13:56:07,İzahname (SPK Tarafından Onaylanan),İzahname- İhraççı Bilgi Dokümanı,DG,https://www.kap.org.tr/tr/Bildirim/1469635
KONTR,2025-07-31 13:52:08,Pay Dışında Sermaye Piyasası Aracı İşlemlerine İlişkin Bildirim (Faiz İçeren),TRFKNTR12619 ISIN Kodlu Finansman Bonosunun 2. Kupon Ödemesi,ODA,https://www.kap.org.tr/tr/Bildirim/1469633
ISCTR,2025-07-31 13:11:41,Finansal Takvim,Finansal Takvim (2025 2. Çeyrek),DG,https://www.kap.org.tr/tr/Bildirim/1469589
ISCTR,2025-07-31 11:43:08,Kredi Derecelendirmesi,Derecelendirme Notuna İlişkin ,ODA,https://www.kap.org.tr/tr/Bildirim/1469522
ODAS,2025-07-31 11:38:42,SPK İşlem Yasağı Nedeniyle Pay Duyurusu,SPK İşlem Yasağı Nedeniyle Pay Duyurusu,DKB,https://www.kap.org.tr/tr/Bildirim/1469507
TOASO,2025-07-31 11:38:42,SPK İşlem Yasağı Nedeniyle Pay Duyurusu,SPK İşlem Yasağı Nedeniyle Pay Duyurusu,DKB,https://www.kap.org.tr/tr/Bildirim/1469507
YKBNK,2025-07-31 10:49:46,Kredi Derecelendirmesi,Moody's derecelendirme notları hakkında,ODA,https://www.kap.org.tr/tr/Bildirim/1469408
ISCTR,2025-07-31 10:27:56,Pay Dışında Sermaye Piyasası Aracı İşlemlerine İlişkin Bildirim (Faiz İçeren),Nitelikli Yatırımcılara Finansman Bonosu Satışının Tamamlanması ,ODA,https://www.kap.org.tr/tr/Bildirim/1469396
YKBNK,2025-07-31 09:04:20,Özel Durum Açıklaması (Genel),Finansal tabloların açıklanması,ODA,https://www.kap.org.tr/tr/Bildirim/1469252
YKBNK,2025-07-31 08:10:31,Geleceğe Dönük Değerlendirmeler,Geleceğe Yönelik Değerlendirmeler (Güncelleme),ODA,https://www.kap.org.tr/tr/Bildirim/1469244
YKBNK,2025-07-31 08:03:10,Sorumluluk Beyanı (Konsolide Olmayan),Yapı ve Kredi Bankası Konsolide Olmayan  Sorumluluk Beyanı 30.06.2025,FR,https://www.kap.org.tr/tr/Bildirim/1469243
YKBNK,2025-07-31 08:02:51,Sorumluluk Beyanı (Konsolide),30.06.2025 Yapı Ve Kredi Bankası A.Ş. Konsolide Sorumluluk Beyanı,FR,https://www.kap.org.tr/tr/Bildirim/1469242
YKBNK,2025-07-31 08:02:34,Finansal Rapor,,FR,https://www.kap.org.tr/tr/Bildirim/1469241
YKBNK,2025-07-31 08:02:13,Finansal Rapor,,FR,https://www.kap.org.tr/tr/Bildirim/1469240
FROTO,2025-07-30 20:00:47,Katılım Finansı İlkeleri Bilgi Formu ,,DG,https://www.kap.org.tr/tr/Bildirim/1469129
KCHOL,2025-07-30 20:00:32,Sürdürülebilirlik Raporu,Koç Holding'in 2024 Sürdürülebilirlik Raporu ve TSRS Uyumlu Sürdürülebilirlik Raporu'nun kamuya açıklanması ile emisyon azaltım hedeflerinin revizyonu,DG,https://www.kap.org.tr/tr/Bildirim/1469128
FROTO,2025-07-30 19:59:57,Geleceğe Dönük Değerlendirmeler,Finansal Sonuç Bülteninin ve Sunumunun Şirket Web Sitesinde Yayınlanması,ODA,https://www.kap.org.tr/tr/Bildirim/1469127
FROTO,2025-07-30 19:59:00,Sorumluluk Beyanı (Konsolide),Sorumluluk Beyanı - 30.06.2025,FR,https://www.kap.org.tr/tr/Bildirim/1469126
FROTO,2025-07-30 19:57:50,Faaliyet Raporu (Konsolide),Ara Dönem Faaliyet Raporu- 30.06.2025 ,FR,https://www.kap.org.tr/tr/Bildirim/1469125
FROTO,2025-07-30 19:56:17,Finansal Rapor,,FR,https://www.kap.org.tr/tr/Bildirim/1469124
GARAN,2025-07-30 19:47:53,Özel Durum Açıklaması (Genel),30 Haziran 2025 Finansal Sonuçlara İlişkin sunum hakkında,ODA,https://www.kap.org.tr/tr/Bildirim/1469117
ISCTR,2025-07-30 18:40:53,Şirket Genel Bilgi Formu,,DG,https://www.kap.org.tr/tr/Bildirim/1468945
ISCTR,2025-07-30 18:40:31,Şirket Genel Bilgi Formu,,DG,https://www.kap.org.tr/tr/Bildirim/1468942
FROTO,2025-07-30 18:26:55,Sürdürülebilirlik Raporu,2024 TSRS Uyumlu Sürdürülebilirlik Raporu,DG,https://www.kap.org.tr/tr/Bildirim/1468921
YKBNK,2025-07-30 18:22:46,Sürdürülebilirlik Raporu,2024 yılı TSRS Uyumlu Sürdürülebilirlik Raporu,DG,https://www.kap.org.tr/tr/Bildirim/1468916
TUPRS,2025-07-30 18:20:56,Katılım Finansı İlkeleri Bilgi Formu ,,DG,https://www.kap.org.tr/tr/Bildirim/1468914
PETKM,2025-07-30 18:16:43,Özel Durum Açıklaması (Genel),Petlim'in Banka Kredisinde Şirketimizin Garantörlüğünün Kaldırılması Hakkında,ODA,https://www.kap.org.tr/tr/Bildirim/1468900
TAVHL,2025-07-30 18:13:30,Katılım Finansı İlkeleri Bilgi Formu ,,DG,https://www.kap.org.tr/tr/Bildirim/1468868
GARAN,2025-07-30 18:10:59,Sorumluluk Beyanı (Konsolide Olmayan),30.06.2025 T.Garanti Bankası A.Ş Konsolide Olmayan Sorumluluk Beyanı,FR,https://www.kap.org.tr/tr/Bildirim/1468857
GARAN,2025-07-30 18:10:47,Sorumluluk Beyanı (Konsolide),30.06.2025 T.Garanti Bankası A.Ş Konsolide Sorumluluk Beyanı,FR,https://www.kap.org.tr/tr/Bildirim/1468855
GARAN,2025-07-30 18:10:33,Finansal Rapor,,FR,https://www.kap.org.tr/tr/Bildirim/1468852
GARAN,2025-07-30 18:10:15,Finansal Rapor,,FR,https://www.kap.org.tr/tr/Bildirim/1468847
ISCTR,2025-07-30 18:10:10,Özel Durum Açıklaması (Genel),Yurt Dışı Şube Faaliyetlerinin Sonlandırılması Hakkında,ODA,https://www.kap.org.tr/tr/Bildirim/1468844
KONTR,2025-07-30 16:33:11,Pay Dışında Sermaye Piyasası Aracı İşlemlerine İlişkin Bildirim (Faiz İçeren),Değişken Getirili 364 Gün Vadeli TRFKNTR12619 ISIN kodlu Finansman Bonosunun Kupon Oranının Açıklanması,ODA,https://www.kap.org.tr/tr/Bildirim/1468470
ODAS,2025-07-30 15:43:29,Pay Bazında Devre Kesici Bildirimi,ODAS.E İşlem Sırasında Devre Kesici Uygulaması Başlamıştır,DKB,https://www.kap.org.tr/tr/Bildirim/1468422
HALKB,2025-07-30 15:43:07,"Borçlanma Araçları, Yatırım Fonları ve Varant İtfa/Kupon/Getiri/ Nakdi Uzlaşı Ödeme İşlemleri","Borçlanma Araçları, Yatırım Fonları ve Varant İtfa/Kupon/Getiri/Nakdi Uzlaşı Ödeme İşlemleri",DKB,https://www.kap.org.tr/tr/Bildirim/1468417
EKGYO,2025-07-30 13:41:27,Pay Dışında Sermaye Piyasası Aracı İşlemlerine İlişkin Bildirim (Faizsiz),Yurtiçi Kira Sertifikası İtfa ve Getiri Ödemesi,ODA,https://www.kap.org.tr/tr/Bildirim/1468212
EKGYO,2025-07-30 13:41:17,Pay Dışında Sermaye Piyasası Aracı İşlemlerine İlişkin Bildirim (Faizsiz),Yurtiçi Kira Sertifikası İtfa ve Getiri Ödemesi,ODA,https://www.kap.org.tr/tr/Bildirim/1468211
HALKB,2025-07-30 11:15:11,Pay Dışında Sermaye Piyasası Aracı İşlemlerine İlişkin Bildirim (Faiz İçeren),Borçlanma Aracı İhracının İtfası,ODA,https://www.kap.org.tr/tr/Bildirim/1468136
MGROS,2025-08-12 23:31:55,Özel Durum Açıklaması (Genel),"Haziran 2025 bilgilendirme sunumu ve basın bülteni hk.
",ODA,https://www.kap.org.tr/tr/Bildirim/1477176
ISCTR,2025-08-12 21:24:18,Özel Durum Açıklaması (Genel),"İhale sonrası Devir ve Temlik İşlemlerinin tamamlanması hk.
",ODA,https://www.kap.org.tr/tr/Bildirim/1477160
MGROS,2025-08-12 20:50:28,Sorumluluk Beyanı (Konsolide),Sorumluluk Beyanı - 2Ç 2025,FR,https://www.kap.org.tr/tr/Bildirim/1477136
MGROS,2025-08-12 20:50:12,Faaliyet Raporu (Konsolide),Faaliyet Raporu - 2Ç 2025,FR,https://www.kap.org.tr/tr/Bildirim/1477135
MGROS,2025-08-12 20:49:43,Finansal Rapor,,FR,https://www.kap.org.tr/tr/Bildirim/1477134
PGSUS,2025-08-12 18:57:46,Özel Durum Açıklaması (Genel),2025 2.Çeyrek Sunumu ve 30 Haziran 2025 Avro UFRS Konsolide Finansal Rapor,ODA,https://www.kap.org.tr/tr/Bildirim/1477065
PGSUS,2025-08-12 18:57:37,Faaliyet Raporu (Konsolide),Ara Dönem Faaliyet Raporu,FR,https://www.kap.org.tr/tr/Bildirim/1477064
PGSUS,2025-08-12 18:57:26,Finansal Rapor,,FR,https://www.kap.org.tr/tr/Bildirim/1477063
PGSUS,2025-08-12 18:57:13,Sorumluluk Beyanı (Konsolide),Sorumluluk Beyanı,FR,https://www.kap.org.tr/tr/Bildirim/1477062
MGROS,2025-08-12 17:21:26,Borsada İşlem Gören Tipe Dönüşüm Duyurusu,DÖNÜŞÜM,DKB,https://www.kap.org.tr/tr/Bildirim/1476917
AKBNK,2025-08-12 16:35:16,Pay Dışında Sermaye Piyasası Aracı İşlemlerine İlişkin Bildirim (Faiz İçeren),Yurtdışı Piyasalara Tahvil İhracının Tamamlanması,ODA,https://www.kap.org.tr/tr/Bildirim/1476865
YKBNK,2025-08-12 14:10:16,Şirket Genel Bilgi Formu,,DG,https://www.kap.org.tr/tr/Bildirim/1476754
YKBNK,2025-08-12 14:09:04,Pay Dışında Sermaye Piyasası Aracı İşlemlerine İlişkin Bildirim (Faiz İçeren),Yurtdışında borçlanma aracı ihracının tamamlanması,ODA,https://www.kap.org.tr/tr/Bildirim/1476753
EREGL,2025-08-12 11:24:13,SPK İşlem Yasağı Nedeniyle Pay Duyurusu,SPK İşlem Yasağı Nedeniyle Pay Duyurusu,DKB,https://www.kap.org.tr/tr/Bildirim/1476673
PETKM,2025-08-12 11:24:13,SPK İşlem Yasağı Nedeniyle Pay Duyurusu,SPK İşlem Yasağı Nedeniyle Pay Duyurusu,DKB,https://www.kap.org.tr/tr/Bildirim/1476673
KONTR,2025-08-11 23:41:31,Sorumluluk Beyanı (Konsolide),01.01.2025 I 30.06.2025 Ara Hesap Dönemine İlişkin Sorumluluk Beyanı,FR,https://www.kap.org.tr/tr/Bildirim/1476562
KONTR,2025-08-11 23:41:11,Faaliyet Raporu (Konsolide),30.06.2025 Tarihli Ara Dönem Faaliyet Raporu,FR,https://www.kap.org.tr/tr/Bildirim/1476561
KONTR,2025-08-11 23:40:51,Finansal Rapor,,FR,https://www.kap.org.tr/tr/Bildirim/1476560
AKBNK,2025-08-11 20:35:51,Pay Dışında Sermaye Piyasası Aracı İşlemlerine İlişkin Bildirim (Faiz İçeren),Yurtdışı Piyasalara Tahvil İhracının Tamamlanması,ODA,https://www.kap.org.tr/tr/Bildirim/1476322
SISE,2025-08-11 19:18:49,Finansal Takvim,2025 2. Çeyrek Finansal Sonuçlarını Açıklama Tarihi,DG,https://www.kap.org.tr/tr/Bildirim/1476204
TUPRS,2025-08-11 18:50:56,Pay Dışında Sermaye Piyasası Aracı İşlemlerine İlişkin Bildirim (Faiz İçeren),TRSTPRS82613 ISIN Kodlu Tahvilin 4. Kupon Ödemesi,ODA,https://www.kap.org.tr/tr/Bildirim/1476128
EKGYO,2025-08-11 18:17:45,Borsa İstanbul A.Ş. Duyurusu,Gayrimenkul sertifikalarının işlem görmeye başlaması ,DKB,https://www.kap.org.tr/tr/Bildirim/1475987
EKGYO,2025-08-11 18:11:15,Özel Durum Açıklaması (Genel),Muğla Bodrum Ortakent Müskebi 2. Oturum Tarihi,ODA,https://www.kap.org.tr/tr/Bildirim/1475897
EKGYO,2025-08-11 18:11:03,Özel Durum Açıklaması (Genel),Gayrimenkul Sertifikası Halka Arz Sonuçları,ODA,https://www.kap.org.tr/tr/Bildirim/1475894
TUPRS,2025-08-11 15:07:31,"Borçlanma Araçları, Yatırım Fonları ve Varant İtfa/Kupon/Getiri/ Nakdi Uzlaşı Ödeme İşlemleri","Borçlanma Araçları, Yatırım Fonları ve Varant İtfa/Kupon/Getiri/ Nakdi Uzlaşı Ödeme İşlemleri",DKB,https://www.kap.org.tr/tr/Bildirim/1475696
YKBNK,2025-08-11 14:35:42,Pay Dışında Sermaye Piyasası Aracı İşlemlerine İlişkin Bildirim (Faiz İçeren),Yurtdışında borçlanma aracı ihracının tamamlanması,ODA,https://www.kap.org.tr/tr/Bildirim/1475671
PGSUS,2025-08-11 13:28:02,Kurumsal Yönetim İlkelerine Uyum Derecelendirmesi,Kurumsal Yönetim İlkelerine Uyum Derecelendirmesi 2025,ODA,https://www.kap.org.tr/tr/Bildirim/1475641
YKBNK,2025-08-11 10:49:25,Şirket Genel Bilgi Formu,,DG,https://www.kap.org.tr/tr/Bildirim/1475574
EKGYO,2025-08-11 09:29:12,Halka Arz İşlemlerinde Sermaye Piyasası Aracının % 5 inden Fazlasını Satın Alanlara İlişkin Bildirim,Emlak Konut GYO A.Ş.?nin Damla Kent Projesi?ne ait gayrimenkul sertifikalarının halka arz işleminde sermaye piyasası aracının %5'inden fazlasını satın alanlara ilişkin bildirim,ODA,https://www.kap.org.tr/tr/Bildirim/1475509
EKGYO,2025-08-11 09:25:10,Özel Durum Açıklaması (Genel),Emlak Konut Gayrimenkul Yatırım Ortaklığı A.Ş.?nin Damla Kent Projesi?ne ait gayrimenkul sertifikalarının halka arzına ilişkin sonuçlar,ODA,https://www.kap.org.tr/tr/Bildirim/1475507
AKBNK,2025-08-11 08:04:07,Pay Dışında Sermaye Piyasası Aracı İşlemlerine İlişkin Bildirim (Faiz İçeren),Yurtdışı Piyasalara Tahvil İhracının Tamamlanması,ODA,https://www.kap.org.tr/tr/Bildirim/1475474
AKBNK,2025-08-11 08:03:54,Pay Dışında Sermaye Piyasası Aracı İşlemlerine İlişkin Bildirim (Faiz İçeren),Yurtdışı Piyasalara Tahvil İhracının Tamamlanması,ODA,https://www.kap.org.tr/tr/Bildirim/1475473
TUPRS,2025-08-11 07:29:33,Pay Dışında Sermaye Piyasası Aracı İşlemlerine İlişkin Bildirim (Faiz İçeren),TRSTPRS82613 ISIN Kodlu Tahvilin 4. Kupon Faiz Oranının Belirlenmesi,ODA,https://www.kap.org.tr/tr/Bildirim/1475472
PETKM,2025-08-08 20:45:50,Katılım Finansı İlkeleri Bilgi Formu ,,DG,https://www.kap.org.tr/tr/Bildirim/1475342
KRDMD,2025-08-08 18:53:58,Sorumluluk Beyanı (Konsolide),Sorumluluk Beyanı,FR,https://www.kap.org.tr/tr/Bildirim/1475213
KRDMD,2025-08-08 18:53:08,Faaliyet Raporu (Konsolide),Faaliyet Raporu,FR,https://www.kap.org.tr/tr/Bildirim/1475208
KRDMD,2025-08-08 18:51:23,Finansal Rapor,,FR,https://www.kap.org.tr/tr/Bildirim/1475197
HALKB,2025-08-08 18:50:18,Sürdürülebilirlik Raporu,2024 Yılı TSRS Uyumlu Sürdürülebilirlik Raporu ,DG,https://www.kap.org.tr/tr/Bildirim/1475195
HALKB,2025-08-08 18:47:46,Bağımsız Denetim Kuruluşunun Belirlenmesi,Sürdürülebilirlik Denetimi için Bağımsız Denetim Kuruluşunun Belirlenmesi,ODA,https://www.kap.org.tr/tr/Bildirim/1475187
HALKB,2025-08-08 18:39:17,Sorumluluk Beyanı (Konsolide),TÜRKİYE HALK BANKASI AŞ KONSOLİDE SORUMLULUK BEYANI 30.06.2025,FR,https://www.kap.org.tr/tr/Bildirim/1475181
HALKB,2025-08-08 18:39:06,Sorumluluk Beyanı (Konsolide Olmayan),TÜRKİYE HALK BANKASI AŞ KONSOLİDE OLMAYAN SORUMLULUK BEYANI 30.06.2025,FR,https://www.kap.org.tr/tr/Bildirim/1475180
HALKB,2025-08-08 18:38:48,Faaliyet Raporu (Konsolide),Ara Dönem Konsolide Faaliyet Raporu,FR,https://www.kap.org.tr/tr/Bildirim/1475179
HALKB,2025-08-08 18:38:34,Faaliyet Raporu (Konsolide Olmayan),Ara Dönem Konsolide Olmayan Faaliyet Raporu,FR,https://www.kap.org.tr/tr/Bildirim/1475178
HALKB,2025-08-08 18:38:16,Finansal Rapor,,FR,https://www.kap.org.tr/tr/Bildirim/1475175
HALKB,2025-08-08 18:38:02,Finansal Rapor,,FR,https://www.kap.org.tr/tr/Bildirim/1475174
SISE,2025-08-08 18:37:53,Özel Durum Açıklaması (Genel),Üst Düzey Yönetici Ataması,ODA,https://www.kap.org.tr/tr/Bildirim/1475173
GARAN,2025-08-08 18:15:21,Pay Dışında Sermaye Piyasası Aracı İşlemlerine İlişkin Bildirim (Faiz İçeren),"Yurtdışı Piyasalara Tahvil İhracı SPK Onayı
",ODA,https://www.kap.org.tr/tr/Bildirim/1475065
GARAN,2025-08-08 18:15:05,Pay Dışında Sermaye Piyasası Aracı İşlemlerine İlişkin Bildirim (Faiz İçeren),Yurtdışı Piyasalara Tahvil İhracı SPK Onayı,ODA,https://www.kap.org.tr/tr/Bildirim/1475062
GARAN,2025-08-08 18:14:47,Pay Dışında Sermaye Piyasası Aracı İşlemlerine İlişkin Bildirim (Faiz İçeren),Yurtdışı Piyasalara Tahvil İhracı SPK Onayı,ODA,https://www.kap.org.tr/tr/Bildirim/1475061
VAKBN,2025-08-08 17:33:43,Borçlanma Araçlarının / Kira Sertifikalarının İşlem Görmeye Başlaması,Borçlanma Araçlarının / Kira Sertifikalarının İşlem Görmeye Başlaması,DKB,https://www.kap.org.tr/tr/Bildirim/1474897
VAKBN,2025-08-08 17:01:39,Pay Dışında Sermaye Piyasası Aracı İşlemlerine İlişkin Bildirim (Faiz İçeren),TRFVKFB82519 ISIN kodlu T. Vakıflar Bankası T.A.O. Finansman Bonolarının İtfası,ODA,https://www.kap.org.tr/tr/Bildirim/1474788
EKGYO,2025-08-08 16:42:17,Özel Durum Açıklaması (Genel),İstanbul Esenler Atışalanı 3. Etap Arsa Satışı Karşılığı Gelir Paylaşımı İşi Sözleşme İmzalanması,ODA,https://www.kap.org.tr/tr/Bildirim/1474760
SISE,2025-08-08 16:36:44,Pay Dışında Sermaye Piyasası Aracı İşlemlerine İlişkin Bildirim (Faiz İçeren),TRSSISE52611 Numaralı Tahvilin Kupon Ödemesi,ODA,https://www.kap.org.tr/tr/Bildirim/1474755
MGROS,2025-08-08 16:33:26,Borsada İşlem Gören Tipe Dönüşüm Duyurusu,DÖNÜŞÜM,DKB,https://www.kap.org.tr/tr/Bildirim/1474752
SISE,2025-08-08 14:34:36,"Borçlanma Araçları, Yatırım Fonları ve Varant İtfa/Kupon/Getiri/ Nakdi Uzlaşı Ödeme İşlemleri","Borçlanma Araçları, Yatırım Fonları ve Varant İtfa/Kupon/Getiri/ Nakdi Uzlaşı Ödeme İşlemleri",DKB,https://www.kap.org.tr/tr/Bildirim/1474618
YKBNK,2025-08-08 14:34:36,"Borçlanma Araçları, Yatırım Fonları ve Varant İtfa/Kupon/Getiri/ Nakdi Uzlaşı Ödeme İşlemleri","Borçlanma Araçları, Yatırım Fonları ve Varant İtfa/Kupon/Getiri/ Nakdi Uzlaşı Ödeme İşlemleri",DKB,https://www.kap.org.tr/tr/Bildirim/1474618
TAVHL,2025-08-08 11:24:24,Kurumsal Yönetim İlkelerine Uyum Derecelendirmesi,Kurumsal Yönetim Derecelendirme Not Bildirimi,ODA,https://www.kap.org.tr/tr/Bildirim/1474399
YKBNK,2025-08-08 10:50:21,Pay Dışında Sermaye Piyasası Aracı İşlemlerine İlişkin Bildirim (Faiz İçeren),Nitelikli yatırımcılara ihraç edilen borçlanma araçlarının itfası,ODA,https://www.kap.org.tr/tr/Bildirim/1474383
TAVHL,2025-08-08 10:14:50,Özel Durum Açıklaması (Genel),Yatırımcı Bülteni (Temmuz 2025),ODA,https://www.kap.org.tr/tr/Bildirim/1474357
ASELS,2025-08-08 09:30:21,Yeni İş İlişkisi,Sözleşme İmzalanması,ODA,https://www.kap.org.tr/tr/Bildirim/1474326
TAVHL,2025-08-08 09:30:06,Kurumsal Yönetim İlkelerine Uyum Derecelendirmesi,2025 Kurumsal Yönetim İlkelerine Uyum Derecelendirmesi,ODA,https://www.kap.org.tr/tr/Bildirim/1474324
PGSUS,2025-08-07 21:13:25,Sürdürülebilirlik Raporu,2024 TSRS Uyumlu Sürdürülebilirlik Raporu,DG,https://www.kap.org.tr/tr/Bildirim/1474269
AKBNK,2025-08-07 20:13:29,Pay Dışında Sermaye Piyasası Aracı İşlemlerine İlişkin Bildirim (Faiz İçeren),Yurtdışı Piyasalara Tahvil İhracının Tamamlanması,ODA,https://www.kap.org.tr/tr/Bildirim/1474243
AKBNK,2025-08-07 20:13:18,Pay Dışında Sermaye Piyasası Aracı İşlemlerine İlişkin Bildirim (Faiz İçeren),Yurtdışı Piyasalara Tahvil İhracı,ODA,https://www.kap.org.tr/tr/Bildirim/1474242
THYAO,2025-08-07 18:41:28,Özel Durum Açıklaması (Genel),Air Europa Yatırım Süreci Güncellemesi ,ODA,https://www.kap.org.tr/tr/Bildirim/1474106
VAKBN,2025-08-07 18:21:58,Sürdürülebilirlik Raporu,2024 Yılı TSRS Uyumlu Sürdürülebilirlik Raporu,DG,https://www.kap.org.tr/tr/Bildirim/1474055
VAKBN,2025-08-07 18:12:37,Sorumluluk Beyanı (Konsolide),30 Haziran 2025 Konsolide Sorumluluk Beyanı,FR,https://www.kap.org.tr/tr/Bildirim/1474017
VAKBN,2025-08-07 18:12:19,Faaliyet Raporu (Konsolide),30 Haziran 2025 Konsolide Ara Dönem Faaliyet Raporu,FR,https://www.kap.org.tr/tr/Bildirim/1474014
VAKBN,2025-08-07 18:12:01,Finansal Rapor,,FR,https://www.kap.org.tr/tr/Bildirim/1474013
VAKBN,2025-08-07 18:11:09,Sorumluluk Beyanı (Konsolide Olmayan),30 Haziran 2025 Konsolide Olmayan Sorumluluk Beyanı,FR,https://www.kap.org.tr/tr/Bildirim/1474010
VAKBN,2025-08-07 18:10:49,Faaliyet Raporu (Konsolide Olmayan),30 Haziran 2025 Konsolide Olmayan Ara Dönem Faaliyet Raporu,FR,https://www.kap.org.tr/tr/Bildirim/1474008
VAKBN,2025-08-07 18:10:22,Finansal Rapor,,FR,https://www.kap.org.tr/tr/Bildirim/1474005
GARAN,2025-08-07 18:10:16,Pay Dışında Sermaye Piyasası Aracı İşlemlerine İlişkin Bildirim (Faiz İçeren),Yurtdışı Piyasalara Tahvil İhracı SPK Onayı,ODA,https://www.kap.org.tr/tr/Bildirim/1474004
VAKBN,2025-08-07 15:14:09,Pay Dışında Sermaye Piyasası Aracı İşlemlerine İlişkin Bildirim (Faiz İçeren),Borçlanma Araçlarına İlişkin Satış Sonuçları Açıklaması,ODA,https://www.kap.org.tr/tr/Bildirim/1473780
EKGYO,2025-08-07 13:40:37,Pay Dışında Sermaye Piyasası Aracı İşlemlerine İlişkin Bildirim (Faizsiz),Yurtiçi Kira Sertifikası İtfa ve Getiri Ödemesi,ODA,https://www.kap.org.tr/tr/Bildirim/1473694
THYAO,2025-08-07 10:12:14,Özel Durum Açıklaması (Genel),Temmuz 2025 Trafik Sonuçları,ODA,https://www.kap.org.tr/tr/Bildirim/1473456
PETKM,2025-08-07 07:35:59,Sürdürülebilirlik Raporu,2024 yılı TSRS Uyumlu Sürdürülebilirlik Raporu,DG,https://www.kap.org.tr/tr/Bildirim/1473431
PETKM,2025-08-07 07:35:22,Sorumluluk Beyanı (Konsolide),Sorumluluk Beyanı,FR,https://www.kap.org.tr/tr/Bildirim/1473430
PETKM,2025-08-07 07:35:02,Faaliyet Raporu (Konsolide),Faaliyet Raporu,FR,https://www.kap.org.tr/tr/Bildirim/1473429
PETKM,2025-08-07 07:34:48,Finansal Rapor,,FR,https://www.kap.org.tr/tr/Bildirim/1473428
EKGYO,2025-08-06 18:20:17,Pay Dışında Sermaye Piyasası Aracı İşlemlerine İlişkin Bildirim (Faizsiz),Yurtiçi Kira Sertifikası İhracı Nitelikli Yatırımcıya Satışın Tamamlanması Hk.,ODA,https://www.kap.org.tr/tr/Bildirim/1473226
YKBNK,2025-08-06 18:19:20,Ortaklık Aleyhine Dava Açılması veya Davaya İlişkin Gelişmeler,Genel kurul kararı aleyhine dava açılması,ODA,https://www.kap.org.tr/tr/Bildirim/1473224
TOASO,2025-08-06 18:18:53,Katılım Finansı İlkeleri Bilgi Formu ,,DG,https://www.kap.org.tr/tr/Bildirim/1473223
EREGL,2025-08-06 18:12:56,Katılım Finansı İlkeleri Bilgi Formu ,,DG,https://www.kap.org.tr/tr/Bildirim/1473206
EREGL,2025-08-06 18:12:47,Sorumluluk Beyanı (Konsolide),1 Ocak - 30 Haziran 2025 Dönemine İlişkin Sorumluluk Beyanı,FR,https://www.kap.org.tr/tr/Bildirim/1473205
EREGL,2025-08-06 18:12:37,Faaliyet Raporu (Konsolide),1 Ocak - 30 Haziran 2025 ara hesap dönemine ait özet faaliyet raporu,FR,https://www.kap.org.tr/tr/Bildirim/1473204
EREGL,2025-08-06 18:12:26,Finansal Rapor,,FR,https://www.kap.org.tr/tr/Bildirim/1473202
THYAO,2025-08-19 22:11:48,Özel Durum Açıklaması (Genel),Air Europa Yatırım Süreci Güncellemesi,ODA,https://www.kap.org.tr/tr/Bildirim/1481087
TAVHL,2025-08-19 18:54:58,Birleşme İşlemlerine İlişkin Bildirim,Birleşme İşlemi İçin SPK Başvurusu,ODA,https://www.kap.org.tr/tr/Bildirim/1480879
GUBRF,2025-08-19 18:54:44,Payların Geri Alınmasına İlişkin Bildirim,Pay Geri Alım İşlemlerine İlişkin Bildirim,ODA,https://www.kap.org.tr/tr/Bildirim/1480878
TKFEN,2025-08-19 18:35:56,Finansal Rapor Ek Süre Taleplerine İlişkin SPK Değerlendirmesi,Finansal Rapor Ek Süre Taleplerine İlişkin SPK Değerlendirmesi,DKB,https://www.kap.org.tr/tr/Bildirim/1480828
ODAS,2025-08-19 18:29:28,Sürdürülebilirlik Raporu,2024 Yılı Sürdürülebilirlik Raporu ve TSRS Uyumlu Sürdürülebilirlik Raporu,DG,https://www.kap.org.tr/tr/Bildirim/1480795
ODAS,2025-08-19 18:22:39,Şirket Genel Bilgi Formu,,DG,https://www.kap.org.tr/tr/Bildirim/1480740
ODAS,2025-08-19 18:22:19,Katılım Finansı İlkeleri Bilgi Formu ,,DG,https://www.kap.org.tr/tr/Bildirim/1480739
SASA,2025-08-19 18:12:51,Katılım Finansı İlkeleri Bilgi Formu ,,DG,https://www.kap.org.tr/tr/Bildirim/1480667
SASA,2025-08-19 18:12:39,Sorumluluk Beyanı (Konsolide),01.01.2025-30.06.2025 Rapor Dönemine Ait Sorumluluk Beyanı,FR,https://www.kap.org.tr/tr/Bildirim/1480663
SASA,2025-08-19 18:12:26,Faaliyet Raporu (Konsolide),01.01.2025 - 30.06.2025 Dönemine ait Faaliyet Raporu,FR,https://www.kap.org.tr/tr/Bildirim/1480659
SASA,2025-08-19 18:12:05,Finansal Rapor,,FR,https://www.kap.org.tr/tr/Bildirim/1480657
EKGYO,2025-08-19 18:01:26,Özel Durum Açıklaması (Genel),İstanbul Ataşehir Projesi İçin İş Birliği Protokolü İmzalanması Hakkında,ODA,https://www.kap.org.tr/tr/Bildirim/1480608
YKBNK,2025-08-19 17:43:10,Şirket Genel Bilgi Formu,,DG,https://www.kap.org.tr/tr/Bildirim/1480601
YKBNK,2025-08-19 17:40:07,Pay Dışında Sermaye Piyasası Aracı İşlemlerine İlişkin Bildirim (Faiz İçeren),Yurtdışında borçlanma aracı ihracının tamamlanması,ODA,https://www.kap.org.tr/tr/Bildirim/1480599
ISCTR,2025-08-19 15:53:31,Pay Dışında Sermaye Piyasası Aracı İşlemlerine İlişkin Bildirim (Faiz İçeren),Yurtdışı Piyasalara Tahvil İhracı,ODA,https://www.kap.org.tr/tr/Bildirim/1480537
ISCTR,2025-08-19 15:42:12,Pay Dışında Sermaye Piyasası Aracı İşlemlerine İlişkin Bildirim (Faiz İçeren),19.08.2025 vadeli T. İş Bankası A.Ş. Finansman Bonosu İtfası Hakkında,ODA,https://www.kap.org.tr/tr/Bildirim/1480529
ODAS,2025-08-19 09:13:32,Kamuyu Aydınlatma Platformu Duyurusu,Özel Durumlar Tebliği'nin 12-(4). maddesi gereğince yapılan açıklama,DKB,https://www.kap.org.tr/tr/Bildirim/1480365
GUBRF,2025-08-18 22:11:45,Payların Geri Alınmasına İlişkin Bildirim,Pay Geri Alım İşlemlerine İlişkin Bildirim,ODA,https://www.kap.org.tr/tr/Bildirim/1480313
GUBRF,2025-08-18 22:11:32,Katılım Finansı İlkeleri Bilgi Formu ,,DG,https://www.kap.org.tr/tr/Bildirim/1480312
EKGYO,2025-08-18 20:11:20,Faaliyet Raporu (Konsolide),Faaliyet Raporu 2025 2.Çeyrek,FR,https://www.kap.org.tr/tr/Bildirim/1480230
EKGYO,2025-08-18 20:10:53,Finansal Rapor,,FR,https://www.kap.org.tr/tr/Bildirim/1480229
EKGYO,2025-08-18 20:10:34,Finansal Rapor,,FR,https://www.kap.org.tr/tr/Bildirim/1480228
EKGYO,2025-08-18 20:10:08,Sorumluluk Beyanı (Konsolide),30 Haziran 2025 tarihli Finansal Tablolarla İlgili Sorumluluk Beyanı,FR,https://www.kap.org.tr/tr/Bildirim/1480227
ODAS,2025-08-18 19:14:14,Sorumluluk Beyanı (Konsolide),01.01.2025-30.06.2025 Dönemi Sorumluluk Beyanı,FR,https://www.kap.org.tr/tr/Bildirim/1480133
ODAS,2025-08-18 19:14:04,Faaliyet Raporu (Konsolide),01.01.2025 - 30.06.2025 Dönemi Faaliyet Raporu,FR,https://www.kap.org.tr/tr/Bildirim/1480131
ODAS,2025-08-18 19:13:51,Finansal Rapor,,FR,https://www.kap.org.tr/tr/Bildirim/1480129
SISE,2025-08-18 18:36:57,Katılım Finansı İlkeleri Bilgi Formu ,,DG,https://www.kap.org.tr/tr/Bildirim/1480055
PGSUS,2025-08-18 18:30:21,Özel Durum Açıklaması (Genel),2025 yılı Temmuz ayı trafik verileri ve karbon emisyonu istatistikleri ektedir.,ODA,https://www.kap.org.tr/tr/Bildirim/1480026
AKBNK,2025-08-18 17:11:40,Pay Dışında Sermaye Piyasası Aracı İşlemlerine İlişkin Bildirim (Faiz İçeren),Yurtdışı Piyasalara Tahvil İhracının Tamamlanması,ODA,https://www.kap.org.tr/tr/Bildirim/1479867
ARCLK,2025-08-18 16:45:33,Borsada İşlem Gören Tipe Dönüşüm Duyurusu,DÖNÜŞÜM,DKB,https://www.kap.org.tr/tr/Bildirim/1479839
KONTR,2025-08-18 16:18:02,İhale Süreci / Sonucu,İhale Sözleşmesinin İmzalanması,ODA,https://www.kap.org.tr/tr/Bildirim/1479821
SASA,2025-08-18 08:32:59,Özel Durum Açıklaması (Genel),Yumurtalık Yatırım Sahası Birinci Etabının Özel Endüstri Bölgesi Olarak İlan Edilmesi ,ODA,https://www.kap.org.tr/tr/Bildirim/1479585
KONTR,2025-08-16 12:48:04,Yeni İş İlişkisi,Yeni İş İlişkisinin Tesis Edilmesi,ODA,https://www.kap.org.tr/tr/Bildirim/1479551
BIMAS,2025-08-15 21:59:26,Entegre Rapor,TSRS Uyumlu 2024 Entegre Faaliyet Raporu,FR,https://www.kap.org.tr/tr/Bildirim/1479504
GUBRF,2025-08-15 19:43:15,Sorumluluk Beyanı (Konsolide),Sorumluluk Beyanı,FR,https://www.kap.org.tr/tr/Bildirim/1479435
GUBRF,2025-08-15 19:43:07,Faaliyet Raporu (Konsolide),Yönetim Kurulu Faaliyet Raporu 30062025,FR,https://www.kap.org.tr/tr/Bildirim/1479434
GUBRF,2025-08-15 19:42:57,Finansal Rapor,,FR,https://www.kap.org.tr/tr/Bildirim/1479433
AKBNK,2025-08-15 18:26:17,Pay Dışında Sermaye Piyasası Aracı İşlemlerine İlişkin Bildirim (Faiz İçeren),Yurtdışı Piyasalara Tahvil İhracı,ODA,https://www.kap.org.tr/tr/Bildirim/1479327
SISE,2025-08-15 18:20:21,Özel Durum Açıklaması (Genel),Finansal Tabloların Açıklanması,ODA,https://www.kap.org.tr/tr/Bildirim/1479298
SISE,2025-08-15 18:20:10,Sorumluluk Beyanı (Konsolide),30.06.2025 Sorumluluk Beyanı,FR,https://www.kap.org.tr/tr/Bildirim/1479295
SISE,2025-08-15 18:19:58,Faaliyet Raporu (Konsolide),30 Haziran 2025 Konsolide Ara Dönem Faaliyet Raporu,FR,https://www.kap.org.tr/tr/Bildirim/1479292
SISE,2025-08-15 18:19:41,Finansal Rapor,,FR,https://www.kap.org.tr/tr/Bildirim/1479289
YKBNK,2025-08-15 17:16:50,"Borçlanma Araçları, Yatırım Fonları ve Varant İtfa/Kupon/Getiri/ Nakdi Uzlaşı Ödeme İşlemleri","Borçlanma Araçları, Yatırım Fonları ve Varant İtfa/Kupon/Getiri/ Nakdi Uzlaşı Ödeme İşlemleri",DKB,https://www.kap.org.tr/tr/Bildirim/1479209
KONTR,2025-08-15 17:16:50,"Borçlanma Araçları, Yatırım Fonları ve Varant İtfa/Kupon/Getiri/ Nakdi Uzlaşı Ödeme İşlemleri","Borçlanma Araçları, Yatırım Fonları ve Varant İtfa/Kupon/Getiri/ Nakdi Uzlaşı Ödeme İşlemleri",DKB,https://www.kap.org.tr/tr/Bildirim/1479209
ISCTR,2025-08-15 14:33:40,Özel Durum Açıklaması (Genel),Tahsili Gecikmiş Alacak Satışı,ODA,https://www.kap.org.tr/tr/Bildirim/1479128
KONTR,2025-08-15 14:01:31,Pay Dışında Sermaye Piyasası Aracı İşlemlerine İlişkin Bildirim (Faiz İçeren),TRFKNTRK2519 ISIN Kodlu Finansman Bonosunun 1. Kupon Ödemesi,ODA,https://www.kap.org.tr/tr/Bildirim/1479090
KONTR,2025-08-15 14:00:28,Pay Dışında Sermaye Piyasası Aracı İşlemlerine İlişkin Bildirim (Faiz İçeren),TRFKNTR52615 ISIN Kodlu Finansman Bonosunun 1. Kupon Ödemesi,ODA,https://www.kap.org.tr/tr/Bildirim/1479089
KONTR,2025-08-15 13:59:42,Pay Dışında Sermaye Piyasası Aracı İşlemlerine İlişkin Bildirim (Faiz İçeren),TRSKNTR52618 ISIN Kodlu Tahvilin 5. Kupon Ödemesi,ODA,https://www.kap.org.tr/tr/Bildirim/1479087
YKBNK,2025-08-15 11:15:29,Şirket Genel Bilgi Formu,,DG,https://www.kap.org.tr/tr/Bildirim/1479013
YKBNK,2025-08-15 11:15:18,Pay Dışında Sermaye Piyasası Aracı İşlemlerine İlişkin Bildirim (Faiz İçeren),Nitelikli yatırımcılara ihraç edilen borçlanma araçlarının itfası,ODA,https://www.kap.org.tr/tr/Bildirim/1479012
EKGYO,2025-08-15 09:24:30,Özel Durum Açıklaması (Genel),Muğla Bodrum Ortakent Müskebi 2. Oturum Sonucu,ODA,https://www.kap.org.tr/tr/Bildirim/1478922
SAHOL,2025-08-15 08:00:47,Özel Durum Açıklaması (Genel),Sabancı Renewables Tarafından Güneş Enerji Santrali Yatırımı Yapılması,ODA,https://www.kap.org.tr/tr/Bildirim/1478902
BIMAS,2025-08-14 20:28:52,Özel Durum Açıklaması (Genel),30 Haziran 2025 Yatırımcı Sunumu ,ODA,https://www.kap.org.tr/tr/Bildirim/1478798
BIMAS,2025-08-14 20:23:05,Katılım Finansı İlkeleri Bilgi Formu ,,DG,https://www.kap.org.tr/tr/Bildirim/1478797
BIMAS,2025-08-14 20:22:03,Sorumluluk Beyanı (Konsolide),Sorumluluk Beyanı,FR,https://www.kap.org.tr/tr/Bildirim/1478796
BIMAS,2025-08-14 20:21:45,Faaliyet Raporu (Konsolide),Faaliyet Raporu,FR,https://www.kap.org.tr/tr/Bildirim/1478795
BIMAS,2025-08-14 20:21:13,Finansal Rapor,,FR,https://www.kap.org.tr/tr/Bildirim/1478794
ODAS,2025-08-14 18:36:59,Pay Alım Satım Bildirimi,Çan2 Termik A.Ş. (CANTE) Pay Satış İşlemi Hakkında,ODA,https://www.kap.org.tr/tr/Bildirim/1478592
ISCTR,2025-08-14 18:11:08,Özel Durum Açıklaması (Genel),Tahsili Gecikmiş Alacak Satışı,ODA,https://www.kap.org.tr/tr/Bildirim/1478473
ISCTR,2025-08-14 18:03:54,Özel Durum Açıklaması (Genel),Tahsili Gecikmiş Alacak Portföyü Alımı - İhaleye Konu Alacakların Devrine Yönelik Sözleşmenin İmza Sürecinin Tamamlanması,ODA,https://www.kap.org.tr/tr/Bildirim/1478441
KONTR,2025-08-14 17:04:25,Pay Dışında Sermaye Piyasası Aracı İşlemlerine İlişkin Bildirim (Faiz İçeren),TRFKNTR52615 ISIN Kodlu Finansman Bonosunun Kupon Oranının Açıklanması,ODA,https://www.kap.org.tr/tr/Bildirim/1478300
KONTR,2025-08-14 17:03:30,Pay Dışında Sermaye Piyasası Aracı İşlemlerine İlişkin Bildirim (Faiz İçeren),TRFKNTRK2519 ISIN Kodlu Finansman Bonosunun Kupon Oranının Açıklanması,ODA,https://www.kap.org.tr/tr/Bildirim/1478298
KONTR,2025-08-14 17:02:54,Pay Dışında Sermaye Piyasası Aracı İşlemlerine İlişkin Bildirim (Faiz İçeren),Değişken Getirili 728 Gün Vadeli TRSKNTR52618 ISIN Kodlu Tahvile İlişkin Kupon Oranının Açıklanması,ODA,https://www.kap.org.tr/tr/Bildirim/1478296
EKGYO,2025-08-14 15:20:12,Özel Durum Açıklaması (Genel),İstanbul Esenler Atışalanı 3. Etap Yer Teslimi,ODA,https://www.kap.org.tr/tr/Bildirim/1478199
AKBNK,2025-08-14 15:03:51,Pay Dışında Sermaye Piyasası Aracı İşlemlerine İlişkin Bildirim (Faiz İçeren),Yurtdışı Piyasalara Tahvil İhracı,ODA,https://www.kap.org.tr/tr/Bildirim/1478194
VAKBN,2025-08-14 11:12:25,Pay Dışında Sermaye Piyasası Aracı İşlemlerine İlişkin Bildirim (Faiz İçeren),Borçlanma Araçlarına İlişkin SPK Başvurusu,ODA,https://www.kap.org.tr/tr/Bildirim/1478106
EKGYO,2025-08-14 10:51:17,Tertip İhraç Belgesi,Emlak Konut GYO 3.Tertip İhraç Belgesi,DG,https://www.kap.org.tr/tr/Bildirim/1478096
EKGYO,2025-08-14 10:51:08,Tertip İhraç Belgesi,Emlak Konut GYO 2.Tertip İhraç Belgesi ,DG,https://www.kap.org.tr/tr/Bildirim/1478095
EKGYO,2025-08-14 09:20:21,BISTECH Pay Piyasası Alım Satım Sistemi Duyurusu,Yeni Açılan Gayrimenkul Sertifikası Sırası,DKB,https://www.kap.org.tr/tr/Bildirim/1478054
EKGYO,2025-08-14 09:18:12,Pay Alım Satım Bildirimi,"Pay Alım Satım Bildirimi

",DKB,https://www.kap.org.tr/tr/Bildirim/1478053
KONTR,2025-08-14 08:59:41,Geleceğe Dönük Değerlendirmeler,Güncel Yatırımcı Sunumu ve 2025 Yılı İkinci Çeyrek Finansal Sonuç Bülteni,ODA,https://www.kap.org.tr/tr/Bildirim/1478040
TUPRS,2025-08-14 08:32:47,Kredi Derecelendirmesi,Fitch Ratings Kredi Derecelendirme Notu,ODA,https://www.kap.org.tr/tr/Bildirim/1478038
KONTR,2025-08-13 22:56:06,Finansal Takvim,2025 Yılı Üçüncü Çeyrek Finansal Takvimi,DG,https://www.kap.org.tr/tr/Bildirim/1478027
KONTR,2025-08-13 22:55:07,Sürdürülebilirlik Raporu,2024 Yılı TSRS Uyumlu Sürdürülebilirlik Raporu,DG,https://www.kap.org.tr/tr/Bildirim/1478026
KONTR,2025-08-13 22:54:11,Katılım Finansı İlkeleri Bilgi Formu ,,DG,https://www.kap.org.tr/tr/Bildirim/1478025
AKBNK,2025-08-26 18:25:31,Pay Dışında Sermaye Piyasası Aracı İşlemlerine İlişkin Bildirim (Faiz İçeren),Yurtdışı Piyasalara Tahvil İhracının Tamamlanması,ODA,https://www.kap.org.tr/tr/Bildirim/1482818
EKGYO,2025-08-26 18:19:52,Pay Dışında Sermaye Piyasası Aracı İşlemlerine İlişkin Bildirim (Faizsiz),Yurtiçi Kira Sertifikası İhracı Nitelikli Yatırımcıya Satışın Tamamlanması Hk.,ODA,https://www.kap.org.tr/tr/Bildirim/1482808
EKGYO,2025-08-26 18:19:31,Pay Dışında Sermaye Piyasası Aracı İşlemlerine İlişkin Bildirim (Faizsiz),Yurtiçi Kira Sertifikası İhracı Nitelikli Yatırımcıya Satışın Tamamlanması Hk.,ODA,https://www.kap.org.tr/tr/Bildirim/1482806
GARAN,2025-08-26 18:10:45,Pay Dışında Sermaye Piyasası Aracı İşlemlerine İlişkin Bildirim (Faiz İçeren),Yurtdışı Piyasalara Tahvil İhracı SPK Onayı,ODA,https://www.kap.org.tr/tr/Bildirim/1482788
GARAN,2025-08-26 18:10:23,Pay Dışında Sermaye Piyasası Aracı İşlemlerine İlişkin Bildirim (Faiz İçeren),Yurtdışı Piyasalara Tahvil İhracı SPK Onayı,ODA,https://www.kap.org.tr/tr/Bildirim/1482784
AKBNK,2025-08-26 18:02:28,Özel Durum Açıklaması (Genel),Tahsili Gecikmiş Alacak Portföyü Alımı,ODA,https://www.kap.org.tr/tr/Bildirim/1482779
HALKB,2025-08-26 17:00:48,"Borçlanma Araçları, Yatırım Fonları ve Varant İtfa/Kupon/Getiri/ Nakdi Uzlaşı Ödeme İşlemleri","Borçlanma Araçları, Yatırım Fonları ve Varant İtfa/Kupon/Getiri/Nakdi Uzlaşı Ödeme İşlemleri",DKB,https://www.kap.org.tr/tr/Bildirim/1482747
YKBNK,2025-08-26 16:31:08,Şirket Genel Bilgi Formu,,DG,https://www.kap.org.tr/tr/Bildirim/1482731
YKBNK,2025-08-26 16:29:30,Pay Dışında Sermaye Piyasası Aracı İşlemlerine İlişkin Bildirim (Faiz İçeren),Yurtdışında borçlanma aracı ihracının tamamlanması,ODA,https://www.kap.org.tr/tr/Bildirim/1482730
HALKB,2025-08-26 12:19:27,Pay Dışında Sermaye Piyasası Aracı İşlemlerine İlişkin Bildirim (Faiz İçeren),Yurtiçinde Nitelikli Yatırımcılara Sermaye Benzeri Tahvil Kupon İtfası,ODA,https://www.kap.org.tr/tr/Bildirim/1482673
HALKB,2025-08-26 12:19:14,Pay Dışında Sermaye Piyasası Aracı İşlemlerine İlişkin Bildirim (Faiz İçeren),Yurtiçinde Nitelikli Yatırımcılara Sermaye Benzeri Tahvil Kupon İtfası,ODA,https://www.kap.org.tr/tr/Bildirim/1482672
YKBNK,2025-08-26 11:27:38,Özel Durum Açıklaması (Genel),Yurtdışında ilave ana sermayeye dahil edilebilir borçlanma aracı ihracı hk.,ODA,https://www.kap.org.tr/tr/Bildirim/1482657
GUBRF,2025-08-26 11:18:16,Haber ve Söylentilere İlişkin Açıklama,Haber ve Söylentilere İlişkin Açıklama,ODA,https://www.kap.org.tr/tr/Bildirim/1482653
YKBNK,2025-08-25 18:36:08,VİOP İşlem İptali Duyuruları,VİOP İşlem İptali Duyuruları,DKB,https://www.kap.org.tr/tr/Bildirim/1482488
GUBRF,2025-08-25 18:21:49,Özel Durum Açıklaması (Genel),Haber ve Söylentilere İlişkin Açıklama,ODA,https://www.kap.org.tr/tr/Bildirim/1482472
HALKB,2025-08-25 18:02:36,Pay Dışında Sermaye Piyasası Aracı İşlemlerine İlişkin Bildirim (Faiz İçeren),Yurtiçinde Nitelikli Yatırımcılara Sermaye Benzeri Tahvil Kupon Oranı,ODA,https://www.kap.org.tr/tr/Bildirim/1482451
HALKB,2025-08-25 18:00:25,Pay Dışında Sermaye Piyasası Aracı İşlemlerine İlişkin Bildirim (Faiz İçeren),Yurtiçinde Nitelikli Yatırımcılara Sermaye Benzeri Tahvil Kupon Oranı,ODA,https://www.kap.org.tr/tr/Bildirim/1482449
MGROS,2025-08-25 17:10:20,Borsada İşlem Gören Tipe Dönüşüm Duyurusu,DÖNÜŞÜM,DKB,https://www.kap.org.tr/tr/Bildirim/1482400
EREGL,2025-08-25 17:10:20,Borsada İşlem Gören Tipe Dönüşüm Duyurusu,DÖNÜŞÜM,DKB,https://www.kap.org.tr/tr/Bildirim/1482400
YKBNK,2025-08-25 15:29:45,Pay Dışında Sermaye Piyasası Aracı İşlemlerine İlişkin Bildirim (Faiz İçeren),Yurtdışında ihraç edilen borçlanma aracının itfası,ODA,https://www.kap.org.tr/tr/Bildirim/1482327
YKBNK,2025-08-25 15:28:58,Pay Dışında Sermaye Piyasası Aracı İşlemlerine İlişkin Bildirim (Faiz İçeren),Yurtdışında ihraç edilen borçlanma aracının itfası,ODA,https://www.kap.org.tr/tr/Bildirim/1482325
ISCTR,2025-08-25 10:03:00,Pay Dışında Sermaye Piyasası Aracı İşlemlerine İlişkin Bildirim (Faiz İçeren),Yurtdışı Piyasalara Sürdürülebilir Tahvil İhracı,ODA,https://www.kap.org.tr/tr/Bildirim/1482214
ISCTR,2025-08-25 10:01:44,Pay Dışında Sermaye Piyasası Aracı İşlemlerine İlişkin Bildirim (Faiz İçeren),Yurtdışı Piyasalara Tahvil İhracı,ODA,https://www.kap.org.tr/tr/Bildirim/1482210
GARAN,2025-08-25 09:18:43,Özel Durum Açıklaması (Genel),"Tahsili Gecikmiş Alacak Portföyü Alımı
",ODA,https://www.kap.org.tr/tr/Bildirim/1482191
SASA,2025-08-25 08:36:00,Finansal Duran Varlık Edinimi,Bağlı ortaklık kurulması,ODA,https://www.kap.org.tr/tr/Bildirim/1482176
EREGL,2025-08-23 17:01:42,Şirket Genel Bilgi Formu,,DG,https://www.kap.org.tr/tr/Bildirim/1482166
EREGL,2025-08-23 17:01:29,Özel Durum Açıklaması (Genel),Genel Müdür Ataması ,ODA,https://www.kap.org.tr/tr/Bildirim/1482165
GARAN,2025-08-22 18:11:12,Şirket Genel Bilgi Formu,,DG,https://www.kap.org.tr/tr/Bildirim/1482091
GARAN,2025-08-22 18:10:28,Özel Durum Açıklaması (Genel),Tahsili gecikmiş alacak portföy satışı hk.,ODA,https://www.kap.org.tr/tr/Bildirim/1482089
ISCTR,2025-08-22 17:07:09,Şirket Genel Bilgi Formu,,DG,https://www.kap.org.tr/tr/Bildirim/1482053
VAKBN,2025-08-22 14:50:03,Pay Dışında Sermaye Piyasası Aracı İşlemlerine İlişkin Bildirim (Faiz İçeren),Borçlanma Araçlarına İlişkin Faiz Açıklaması,ODA,https://www.kap.org.tr/tr/Bildirim/1481970
VAKBN,2025-08-22 14:47:56,İzahname-Özet (SPK Tarafından Onaylanan),İzahname- Özet,DG,https://www.kap.org.tr/tr/Bildirim/1481968
VAKBN,2025-08-22 14:47:33,İzahname-Sermaye Piyasası Aracı Notu (SPK Tarafından Onaylanan),İzahname- Sermaye Piyasası Aracı Notu,DG,https://www.kap.org.tr/tr/Bildirim/1481967
VAKBN,2025-08-22 14:47:11,İzahname-İhraççı Bİlgi Dokümanı (SPK Tarafından Onaylanan),İzahname- İhraççı Bilgi Dokümanı,DG,https://www.kap.org.tr/tr/Bildirim/1481965
AKBNK,2025-08-22 13:56:32,Pay Dışında Sermaye Piyasası Aracı İşlemlerine İlişkin Bildirim (Faiz İçeren),Yurtdışı Piyasalara Tahvil İhracı,ODA,https://www.kap.org.tr/tr/Bildirim/1481950
EKGYO,2025-08-22 11:11:08,Özel Durum Açıklaması (Genel),Muğla Köyceğiz Toparlar İhale İlanı,ODA,https://www.kap.org.tr/tr/Bildirim/1481901
EKGYO,2025-08-22 09:15:30,Pay Alım Satım Bildirimi,Pay Alım Satım Bildirimi,DKB,https://www.kap.org.tr/tr/Bildirim/1481846
ISCTR,2025-08-22 08:35:47,Pay Dışında Sermaye Piyasası Aracı İşlemlerine İlişkin Bildirim (Faiz İçeren),Nitelikli Yatırımcılara Finansman Bonosu Satışının Tamamlanması,ODA,https://www.kap.org.tr/tr/Bildirim/1481821
EKGYO,2025-08-21 21:01:51,Katılım Finansı İlkeleri Bilgi Formu ,,DG,https://www.kap.org.tr/tr/Bildirim/1481810
SISE,2025-08-21 18:52:26,Kredi Derecelendirmesi,Kredi Derecelendirme Notu,ODA,https://www.kap.org.tr/tr/Bildirim/1481795
TOASO,2025-08-21 18:49:56,Birleşme İşlemlerine İlişkin Bildirim,Devralma suretiyle kolaylaştırılmış usulde birleşme işlemine ilişkin SPK başvurusu,ODA,https://www.kap.org.tr/tr/Bildirim/1481793
SISE,2025-08-21 18:15:55,Kredi Derecelendirmesi,KREDİ DERECELENDİRME BİLDİRİMİ,ODA,https://www.kap.org.tr/tr/Bildirim/1481764
EREGL,2025-08-21 16:53:56,Borsada İşlem Gören Tipe Dönüşüm Duyurusu,DÖNÜŞÜM,DKB,https://www.kap.org.tr/tr/Bildirim/1481696
GUBRF,2025-08-20 19:23:41,Payların Geri Alınmasına İlişkin Bildirim,Pay Geri Alım Programına İlişkin Bilgilendrme,ODA,https://www.kap.org.tr/tr/Bildirim/1481480
TOASO,2025-08-20 18:34:45,Şirket Genel Bilgi Formu,,DG,https://www.kap.org.tr/tr/Bildirim/1481456
TOASO,2025-08-20 18:34:13,Birleşme İşlemlerine İlişkin Bildirim,Şirketimizin %100 bağlı ortaklığı olan Stellantis Otomotiv Pazarlama Anonim Şirketi ile devralma suretiyle kolaylaştırılmış usulde birleşmesine ilişkin yönetim kurulu kararı,ODA,https://www.kap.org.tr/tr/Bildirim/1481454
AKBNK,2025-08-20 15:34:35,Pay Dışında Sermaye Piyasası Aracı İşlemlerine İlişkin Bildirim (Faiz İçeren),Yurtdışı Piyasalara Tahvil İhracının Tamamlanması,ODA,https://www.kap.org.tr/tr/Bildirim/1481305
TAVHL,2025-08-20 11:44:58,Birleşme İşlemlerine İlişkin Bildirim,Birleşme İşlemi İçin SPK Başvurusu,ODA,https://www.kap.org.tr/tr/Bildirim/1481233
ISCTR,2025-08-20 10:56:49,Pay Dışında Sermaye Piyasası Aracı İşlemlerine İlişkin Bildirim (Faiz İçeren),Nitelikli Yatırımcılara Finansman Bonosu Satışının Tamamlanması,ODA,https://www.kap.org.tr/tr/Bildirim/1481218
KONTR,2025-09-02 18:39:26,Katılım Finansı İlkeleri Bilgi Formu ,,DG,https://www.kap.org.tr/tr/Bildirim/1485661
GARAN,2025-09-02 18:36:15,Pay Dışında Sermaye Piyasası Aracı İşlemlerine İlişkin Bildirim (Faiz İçeren),Yurtdışı Piyasalara Tahvil İhracı SPK Onayı,ODA,https://www.kap.org.tr/tr/Bildirim/1485655
MGROS,2025-09-02 16:12:40,Pay Bazında Devre Kesici Bildirimi,MGROS.E İşlem Sırasında Devre Kesici Uygulaması Başlamıştır,DKB,https://www.kap.org.tr/tr/Bildirim/1485391
CIMSA,2025-09-02 16:07:23,Pay Bazında Devre Kesici Bildirimi,CIMSA.E İşlem Sırasında Devre Kesici Uygulaması Başlamıştır,DKB,https://www.kap.org.tr/tr/Bildirim/1485375
BIMAS,2025-09-02 16:07:02,Pay Bazında Devre Kesici Bildirimi,BIMAS.E İşlem Sırasında Devre Kesici Uygulaması Başlamıştır,DKB,https://www.kap.org.tr/tr/Bildirim/1485372
TCELL,2025-09-02 16:03:14,Pay Bazında Devre Kesici Bildirimi,TCELL.E İşlem Sırasında Devre Kesici Uygulaması Başlamıştır,DKB,https://www.kap.org.tr/tr/Bildirim/1485327
THYAO,2025-09-02 16:03:13,Pay Bazında Devre Kesici Bildirimi,THYAO.E İşlem Sırasında Devre Kesici Uygulaması Başlamıştır,DKB,https://www.kap.org.tr/tr/Bildirim/1485325
EREGL,2025-09-02 16:03:06,Pay Bazında Devre Kesici Bildirimi,EREGL.E İşlem Sırasında Devre Kesici Uygulaması Başlamıştır,DKB,https://www.kap.org.tr/tr/Bildirim/1485322
TAVHL,2025-09-02 16:03:06,Pay Bazında Devre Kesici Bildirimi,TAVHL.E İşlem Sırasında Devre Kesici Uygulaması Başlamıştır,DKB,https://www.kap.org.tr/tr/Bildirim/1485321
VAKBN,2025-09-02 16:02:57,Pay Bazında Devre Kesici Bildirimi,VAKBN.E İşlem Sırasında Devre Kesici Uygulaması Başlamıştır,DKB,https://www.kap.org.tr/tr/Bildirim/1485316
ASELS,2025-09-02 16:02:55,Pay Bazında Devre Kesici Bildirimi,ASELS.E İşlem Sırasında Devre Kesici Uygulaması Başlamıştır,DKB,https://www.kap.org.tr/tr/Bildirim/1485315
GARAN,2025-09-02 16:00:33,Pay Bazında Devre Kesici Bildirimi,GARAN.E İşlem Sırasında Devre Kesici Uygulaması Başlamıştır,DKB,https://www.kap.org.tr/tr/Bildirim/1485267
PGSUS,2025-09-02 16:00:08,Pay Bazında Devre Kesici Bildirimi,PGSUS.E İşlem Sırasında Devre Kesici Uygulaması Başlamıştır,DKB,https://www.kap.org.tr/tr/Bildirim/1485249
ISCTR,2025-09-02 16:00:01,Pay Bazında Devre Kesici Bildirimi,ISCTR.E İşlem Sırasında Devre Kesici Uygulaması Başlamıştır,DKB,https://www.kap.org.tr/tr/Bildirim/1485241
HALKB,2025-09-02 15:59:48,Pay Bazında Devre Kesici Bildirimi,HALKB.E İşlem Sırasında Devre Kesici Uygulaması Başlamıştır,DKB,https://www.kap.org.tr/tr/Bildirim/1485238
SISE,2025-09-02 15:58:58,Pay Bazında Devre Kesici Bildirimi,SISE.E İşlem Sırasında Devre Kesici Uygulaması Başlamıştır,DKB,https://www.kap.org.tr/tr/Bildirim/1485222
ARCLK,2025-09-02 15:58:37,Pay Bazında Devre Kesici Bildirimi,ARCLK.E İşlem Sırasında Devre Kesici Uygulaması Başlamıştır,DKB,https://www.kap.org.tr/tr/Bildirim/1485209
EKGYO,2025-09-02 15:57:50,Pay Bazında Devre Kesici Bildirimi,EKGYO.E İşlem Sırasında Devre Kesici Uygulaması Başlamıştır,DKB,https://www.kap.org.tr/tr/Bildirim/1485191
TKFEN,2025-09-02 15:55:37,Pay Bazında Devre Kesici Bildirimi,TKFEN.E İşlem Sırasında Devre Kesici Uygulaması Başlamıştır,DKB,https://www.kap.org.tr/tr/Bildirim/1485179
YKBNK,2025-09-02 15:55:21,Pay Bazında Devre Kesici Bildirimi,YKBNK.E İşlem Sırasında Devre Kesici Uygulaması Başlamıştır,DKB,https://www.kap.org.tr/tr/Bildirim/1485177
FROTO,2025-09-02 15:48:32,Pay Bazında Devre Kesici Bildirimi,FROTO.E İşlem Sırasında Devre Kesici Uygulaması Başlamıştır,DKB,https://www.kap.org.tr/tr/Bildirim/1485112
SAHOL,2025-09-02 15:48:29,Pay Bazında Devre Kesici Bildirimi,SAHOL.E İşlem Sırasında Devre Kesici Uygulaması Başlamıştır,DKB,https://www.kap.org.tr/tr/Bildirim/1485109
AKBNK,2025-09-02 15:48:18,Pay Bazında Devre Kesici Bildirimi,AKBNK.E İşlem Sırasında Devre Kesici Uygulaması Başlamıştır,DKB,https://www.kap.org.tr/tr/Bildirim/1485101
ISCTR,2025-09-02 15:48:00,Pay Bazında Devre Kesici Bildirimi,ISCTR.E İşlem Sırasında Devre Kesici Uygulaması Başlamıştır,DKB,https://www.kap.org.tr/tr/Bildirim/1485088
GUBRF,2025-09-02 15:47:58,Pay Bazında Devre Kesici Bildirimi,GUBRF.E İşlem Sırasında Devre Kesici Uygulaması Başlamıştır,DKB,https://www.kap.org.tr/tr/Bildirim/1485086
PETKM,2025-09-02 15:47:38,Pay Bazında Devre Kesici Bildirimi,PETKM.E İşlem Sırasında Devre Kesici Uygulaması Başlamıştır,DKB,https://www.kap.org.tr/tr/Bildirim/1485068
KCHOL,2025-09-02 15:46:01,Pay Bazında Devre Kesici Bildirimi,KCHOL.E İşlem Sırasında Devre Kesici Uygulaması Başlamıştır,DKB,https://www.kap.org.tr/tr/Bildirim/1485043
TOASO,2025-09-02 15:45:26,Pay Bazında Devre Kesici Bildirimi,TOASO.E İşlem Sırasında Devre Kesici Uygulaması Başlamıştır,DKB,https://www.kap.org.tr/tr/Bildirim/1485035
KONTR,2025-09-02 15:43:27,Pay Bazında Devre Kesici Bildirimi,KONTR.E İşlem Sırasında Devre Kesici Uygulaması Başlamıştır,DKB,https://www.kap.org.tr/tr/Bildirim/1485028
ODAS,2025-09-02 15:40:04,Pay Bazında Devre Kesici Bildirimi,ODAS.E İşlem Sırasında Devre Kesici Uygulaması Başlamıştır,DKB,https://www.kap.org.tr/tr/Bildirim/1484964
KRDMD,2025-09-02 15:39:29,Pay Bazında Devre Kesici Bildirimi,KRDMD.E İşlem Sırasında Devre Kesici Uygulaması Başlamıştır,DKB,https://www.kap.org.tr/tr/Bildirim/1484959
THYAO,2025-09-02 09:21:56,BISTECH Pay Piyasası Alım Satım Sistemi Duyurusu,Hak Kullanımı,DKB,https://www.kap.org.tr/tr/Bildirim/1484735
KONTR,2025-09-01 19:09:57,Kredi Derecelendirmesi,Kredi Derecelendirme Bildirimi,ODA,https://www.kap.org.tr/tr/Bildirim/1484588
KCHOL,2025-09-01 18:15:07,Şirket Genel Bilgi Formu,,DG,https://www.kap.org.tr/tr/Bildirim/1484512
YKBNK,2025-09-01 18:15:03,Pay Dışında Sermaye Piyasası Aracı İşlemlerine İlişkin Bildirim (Faiz İçeren),Yurtdışında ilave ana sermayeye dahil edilebilir borçlanma aracı ihracı hk.,ODA,https://www.kap.org.tr/tr/Bildirim/1484511
KONTR,2025-09-01 18:10:48,Kredi Derecelendirmesi,KREDİ DERECELENDİRME BİLDİRİMİ,ODA,https://www.kap.org.tr/tr/Bildirim/1484501
KRDMD,2025-09-01 18:02:04,Şirket Genel Bilgi Formu,,DG,https://www.kap.org.tr/tr/Bildirim/1484494
KRDMD,2025-09-01 17:59:07,Özel Durum Açıklaması (Genel),Görevden ayrılma hk,ODA,https://www.kap.org.tr/tr/Bildirim/1484489
SISE,2025-09-01 17:05:19,"Borçlanma Araçları, Yatırım Fonları ve Varant İtfa/Kupon/Getiri/ Nakdi Uzlaşı Ödeme İşlemleri","Borçlanma Araçları, Yatırım Fonları ve Varant İtfa/Kupon/Getiri/ Nakdi Uzlaşı Ödeme İşlemleri",DKB,https://www.kap.org.tr/tr/Bildirim/1484453
THYAO,2025-09-01 16:47:42,Hak Kullanımı,,DKB,https://www.kap.org.tr/tr/Bildirim/1484448
YKBNK,2025-09-01 16:19:26,Pay Dışında Sermaye Piyasası Aracı İşlemlerine İlişkin Bildirim (Faiz İçeren),Yurtdışında ihraç edilen borçlanma aracının itfası,ODA,https://www.kap.org.tr/tr/Bildirim/1484400
ISCTR,2025-09-01 14:16:53,Pay Dışında Sermaye Piyasası Aracı İşlemlerine İlişkin Bildirim (Faiz İçeren),01.09.2025 vadeli T. İş Bankası A.Ş. Tahvili Kupon Ödeme ve İtfası Hakkında,ODA,https://www.kap.org.tr/tr/Bildirim/1484252
SISE,2025-09-01 13:50:00,Pay Dışında Sermaye Piyasası Aracı İşlemlerine İlişkin Bildirim (Faiz İçeren),TRSSISEA2511 Numaralı Tahvilin Kupon Ödemesi,ODA,https://www.kap.org.tr/tr/Bildirim/1484236
YKBNK,2025-09-01 12:33:19,Pay Dışında Sermaye Piyasası Aracı İşlemlerine İlişkin Bildirim (Faiz İçeren),Yurtdışında ilave ana sermayeye dahil edilebilir borçlanma aracı ihracı hk.,ODA,https://www.kap.org.tr/tr/Bildirim/1484220
VAKBN,2025-09-01 11:59:14,Pay Dışında Sermaye Piyasası Aracı İşlemlerine İlişkin Bildirim (Faiz İçeren),GMTN Programı Çerçevesinde Türkiye Dışında Sürdürülebilir Borçlanma Aracı İhracı SPK Onayı ,ODA,https://www.kap.org.tr/tr/Bildirim/1484209
SISE,2025-09-01 11:00:43,Şirket Genel Bilgi Formu,,DG,https://www.kap.org.tr/tr/Bildirim/1484137
EKGYO,2025-09-01 09:00:30,Özel Durum Açıklaması (Genel),Akademiler Sitesi Kentesel Dönüşüm Projesi Hakkında Bilgilendirme,ODA,https://www.kap.org.tr/tr/Bildirim/1484081
EKGYO,2025-08-29 19:28:26,Özel Durum Açıklaması (Genel),İş Birliği Protokolü,ODA,https://www.kap.org.tr/tr/Bildirim/1484004
EKGYO,2025-08-29 19:18:28,Özel Durum Açıklaması (Genel),Taşınmaz Alımı ve Finansmanı Hakkında,ODA,https://www.kap.org.tr/tr/Bildirim/1484002
BIMAS,2025-08-29 18:19:36,Kredi Derecelendirmesi,JCR Avrasya Kredi  Derecelendirme Notu,ODA,https://www.kap.org.tr/tr/Bildirim/1483952
GARAN,2025-08-29 18:18:49,Pay Dışında Sermaye Piyasası Aracı İşlemlerine İlişkin Bildirim (Faiz İçeren),Yurtdışı Piyasalara Tahvil İhracı SPK Onayı,ODA,https://www.kap.org.tr/tr/Bildirim/1483946
BIMAS,2025-08-29 18:17:18,Kredi Derecelendirmesi,KREDİ DERECELENDİRME BİLDİRİMİ,ODA,https://www.kap.org.tr/tr/Bildirim/1483943
VAKBN,2025-08-29 17:40:15,Borçlanma Araçlarının / Kira Sertifikalarının İşlem Görmeye Başlaması,Borçlanma Araçlarının / Kira Sertifikalarının İşlem Görmeye Başlaması,DKB,https://www.kap.org.tr/tr/Bildirim/1483900
VAKBN,2025-08-29 17:38:58,Şirket Genel Bilgi Formu,,DG,https://www.kap.org.tr/tr/Bildirim/1483898
SASA,2025-08-29 17:26:49,Pay Bazında Devre Kesici Bildirimi,SASA.E İşlem Sırasında Devre Kesici Uygulaması Başlamıştır,DKB,https://www.kap.org.tr/tr/Bildirim/1483887
SISE,2025-08-29 17:14:27,"Borçlanma Araçları, Yatırım Fonları ve Varant İtfa/Kupon/Getiri/ Nakdi Uzlaşı Ödeme İşlemleri","Borçlanma Araçları, Yatırım Fonları ve Varant İtfa/Kupon/Getiri/Nakdi Uzlaşı Ödeme İşlemleri",DKB,https://www.kap.org.tr/tr/Bildirim/1483882
VAKBN,2025-08-29 16:51:47,Pay Dışında Sermaye Piyasası Aracı İşlemlerine İlişkin Bildirim (Faiz İçeren),GMTN Programı Çerçevesinde Türkiye Dışında Sürdürülebilir Borçlanma Aracı İhracı SPK Onayı ,ODA,https://www.kap.org.tr/tr/Bildirim/1483853
VAKBN,2025-08-29 14:59:00,Pay Dışında Sermaye Piyasası Aracı İşlemlerine İlişkin Bildirim (Faiz İçeren),TRFVKFB82527 ISIN kodlu T. Vakıflar Bankası T.A.O. Finansman Bonolarının İtfası,ODA,https://www.kap.org.tr/tr/Bildirim/1483766
SISE,2025-08-29 12:52:54,Pay Dışında Sermaye Piyasası Aracı İşlemlerine İlişkin Bildirim (Faiz İçeren),TRSSISE32613 Numaralı Tahvilin Kupon Ödemesi	,ODA,https://www.kap.org.tr/tr/Bildirim/1483687
PGSUS,2025-08-29 11:04:58,Şirket Genel Bilgi Formu,,DG,https://www.kap.org.tr/tr/Bildirim/1483661
EKGYO,2025-08-28 20:20:47,Özel Durum Açıklaması (Genel),Emlak Konut Gayrimenkul Yatırım Ortaklığı A.Ş.nin Damla Kent Projesine Ait Gayrimenkul Sertifikalarına İlişkin Likidite Sağlayıcılık İşlemleri Hakkında,ODA,https://www.kap.org.tr/tr/Bildirim/1483596
EKGYO,2025-08-28 20:19:38,Özel Durum Açıklaması (Genel),Emlak Konut Gayrimenkul Yatırım Ortaklığı A.Ş.nin Damla Kent Projesine ait Gayrimenkul Sertifikasının Fiyat İstikrarı İşlemlerinin Sona Ermesi Hk.,ODA,https://www.kap.org.tr/tr/Bildirim/1483595
SISE,2025-08-28 19:25:44,Pay Dışında Sermaye Piyasası Aracı İşlemlerine İlişkin Bildirim (Faiz İçeren),TRSSISE32613 ISIN Kodlu Tahvilin 6. Kupon Oranı,ODA,https://www.kap.org.tr/tr/Bildirim/1483590
GARAN,2025-08-28 18:10:20,Pay Dışında Sermaye Piyasası Aracı İşlemlerine İlişkin Bildirim (Faiz İçeren),Yurtdışı Piyasalara Tahvil İhracı SPK Onayı,ODA,https://www.kap.org.tr/tr/Bildirim/1483530
KONTR,2025-08-28 12:03:48,Pay Bazında Devre Kesici Bildirimi,KONTR.E İşlem Sırasında Devre Kesici Uygulaması Başlamıştır,DKB,https://www.kap.org.tr/tr/Bildirim/1483386
VAKBN,2025-08-28 11:49:11,Pay Dışında Sermaye Piyasası Aracı İşlemlerine İlişkin Bildirim (Faiz İçeren),Borçlanma Araçlarına İlişkin Satış Sonuçları Açıklaması,ODA,https://www.kap.org.tr/tr/Bildirim/1483384
KONTR,2025-08-28 08:54:25,Pay Alım Satım Bildirimi,"Pay Alım Satım Bildirimi
",DKB,https://www.kap.org.tr/tr/Bildirim/1483252
GARAN,2025-08-28 08:26:46,Özel Durum Açıklaması (Genel),"İhale sonrası Devir ve Temlik İşlemlerinin tamamlanması hk.
",ODA,https://www.kap.org.tr/tr/Bildirim/1483248
ASELS,2025-08-27 19:30:23,Özel Durum Açıklaması (Genel),"ÇELİKKUBBE, Oğulbey Teknoloji Üssü ve Seri Üretim Yatırımları Hakkında",ODA,https://www.kap.org.tr/tr/Bildirim/1483230
YKBNK,2025-08-27 19:18:27,Pay Dışında Sermaye Piyasası Aracı İşlemlerine İlişkin Bildirim (Faiz İçeren),Yurtdışında ilave ana sermayeye dahil edilebilir borçlanma aracı ihracı hk.,ODA,https://www.kap.org.tr/tr/Bildirim/1483227
EKGYO,2025-08-27 18:45:51,Likidite Sağlayıcı Atanması,Likidite Sağlayıcı Atanması,DKB,https://www.kap.org.tr/tr/Bildirim/1483225
EKGYO,2025-08-27 14:49:32,Pay Dışında Sermaye Piyasası Aracı İşlemlerine İlişkin Bildirim (Faizsiz),Yurtiçi Kira Sertifikası İtfa ve Getiri Ödemesi,ODA,https://www.kap.org.tr/tr/Bildirim/1483012
THYAO,2025-08-27 13:10:46,Özel Durum Açıklaması (Genel),Yeni Hat Açılışı,ODA,https://www.kap.org.tr/tr/Bildirim/1482980
AKBNK,2025-08-27 00:03:50,Özel Durum Açıklaması (Genel),Tahsili Gecikmiş Alacak Portföyü Alımı,ODA,https://www.kap.org.tr/tr/Bildirim/1482876
HALKB,2025-09-09 18:31:43,Pay Dışında Sermaye Piyasası Aracı İşlemlerine İlişkin Bildirim (Faiz İçeren),Yurtiçinde Nitelikli Yatırımcılara Sermaye Benzeri Tahvil Kupon Oranı,ODA,https://www.kap.org.tr/tr/Bildirim/1488415
HALKB,2025-09-09 18:31:34,Özel Durum Açıklaması (Genel),Yabancı Kaynak Temini,ODA,https://www.kap.org.tr/tr/Bildirim/1488414
GARAN,2025-09-09 15:47:03,İzahname-Özet (SPK Tarafından Onaylanan),İzahname -  Özet ,DG,https://www.kap.org.tr/tr/Bildirim/1488308
GARAN,2025-09-09 15:46:52,İzahname-İhraççı Bİlgi Dokümanı (SPK Tarafından Onaylanan),İzahname  İhraççı Bilgi Dokümanı,DG,https://www.kap.org.tr/tr/Bildirim/1488307
GARAN,2025-09-09 15:46:40,İzahname-Sermaye Piyasası Aracı Notu (SPK Tarafından Onaylanan),İzahname   Sermaye Piyasası Aracı Notu,DG,https://www.kap.org.tr/tr/Bildirim/1488306
EKGYO,2025-09-09 10:55:57,Özel Durum Açıklaması (Genel),Muğla Köyceğiz Toparlar 2. Oturum İhale Tarihi,ODA,https://www.kap.org.tr/tr/Bildirim/1488216
GARAN,2025-09-09 07:40:11,Özel Durum Açıklaması (Genel),Tahsili gecikmiş alacak portföy satışı hk. ,ODA,https://www.kap.org.tr/tr/Bildirim/1488159
THYAO,2025-09-08 19:50:32,Özel Durum Açıklaması (Genel),Ağustos 2025 Trafik Sonuçları,ODA,https://www.kap.org.tr/tr/Bildirim/1488116
TOASO,2025-09-08 19:12:11,İlişkili Taraf İşlemleri,Yaygın ve Süreklilik Arz Eden İlişkili Taraf İşlemleri,ODA,https://www.kap.org.tr/tr/Bildirim/1488111
TOASO,2025-09-08 19:11:51,Yeni İş İlişkisi,Stellantis Europe S.P.A ile yeni araç üretimine ilişkin sözleşmenin imzalanması ,ODA,https://www.kap.org.tr/tr/Bildirim/1488110
FROTO,2025-09-08 18:26:48,İhraç Tavanına İlişkin Bildirim,"Yurtdışında borçlanma aracı ihraç edilmesi hakkında karar alınması
",ODA,https://www.kap.org.tr/tr/Bildirim/1487976
FROTO,2025-09-08 18:24:24,Kayıtlı Sermaye Tavanı İşlemlerine İlişkin Bildirim,Kayıtlı sermaye geçerlilik süresinin uzatılmasına ve tavan artırımına ilişkin yönetim kurulu kararı,ODA,https://www.kap.org.tr/tr/Bildirim/1487975
ISCTR,2025-09-08 17:47:00,Pay Dışında Sermaye Piyasası Aracı İşlemlerine İlişkin Bildirim (Faiz İçeren),Yurtiçi TL cinsi katkı sermaye hesaplamasına dahil edilecek borçlanma aracı kupon oranı açıklaması ,ODA,https://www.kap.org.tr/tr/Bildirim/1487908
EKGYO,2025-09-08 17:20:45,Özel Durum Açıklaması (Genel),İstanbul Küçükçekmece Bizim Mahalle 1. Etap 5. Kısım Yer Teslimi ,ODA,https://www.kap.org.tr/tr/Bildirim/1487887
VAKBN,2025-09-08 17:10:22,"Borçlanma Araçları, Yatırım Fonları ve Varant İtfa/Kupon/Getiri/ Nakdi Uzlaşı Ödeme İşlemleri","Borçlanma Araçları, Yatırım Fonları ve Varant İtfa/Kupon/Getiri/ Nakdi Uzlaşı Ödeme İşlemleri",DKB,https://www.kap.org.tr/tr/Bildirim/1487879
TUPRS,2025-09-08 16:40:37,Borsada İşlem Gören Tipe Dönüşüm Duyurusu,DÖNÜŞÜM,DKB,https://www.kap.org.tr/tr/Bildirim/1487827
EKGYO,2025-09-08 16:27:36,Pay Alım Satım Bildirimi,Pay Alım Satım Bildirimi,DKB,https://www.kap.org.tr/tr/Bildirim/1487816
GARAN,2025-09-08 15:29:39,Özel Durum Açıklaması (Genel),Tahsili Gecikmiş Alacak Portföyü Alımı (Düzeltme) ,ODA,https://www.kap.org.tr/tr/Bildirim/1487758
SASA,2025-09-08 14:15:37,Pay Bazında Devre Kesici Bildirimi,SASA.E İşlem Sırasında Devre Kesici Uygulaması Başlamıştır,DKB,https://www.kap.org.tr/tr/Bildirim/1487626
TAVHL,2025-09-08 13:44:29,Pay Bazında Devre Kesici Bildirimi,TAVHL.E İşlem Sırasında Devre Kesici Uygulaması Başlamıştır,DKB,https://www.kap.org.tr/tr/Bildirim/1487611
AKBNK,2025-09-08 11:26:20,Özel Durum Açıklaması (Genel),Takipteki Kredi Alacakları Portföyünün Satışı,ODA,https://www.kap.org.tr/tr/Bildirim/1487524
VAKBN,2025-09-08 11:23:56,Pay Dışında Sermaye Piyasası Aracı İşlemlerine İlişkin Bildirim (Faiz İçeren),Yurtiçinde Nitelikli Yatırımcılara Sermaye Benzeri Tahvil 32. Kupon Ödemesi ,ODA,https://www.kap.org.tr/tr/Bildirim/1487503
SASA,2025-09-08 08:27:40,İhraç Tavanına İlişkin Bildirim,Paya Dönüştürülebilir Tahvil (Convertible Bond) İhracı Yönetim Kurulu Kararı,ODA,https://www.kap.org.tr/tr/Bildirim/1487389
EKGYO,2025-09-06 18:33:45,Özel Durum Açıklaması (Genel),Damla Kent Projesi'nin Güncel Durumu ve Devamlılığı Hakkında,ODA,https://www.kap.org.tr/tr/Bildirim/1487336
AKBNK,2025-09-06 00:09:08,Özel Durum Açıklaması (Genel),"İhale sonrası Devir ve Temlik İşlemlerinin tamamlanması hk.
",ODA,https://www.kap.org.tr/tr/Bildirim/1487322
GARAN,2025-09-06 00:01:44,Özel Durum Açıklaması (Genel),"Tahsili Gecikmiş Alacak Portföyü Alımı
",ODA,https://www.kap.org.tr/tr/Bildirim/1487321
KONTR,2025-09-05 19:19:49,Pay Dışında Sermaye Piyasası Aracı İşlemlerine İlişkin Bildirim (Faiz İçeren),TRFKNTR32617 ISIN Kodlu Finansman Bonosunun 2. Kupon Ödemesi,ODA,https://www.kap.org.tr/tr/Bildirim/1487297
KONTR,2025-09-05 19:19:26,Pay Dışında Sermaye Piyasası Aracı İşlemlerine İlişkin Bildirim (Faiz İçeren),TRSKNTR32719 ISIN Kodlu Tahvilin 2. Kupon Ödemesi,ODA,https://www.kap.org.tr/tr/Bildirim/1487296
KONTR,2025-09-05 19:18:57,Pay Dışında Sermaye Piyasası Aracı İşlemlerine İlişkin Bildirim (Faiz İçeren),TRSKNTR32610 ISIN Kodlu Tahvilin 6. Kupon Ödemesi,ODA,https://www.kap.org.tr/tr/Bildirim/1487295
KONTR,2025-09-05 19:18:25,Pay Dışında Sermaye Piyasası Aracı İşlemlerine İlişkin Bildirim (Faiz İçeren),TRFKNTR92512 ISIN Kodlu Finansman Bonosunun 2. Kupon Ödemesi ve İtfası,ODA,https://www.kap.org.tr/tr/Bildirim/1487284
AKBNK,2025-09-05 18:33:42,İhraç Tavanına İlişkin Bildirim,Yurt Dışında Yeşil/Sürdürülebilir Temalı Borçlanma Aracı İhraç Tavanı için Genel Müdürlüğe Yetki Verilmesi,ODA,https://www.kap.org.tr/tr/Bildirim/1487227
AKBNK,2025-09-05 18:33:27,İhraç Tavanına İlişkin Bildirim,Yurt Dışı Borçlanma Aracı İhraç Tavanı İçin Genel Müdürlüğe Yetki Verilmesi,ODA,https://www.kap.org.tr/tr/Bildirim/1487226
ARCLK,2025-09-05 18:16:31,Özel Durum Açıklaması (Genel),Üst Düzey Yönetici Atamaları,ODA,https://www.kap.org.tr/tr/Bildirim/1487187
AKBNK,2025-09-05 18:08:42,Özel Durum Açıklaması (Genel),Tahsili Gecikmiş Alacak Portföyü Alımı - İhaleye Konu Alacakların Devrine Yönelik Sözleşmenin İmza Sürecinin Tamamlanması,ODA,https://www.kap.org.tr/tr/Bildirim/1487161
KONTR,2025-09-05 17:46:55,Borçlanma Araçlarının / Kira Sertifikalarının İşlem Görmeye Başlaması,Borçlanma Araçlarının / Kira Sertifikalarının İşlem Görmeye Başlaması,DKB,https://www.kap.org.tr/tr/Bildirim/1487136
KONTR,2025-09-05 17:21:59,"Borçlanma Araçları, Yatırım Fonları ve Varant İtfa/Kupon/Getiri/ Nakdi Uzlaşı Ödeme İşlemleri","Borçlanma Araçları, Yatırım Fonları ve Varant İtfa/Kupon/Getiri/ Nakdi Uzlaşı Ödeme İşlemleri",DKB,https://www.kap.org.tr/tr/Bildirim/1487080
ISCTR,2025-09-05 16:43:34,Özel Durum Açıklaması (Genel),Özel Durumlar Tebliği'nin (II-15.1) 24. Maddesinin 7. Fıkrası Gereğince Yapılan Açıklama,ODA,https://www.kap.org.tr/tr/Bildirim/1487046
AKBNK,2025-09-05 15:34:37,Pay Dışında Sermaye Piyasası Aracı İşlemlerine İlişkin Bildirim (Faiz İçeren),Yurtdışı Piyasalara Tahvil İhracı,ODA,https://www.kap.org.tr/tr/Bildirim/1486913
TKFEN,2025-09-05 15:24:50,Özel Durum Açıklaması (Genel),Toros Tarım San ve Tica AŞ Toplu iş sözleşmesi imzası ve devam eden grevin sona ermesi,ODA,https://www.kap.org.tr/tr/Bildirim/1486903
KONTR,2025-09-05 12:36:50,Pay Dışında Sermaye Piyasası Aracı İşlemlerine İlişkin Bildirim (Faiz İçeren),TRFKNTR32617 ISIN kodlu Finansman Bonosuna İlişkin Kupon Oranının Açıklanması,ODA,https://www.kap.org.tr/tr/Bildirim/1486787
KONTR,2025-09-05 12:36:40,Pay Dışında Sermaye Piyasası Aracı İşlemlerine İlişkin Bildirim (Faiz İçeren),TRSKNTR32719 ISIN kodlu Tahvile İlişkin Kupon Oranının Açıklanması,ODA,https://www.kap.org.tr/tr/Bildirim/1486786
HALKB,2025-09-05 09:24:07,Tertip İhraç Belgesi,Halkbank 1.Tertip İhraç Belgesi,DG,https://www.kap.org.tr/tr/Bildirim/1486657
KONTR,2025-09-04 18:30:49,Pay Dışında Sermaye Piyasası Aracı İşlemlerine İlişkin Bildirim (Faiz İçeren),Nitelikli Yatırımcıya Borçlanma Aracı İhracı,ODA,https://www.kap.org.tr/tr/Bildirim/1486574
KONTR,2025-09-04 18:30:37,Pay Dışında Sermaye Piyasası Aracı İşlemlerine İlişkin Bildirim (Faiz İçeren),Nitelikli Yatırımcıya Borçlanma Aracı İhracı,ODA,https://www.kap.org.tr/tr/Bildirim/1486571
KONTR,2025-09-04 18:30:26,Pay Dışında Sermaye Piyasası Aracı İşlemlerine İlişkin Bildirim (Faiz İçeren),TRSKNTR32719 ISIN kodlu Tahvile İlişkin Kupon Oranının Açıklanması,ODA,https://www.kap.org.tr/tr/Bildirim/1486570
KONTR,2025-09-04 18:30:16,Pay Dışında Sermaye Piyasası Aracı İşlemlerine İlişkin Bildirim (Faiz İçeren),TRFKNTR92512 ISIN kodlu Finansman Bonosuna İlişkin Kupon Oranının Açıklanması,ODA,https://www.kap.org.tr/tr/Bildirim/1486569
SAHOL,2025-09-04 18:30:10,Sürdürülebilirlik Raporu,2024 Yılı Sürdürülebilirlik Raporu,DG,https://www.kap.org.tr/tr/Bildirim/1486568
KONTR,2025-09-04 18:30:07,Pay Dışında Sermaye Piyasası Aracı İşlemlerine İlişkin Bildirim (Faiz İçeren),TRSKNTR32610 ISIN kodlu Tahvile İlişkin Kupon Oranının Açıklanması,ODA,https://www.kap.org.tr/tr/Bildirim/1486567
KONTR,2025-09-04 18:29:57,Pay Dışında Sermaye Piyasası Aracı İşlemlerine İlişkin Bildirim (Faiz İçeren),TRFKNTR32617 ISIN kodlu Finansman Bonosuna İlişkin Kupon Oranının Açıklanması,ODA,https://www.kap.org.tr/tr/Bildirim/1486566
YKBNK,2025-09-04 18:16:39,Şirket Genel Bilgi Formu,,DG,https://www.kap.org.tr/tr/Bildirim/1486545
YKBNK,2025-09-04 18:16:29,Pay Dışında Sermaye Piyasası Aracı İşlemlerine İlişkin Bildirim (Faiz İçeren),Yurtdışında ilave ana sermayeye dahil edilebilir borçlanma aracı ihracının tamamlanması,ODA,https://www.kap.org.tr/tr/Bildirim/1486544
YKBNK,2025-09-04 18:16:08,Pay Dışında Sermaye Piyasası Aracı İşlemlerine İlişkin Bildirim (Faiz İçeren),Yurtdışında ilave ana sermayeye dahil edilebilir borçlanma aracı ihracının tamamlanması,ODA,https://www.kap.org.tr/tr/Bildirim/1486543
GARAN,2025-09-04 18:12:02,Özel Durum Açıklaması (Genel),Yatırımcı İlişkileri Bölümü Yöneticisi ve Kurumsal Yönetim Komitesi Üyesi görev değişimi,ODA,https://www.kap.org.tr/tr/Bildirim/1486534
THYAO,2025-09-04 17:02:36,Pay Mali Hak Kullanım İşlemi - Nakit Ödeme,Hak Kullanım İşlemleri,DKB,https://www.kap.org.tr/tr/Bildirim/1486447
EKGYO,2025-09-04 16:43:25,Özel Durum Açıklaması (Genel),Muğla Köyceğiz Toparlar 1. Oturum Sonucu,ODA,https://www.kap.org.tr/tr/Bildirim/1486427
EKGYO,2025-09-04 12:19:37,Özel Durum Açıklaması (Genel),Muğla Bodrum Ortakent 1. Etap Arsa Satışı Karşılığı Gelir Paylaşımı İşi Sözleşme İmzalanması,ODA,https://www.kap.org.tr/tr/Bildirim/1486303
EKGYO,2025-09-04 10:08:40,Tertip İhraç Belgesi,"Emlak Konut GYO 4.Tertip İhraç Belgesi
",DG,https://www.kap.org.tr/tr/Bildirim/1486266
GARAN,2025-09-03 18:13:20,Pay Dışında Sermaye Piyasası Aracı İşlemlerine İlişkin Bildirim (Faiz İçeren),Yurtdışı Piyasalara Tahvil İhracı SPK Onayı,ODA,https://www.kap.org.tr/tr/Bildirim/1486160
VAKBN,2025-09-03 17:01:43,Pay Dışında Sermaye Piyasası Aracı İşlemlerine İlişkin Bildirim (Faiz İçeren),GMTN Programı Çerçevesinde Türkiye Dışında Sürdürülebilir Borçlanma Aracı İhracı SPK Onayı ,ODA,https://www.kap.org.tr/tr/Bildirim/1486101
ISCTR,2025-09-03 16:26:57,Şirket Genel Bilgi Formu,,DG,https://www.kap.org.tr/tr/Bildirim/1486070
YKBNK,2025-09-03 15:15:28,Pay Dışında Sermaye Piyasası Aracı İşlemlerine İlişkin Bildirim (Faiz İçeren),Yurtdışında borçlanma aracı ihracının tamamlanması,ODA,https://www.kap.org.tr/tr/Bildirim/1486032
HALKB,2025-09-03 10:46:35,Pay Bazında Devre Kesici Bildirimi,HALKB.E İşlem Sırasında Devre Kesici Uygulaması Başlamıştır,DKB,https://www.kap.org.tr/tr/Bildirim/1485883
AKBNK,2025-09-03 10:33:58,Pay Bazında Devre Kesici Bildirimi,AKBNK.E İşlem Sırasında Devre Kesici Uygulaması Başlamıştır,DKB,https://www.kap.org.tr/tr/Bildirim/1485878
YKBNK,2025-09-03 10:23:37,Pay Bazında Devre Kesici Bildirimi,YKBNK.E İşlem Sırasında Devre Kesici Uygulaması Başlamıştır,DKB,https://www.kap.org.tr/tr/Bildirim/1485870
GARAN,2025-09-03 10:06:23,Pay Bazında Devre Kesici Bildirimi,GARAN.E İşlem Sırasında Devre Kesici Uygulaması Başlamıştır,DKB,https://www.kap.org.tr/tr/Bildirim/1485862
VAKBN,2025-09-03 10:01:59,Pay Bazında Devre Kesici Bildirimi,VAKBN.E İşlem Sırasında Devre Kesici Uygulaması Başlamıştır,DKB,https://www.kap.org.tr/tr/Bildirim/1485858
ISCTR,2025-09-03 10:01:26,Pay Bazında Devre Kesici Bildirimi,ISCTR.E İşlem Sırasında Devre Kesici Uygulaması Başlamıştır,DKB,https://www.kap.org.tr/tr/Bildirim/1485855
EKGYO,2025-09-03 10:01:08,Pay Bazında Devre Kesici Bildirimi,EKGYO.E İşlem Sırasında Devre Kesici Uygulaması Başlamıştır,DKB,https://www.kap.org.tr/tr/Bildirim/1485853
SASA,2025-09-03 09:43:37,Şirket Genel Bilgi Formu,,DG,https://www.kap.org.tr/tr/Bildirim/1485834
GARAN,2025-09-03 09:37:40,Pay Dışında Sermaye Piyasası Aracı İşlemlerine İlişkin Bildirim (Faiz İçeren),Yurtdışı Piyasalara Tahvil İhracı SPK Onayı,ODA,https://www.kap.org.tr/tr/Bildirim/1485833
MGROS,2025-09-03 09:34:44,Özel Durum Açıklaması (Genel),Ağustos 2025 Mağaza Açılışları,ODA,https://www.kap.org.tr/tr/Bildirim/1485831
GARAN,2025-09-03 09:19:02,Hak Kullanım Süreç İptal Bildirimi,,ODA,https://www.kap.org.tr/tr/Bildirim/1485813
SASA,2025-09-03 08:51:28,Finansal Duran Varlık Edinimi,Bağlı ortaklık kurulması,ODA,https://www.kap.org.tr/tr/Bildirim/1485798
TCELL,2025-09-16 19:38:39,Birleşme İşlemlerine İlişkin Bildirim,Bağlı Ortaklığımız Artel Bilişim Servisleri A.Ş. ile Devralma Yoluyla Birleşme Kararı / SPK Başvurusu,ODA,https://www.kap.org.tr/tr/Bildirim/1490363
VAKBN,2025-09-16 19:38:36,Özel Durum Açıklaması (Genel),Özel Durum Açıklaması (Genel),DKB,https://www.kap.org.tr/tr/Bildirim/1490362
GARAN,2025-09-16 18:50:48,Pay Dışında Sermaye Piyasası Aracı İşlemlerine İlişkin Bildirim (Faiz İçeren),Yurtdışı Piyasalara Tahvil İhracı SPK Onayı,ODA,https://www.kap.org.tr/tr/Bildirim/1490351
GARAN,2025-09-16 18:50:21,Pay Dışında Sermaye Piyasası Aracı İşlemlerine İlişkin Bildirim (Faiz İçeren),Yurtdışı Piyasalara Tahvil İhracı SPK Onayı,ODA,https://www.kap.org.tr/tr/Bildirim/1490350
KRDMD,2025-09-16 18:46:43,Pay Alım Satım Bildirimi,Pay Alım Satım Bildirimi,ODA,https://www.kap.org.tr/tr/Bildirim/1490348
EKGYO,2025-09-16 18:39:06,Katılım Finansı İlkeleri Bilgi Formu ,,DG,https://www.kap.org.tr/tr/Bildirim/1490345
GARAN,2025-09-16 18:29:35,Pay Dışında Sermaye Piyasası Aracı İşlemlerine İlişkin Bildirim (Faiz İçeren),Yurtdışı Piyasalara Tahvil İhracı SPK Onayı,ODA,https://www.kap.org.tr/tr/Bildirim/1490339
GARAN,2025-09-16 18:28:50,Pay Dışında Sermaye Piyasası Aracı İşlemlerine İlişkin Bildirim (Faiz İçeren),Yurtdışı Piyasalara Tahvil İhracı SPK Onayı,ODA,https://www.kap.org.tr/tr/Bildirim/1490338
HALKB,2025-09-16 18:09:10,Şirket Genel Bilgi Formu,,DG,https://www.kap.org.tr/tr/Bildirim/1490321
BIMAS,2025-09-16 17:08:45,Hak Kullanımı,,DKB,https://www.kap.org.tr/tr/Bildirim/1490275
VAKBN,2025-09-16 09:19:58,Kamuyu Aydınlatma Platformu Duyurusu,Özel Durumlar Tebliği'nin 12-(4). maddesi gereğince yapılan açıklama,DKB,https://www.kap.org.tr/tr/Bildirim/1490091
MGROS,2025-09-15 18:58:00,Finansal Takvim,Finansal Takvim,DG,https://www.kap.org.tr/tr/Bildirim/1490060
MGROS,2025-09-15 18:57:29,Şirket Genel Bilgi Formu,,DG,https://www.kap.org.tr/tr/Bildirim/1490059
EKGYO,2025-09-15 18:54:28,Likidite Sağlayıcılık Kapsamındaki İşlemler, Emlak  Konut  Damlakent  Projesi  Gayrimenkul  Sertifikası'nda Likidite Sağlayacılık Kapsamında Gerçekleştirilen İşlemler,DG,https://www.kap.org.tr/tr/Bildirim/1490057
TUPRS,2025-09-15 18:30:17,Özel Durum Açıklaması (Genel),Yönetici Sorumluluk Sigortası,ODA,https://www.kap.org.tr/tr/Bildirim/1490049
KCHOL,2025-09-15 18:26:29,Şirket Genel Bilgi Formu,,DG,https://www.kap.org.tr/tr/Bildirim/1490046
CIMSA,2025-09-15 18:14:28,Katılım Finansı İlkeleri Bilgi Formu ,,DG,https://www.kap.org.tr/tr/Bildirim/1490040
AKBNK,2025-09-15 10:37:20,Şirket Genel Bilgi Formu,,DG,https://www.kap.org.tr/tr/Bildirim/1489729
VAKBN,2025-09-15 08:29:52,Özel Durum Açıklaması (Genel),Kuwait Finance House ile yapılan Murabaha Finansmanı Anlaşması,ODA,https://www.kap.org.tr/tr/Bildirim/1489684
BIMAS,2025-09-12 21:50:51,Kurumsal Yönetim Bilgi Formu (Güncelleme) - Yönetim Kurulu-2,Kurumsal Yönetim Bilgi Formu (Güncelleme) ,DG,https://www.kap.org.tr/tr/Bildirim/1489675
BIMAS,2025-09-12 21:50:06,Yönetim Kurulu Komiteleri,Sürdürülebilirlik Komite Üyesi Değişikliği,ODA,https://www.kap.org.tr/tr/Bildirim/1489674
BIMAS,2025-09-12 21:49:46,Payların Geri Alınmasına İlişkin Bildirim,Pay Geri Alım Programının başlatılması,ODA,https://www.kap.org.tr/tr/Bildirim/1489673
YKBNK,2025-09-12 21:39:47,Özel Durum Açıklaması (Genel),Tahsili Gecikmiş Alacak Portföyü Alımı,ODA,https://www.kap.org.tr/tr/Bildirim/1489671
VAKBN,2025-09-12 19:06:12,BIST Pay Endeksleri,"BIST 30, BIST 50, BIST 100, BIST 500, BIST Likit Banka, BIST Banka Dışı Likit 10, BIST Sürdürülebilirlik, BIST Sürdürülebilirlik 25 Dönemsel Endeks Değişiklikleri",DKB,https://www.kap.org.tr/tr/Bildirim/1489616
HALKB,2025-09-12 19:06:12,BIST Pay Endeksleri,"BIST 30, BIST 50, BIST 100, BIST 500, BIST Likit Banka, BIST Banka Dışı Likit 10, BIST Sürdürülebilirlik, BIST Sürdürülebilirlik 25 Dönemsel Endeks Değişiklikleri",DKB,https://www.kap.org.tr/tr/Bildirim/1489616
BIMAS,2025-09-12 19:06:12,BIST Pay Endeksleri,"BIST 30, BIST 50, BIST 100, BIST 500, BIST Likit Banka, BIST Banka Dışı Likit 10, BIST Sürdürülebilirlik, BIST Sürdürülebilirlik 25 Dönemsel Endeks Değişiklikleri",DKB,https://www.kap.org.tr/tr/Bildirim/1489616
SAHOL,2025-09-12 19:06:12,BIST Pay Endeksleri,"BIST 30, BIST 50, BIST 100, BIST 500, BIST Likit Banka, BIST Banka Dışı Likit 10, BIST Sürdürülebilirlik, BIST Sürdürülebilirlik 25 Dönemsel Endeks Değişiklikleri",DKB,https://www.kap.org.tr/tr/Bildirim/1489616
TKFEN,2025-09-12 19:06:12,BIST Pay Endeksleri,"BIST 30, BIST 50, BIST 100, BIST 500, BIST Likit Banka, BIST Banka Dışı Likit 10, BIST Sürdürülebilirlik, BIST Sürdürülebilirlik 25 Dönemsel Endeks Değişiklikleri",DKB,https://www.kap.org.tr/tr/Bildirim/1489616
PGSUS,2025-09-12 19:06:12,BIST Pay Endeksleri,"BIST 30, BIST 50, BIST 100, BIST 500, BIST Likit Banka, BIST Banka Dışı Likit 10, BIST Sürdürülebilirlik, BIST Sürdürülebilirlik 25 Dönemsel Endeks Değişiklikleri",DKB,https://www.kap.org.tr/tr/Bildirim/1489616
KRDMD,2025-09-12 19:06:12,BIST Pay Endeksleri,"BIST 30, BIST 50, BIST 100, BIST 500, BIST Likit Banka, BIST Banka Dışı Likit 10, BIST Sürdürülebilirlik, BIST Sürdürülebilirlik 25 Dönemsel Endeks Değişiklikleri",DKB,https://www.kap.org.tr/tr/Bildirim/1489616
CIMSA,2025-09-12 19:06:12,BIST Pay Endeksleri,"BIST 30, BIST 50, BIST 100, BIST 500, BIST Likit Banka, BIST Banka Dışı Likit 10, BIST Sürdürülebilirlik, BIST Sürdürülebilirlik 25 Dönemsel Endeks Değişiklikleri",DKB,https://www.kap.org.tr/tr/Bildirim/1489616
YKBNK,2025-09-12 18:40:56,Şirket Genel Bilgi Formu,,DG,https://www.kap.org.tr/tr/Bildirim/1489602
SAHOL,2025-09-12 18:36:17,Özel Durum Açıklaması (Genel),Kordsa'nın Sermaye Artırımına İştirak Edilmesi,ODA,https://www.kap.org.tr/tr/Bildirim/1489599
ARCLK,2025-09-12 18:20:06,Pay Dışında Sermaye Piyasası Aracı İşlemlerine İlişkin Bildirim (Faiz İçeren),TRFARCL92513 ISIN kodlu Finansman Bonosunun Kupon Ödemesi ve İtfası,ODA,https://www.kap.org.tr/tr/Bildirim/1489579
SASA,2025-09-12 18:15:49,İhraç Tavanına İlişkin Bildirim,Paya Dönüştürülebilir Tahvil (Convertible Bond) İhracı SPK Başvurusu,ODA,https://www.kap.org.tr/tr/Bildirim/1489562
YKBNK,2025-09-12 17:17:08,Özel Durum Açıklaması (Genel),Tahsili Gecikmiş Alacak Portföyü Alımı,ODA,https://www.kap.org.tr/tr/Bildirim/1489513
ARCLK,2025-09-12 17:08:12,"Borçlanma Araçları, Yatırım Fonları ve Varant İtfa/Kupon/Getiri/ Nakdi Uzlaşı Ödeme İşlemleri","Borçlanma Araçları, Yatırım Fonları ve Varant İtfa/Kupon/Getiri/ Nakdi Uzlaşı Ödeme İşlemleri
",DKB,https://www.kap.org.tr/tr/Bildirim/1489507
TKFEN,2025-09-12 12:54:45,Özel Durum Açıklaması (Genel),Can Grubu Hisselerine Tedbir kararı,ODA,https://www.kap.org.tr/tr/Bildirim/1489310
TKFEN,2025-09-12 10:12:41,Pay Bazında Devre Kesici Bildirimi,TKFEN.E İşlem Sırasında Devre Kesici Uygulaması Başlamıştır,DKB,https://www.kap.org.tr/tr/Bildirim/1489241
VAKBN,2025-09-12 09:10:02,Kamuyu Aydınlatma Platformu Duyurusu,Özel Durumlar Tebliği'nin 12-(4). maddesi gereğince yapılan açıklama,DKB,https://www.kap.org.tr/tr/Bildirim/1489195
YKBNK,2025-09-11 22:15:39,Özel Durum Açıklaması (Genel),Dava süreci hk.,ODA,https://www.kap.org.tr/tr/Bildirim/1489179
TKFEN,2025-09-11 18:56:09,Özel Durum Açıklaması (Genel),Yönetim Kurulu Üyesinin istifası hakkında  ,ODA,https://www.kap.org.tr/tr/Bildirim/1489155
SASA,2025-09-11 17:37:26,Pay Bazında Devre Kesici Bildirimi,SASA.E İşlem Sırasında Devre Kesici Uygulaması Başlamıştır,DKB,https://www.kap.org.tr/tr/Bildirim/1489061
GARAN,2025-09-11 17:35:41,Şirket Genel Bilgi Formu,,DG,https://www.kap.org.tr/tr/Bildirim/1489056
EKGYO,2025-09-11 17:25:18,Pay Bazında Devre Kesici Bildirimi,EKGYO.E İşlem Sırasında Devre Kesici Uygulaması Başlamıştır,DKB,https://www.kap.org.tr/tr/Bildirim/1489041
EKGYO,2025-09-11 17:14:12,Özel Durum Açıklaması (Genel),Damla Kent Gayrimenkul Sertifikası Hakkında Yatırımcı Bilgilendirmesi,ODA,https://www.kap.org.tr/tr/Bildirim/1489026
HALKB,2025-09-11 16:52:44,"Borçlanma Araçları, Yatırım Fonları ve Varant İtfa/Kupon/Getiri/ Nakdi Uzlaşı Ödeme İşlemleri","Borçlanma Araçları, Yatırım Fonları ve Varant İtfa/Kupon/Getiri/ Nakdi Uzlaşı Ödeme İşlemleri",DKB,https://www.kap.org.tr/tr/Bildirim/1489005
HALKB,2025-09-11 11:33:58,Pay Dışında Sermaye Piyasası Aracı İşlemlerine İlişkin Bildirim (Faiz İçeren),Borçlanma Aracı İhracının İtfası,ODA,https://www.kap.org.tr/tr/Bildirim/1488916
TKFEN,2025-09-11 10:22:00,Özel Durum Açıklaması (Genel),Özel Durum Açıklaması,ODA,https://www.kap.org.tr/tr/Bildirim/1488892
PGSUS,2025-09-11 07:47:40,Pay Dışında Sermaye Piyasası Aracı İşlemlerine İlişkin Bildirim (Faiz İçeren),Yurt Dışı Tahvil 2. Kupon Ödemesi,ODA,https://www.kap.org.tr/tr/Bildirim/1488836
PGSUS,2025-09-11 07:47:09,Pay Dışında Sermaye Piyasası Aracı İşlemlerine İlişkin Bildirim (Faiz İçeren),Yurt Dışı Tahvil 2. Kupon Ödemesi,ODA,https://www.kap.org.tr/tr/Bildirim/1488835
PGSUS,2025-09-10 20:50:29,Özel Durum Açıklaması (Genel),2025 yılı Ağustos ayı trafik verileri ve karbon emisyonu istatistikleri ektedir.,ODA,https://www.kap.org.tr/tr/Bildirim/1488823
AKBNK,2025-09-10 17:52:21,Pay Dışında Sermaye Piyasası Aracı İşlemlerine İlişkin Bildirim (Faiz İçeren),Yurtdışı Piyasalara Tahvil İhracının Tamamlanması,ODA,https://www.kap.org.tr/tr/Bildirim/1488690
HALKB,2025-09-10 17:01:58,"Borçlanma Araçları, Yatırım Fonları ve Varant İtfa/Kupon/Getiri/ Nakdi Uzlaşı Ödeme İşlemleri","Borçlanma Araçları, Yatırım Fonları ve Varant İtfa/Kupon/Getiri/ Nakdi Uzlaşı Ödeme İşlemleri",DKB,https://www.kap.org.tr/tr/Bildirim/1488655
HALKB,2025-09-10 12:32:07,Pay Dışında Sermaye Piyasası Aracı İşlemlerine İlişkin Bildirim (Faiz İçeren),Yurtiçinde Nitelikli Yatırımcılara Sermaye Benzeri Tahvil Kupon İtfası,ODA,https://www.kap.org.tr/tr/Bildirim/1488554
ISCTR,2025-09-10 12:27:52,Pay Dışında Sermaye Piyasası Aracı İşlemlerine İlişkin Bildirim (Faiz İçeren),Yurtiçi TL cinsi katkı sermaye hesaplamasına dahil edilecek borçlanma aracı kupon ödemesi ,ODA,https://www.kap.org.tr/tr/Bildirim/1488552
BIMAS,2025-09-10 09:46:18,Pay Alım Satım Bildirimi,Pay Alım Satım Bildirimi,DKB,https://www.kap.org.tr/tr/Bildirim/1488488
BIMAS,2025-09-10 09:30:04,Pay Alım Satım Bildirimi,Pay Alım Satım Bildirimi,DKB,https://www.kap.org.tr/tr/Bildirim/1488477
ASELS,2025-09-10 09:15:19,Yeni İş İlişkisi,Sözleşme İmzalanması,ODA,https://www.kap.org.tr/tr/Bildirim/1488464
TAVHL,2025-09-10 08:49:54,Özel Durum Açıklaması (Genel),Yatırımcı Bülteni (Ağustos 2025),ODA,https://www.kap.org.tr/tr/Bildirim/1488453
TKFEN,2025-09-23 22:02:42,Özel Durum Açıklaması (Genel),ARY Holding AŞ tarafından açılan yönetim kurulu üyelerinin seçiminin iptali davasında mahkeme seçim kararının yürütülmesinin durdurulması talebini ret etmiştir.,ODA,https://www.kap.org.tr/tr/Bildirim/1492337
TKFEN,2025-09-23 22:01:51,Özel Durum Açıklaması (Genel),Yönetim Kurulu Üyeliğine Atama,ODA,https://www.kap.org.tr/tr/Bildirim/1492336
KRDMD,2025-09-23 18:12:41,Özel Durum Açıklaması (Genel),Satış Duyurusu Hk.,ODA,https://www.kap.org.tr/tr/Bildirim/1492269
ISCTR,2025-09-23 17:40:59,Pay Dışında Sermaye Piyasası Aracı İşlemlerine İlişkin Bildirim (Faiz İçeren),Yurt Dışında Katkı Sermayeye Dâhil Edilebilir Borçlanma Aracı İhracı SPK Onayı,ODA,https://www.kap.org.tr/tr/Bildirim/1492222
YKBNK,2025-09-23 17:13:47,Pay Dışında Sermaye Piyasası Aracı İşlemlerine İlişkin Bildirim (Faiz İçeren),Özkaynak hesaplamasına dahil edilebilir nitelikte yurtiçinde ihraç edilen borçlanma aracının kupon oranı,ODA,https://www.kap.org.tr/tr/Bildirim/1492204
GARAN,2025-09-23 17:12:59,Şirket Genel Bilgi Formu,,DG,https://www.kap.org.tr/tr/Bildirim/1492203
SISE,2025-09-23 11:50:30,SPK İşlem Yasağı Nedeniyle Pay Duyurusu,SPK İşlem Yasağı Nedeniyle Pay Duyurusu,DKB,https://www.kap.org.tr/tr/Bildirim/1492039
BIMAS,2025-09-23 11:50:30,SPK İşlem Yasağı Nedeniyle Pay Duyurusu,SPK İşlem Yasağı Nedeniyle Pay Duyurusu,DKB,https://www.kap.org.tr/tr/Bildirim/1492039
GUBRF,2025-09-23 11:50:30,SPK İşlem Yasağı Nedeniyle Pay Duyurusu,SPK İşlem Yasağı Nedeniyle Pay Duyurusu,DKB,https://www.kap.org.tr/tr/Bildirim/1492039
ASELS,2025-09-23 11:50:30,SPK İşlem Yasağı Nedeniyle Pay Duyurusu,SPK İşlem Yasağı Nedeniyle Pay Duyurusu,DKB,https://www.kap.org.tr/tr/Bildirim/1492039
KRDMD,2025-09-23 11:50:30,SPK İşlem Yasağı Nedeniyle Pay Duyurusu,SPK İşlem Yasağı Nedeniyle Pay Duyurusu,DKB,https://www.kap.org.tr/tr/Bildirim/1492039
ISCTR,2025-09-23 11:01:57,Pay Dışında Sermaye Piyasası Aracı İşlemlerine İlişkin Bildirim (Faiz İçeren),Yurt Dışında Katkı Sermayeye Dâhil Edilebilir Borçlanma Aracı İhracı Hakkında,ODA,https://www.kap.org.tr/tr/Bildirim/1492000
ISCTR,2025-09-23 09:08:52,Pay Alım Satım Bildirimi,Pay Alım Satım Bildirimi,DKB,https://www.kap.org.tr/tr/Bildirim/1491941
GARAN,2025-09-22 18:10:14,Pay Dışında Sermaye Piyasası Aracı İşlemlerine İlişkin Bildirim (Faiz İçeren),Yurtdışı Piyasalara Tahvil İhracı SPK Onayı,ODA,https://www.kap.org.tr/tr/Bildirim/1491857
EKGYO,2025-09-22 17:44:22,Tertip İhraç Belgesi,Emlak Konut GYO 5.Tertip İhraç Belgesi,DG,https://www.kap.org.tr/tr/Bildirim/1491849
KRDMD,2025-09-22 17:15:56,Borsada İşlem Gören Tipe Dönüşüm Duyurusu,DÖNÜŞÜM,DKB,https://www.kap.org.tr/tr/Bildirim/1491834
ISCTR,2025-09-22 11:39:16,Özel Durum Açıklaması (Genel),Yurt Dışında Yapılacak Katkı Sermaye Nitelikli Borçlanma Aracı İhracı Hakkında,ODA,https://www.kap.org.tr/tr/Bildirim/1491692
BIMAS,2025-09-21 22:58:05,Yönetim Kurulu Komiteleri,"Kurumsal Yönetim Komitesi, Sürdürülebilirlik Komitesi ve Denetim Komitesi Çalışma Esaslarının Güncellenmesi",ODA,https://www.kap.org.tr/tr/Bildirim/1491545
BIMAS,2025-09-21 22:56:08,Özel Durum Açıklaması (Genel),Politikalar Hakkında ,ODA,https://www.kap.org.tr/tr/Bildirim/1491544
BIMAS,2025-09-21 22:55:46,Kar Dağıtım Politikası,Kar Dağıtım Politikasının Güncellenmesi,ODA,https://www.kap.org.tr/tr/Bildirim/1491543
KRDMD,2025-09-19 19:26:51,Şirket Genel Bilgi Formu,,DG,https://www.kap.org.tr/tr/Bildirim/1491465
GARAN,2025-09-19 19:17:52,Pay Dışında Sermaye Piyasası Aracı İşlemlerine İlişkin Bildirim (Faiz İçeren),Yurtdışı Piyasalara Tahvil İhracı SPK Onayı,ODA,https://www.kap.org.tr/tr/Bildirim/1491462
KRDMD,2025-09-19 18:42:18,Yönetim Kurulu Komiteleri,Yönetim Kurulu Komiteleri hk.,ODA,https://www.kap.org.tr/tr/Bildirim/1491457
KRDMD,2025-09-19 18:12:44,Özel Durum Açıklaması (Genel),Yönetim Kurulu Üyeliği Hk,ODA,https://www.kap.org.tr/tr/Bildirim/1491427
KRDMD,2025-09-19 18:11:42,Özel Durum Açıklaması (Genel),Yönetim Kurulu Başkanlığı Hk.,ODA,https://www.kap.org.tr/tr/Bildirim/1491424
VAKBN,2025-09-19 18:05:06,Özel Durum Açıklaması (Genel),Özel Durum Açıklaması (Genel),DKB,https://www.kap.org.tr/tr/Bildirim/1491415
VAKBN,2025-09-19 16:59:05,Şirket Genel Bilgi Formu,,DG,https://www.kap.org.tr/tr/Bildirim/1491376
SISE,2025-09-19 16:47:00,Borsada İşlem Gören Tipe Dönüşüm Duyurusu,DÖNÜŞÜM,DKB,https://www.kap.org.tr/tr/Bildirim/1491367
MGROS,2025-09-19 16:47:00,Borsada İşlem Gören Tipe Dönüşüm Duyurusu,DÖNÜŞÜM,DKB,https://www.kap.org.tr/tr/Bildirim/1491367
BIMAS,2025-09-19 16:47:00,Borsada İşlem Gören Tipe Dönüşüm Duyurusu,DÖNÜŞÜM,DKB,https://www.kap.org.tr/tr/Bildirim/1491367
GUBRF,2025-09-19 16:47:00,Borsada İşlem Gören Tipe Dönüşüm Duyurusu,DÖNÜŞÜM,DKB,https://www.kap.org.tr/tr/Bildirim/1491367
ASELS,2025-09-19 16:47:00,Borsada İşlem Gören Tipe Dönüşüm Duyurusu,DÖNÜŞÜM,DKB,https://www.kap.org.tr/tr/Bildirim/1491367
EREGL,2025-09-19 16:47:00,Borsada İşlem Gören Tipe Dönüşüm Duyurusu,DÖNÜŞÜM,DKB,https://www.kap.org.tr/tr/Bildirim/1491367
BIMAS,2025-09-19 16:35:39,Pay Mali Hak Kullanım İşlemi - Nakit Ödeme,Hak Kullanım İşlemleri,DKB,https://www.kap.org.tr/tr/Bildirim/1491361
VAKBN,2025-09-19 15:48:34,"Borçlanma Araçları, Yatırım Fonları ve Varant İtfa/Kupon/Getiri/ Nakdi Uzlaşı Ödeme İşlemleri","Borçlanma Araçları, Yatırım Fonları ve Varant İtfa/Kupon/Getiri/ Nakdi Uzlaşı Ödeme İşlemleri",DKB,https://www.kap.org.tr/tr/Bildirim/1491334
SISE,2025-09-19 15:48:34,"Borçlanma Araçları, Yatırım Fonları ve Varant İtfa/Kupon/Getiri/ Nakdi Uzlaşı Ödeme İşlemleri","Borçlanma Araçları, Yatırım Fonları ve Varant İtfa/Kupon/Getiri/ Nakdi Uzlaşı Ödeme İşlemleri",DKB,https://www.kap.org.tr/tr/Bildirim/1491334
SISE,2025-09-19 13:26:54,Pay Dışında Sermaye Piyasası Aracı İşlemlerine İlişkin Bildirim (Faiz İçeren),TRSSISE32621 Numaralı Tahvilin Kupon Ödemesi,ODA,https://www.kap.org.tr/tr/Bildirim/1491256
SISE,2025-09-19 11:56:20,Özel Durum Açıklaması (Genel),Mersin/Tarsus Yeni Buzlu Cam Fırını ve Enerji Camı İşleme Kapasiteli Yeni Hat Yatırımları,ODA,https://www.kap.org.tr/tr/Bildirim/1491226
VAKBN,2025-09-19 11:44:08,Pay Dışında Sermaye Piyasası Aracı İşlemlerine İlişkin Bildirim (Faiz İçeren),Yurt İçinde Nitelikli Yatırımcılara İhraç Edilen Sermaye Benzeri Tahvilin 24. Kupon Ödemesi,ODA,https://www.kap.org.tr/tr/Bildirim/1491218
VAKBN,2025-09-19 11:29:19,Pay Dışında Sermaye Piyasası Aracı İşlemlerine İlişkin Bildirim (Faiz İçeren),Yurt İçinde Nitelikli Yatırımcılara İhraç Edilen Sermaye Benzeri Tahvilin 24. Kupon Ödemesi,ODA,https://www.kap.org.tr/tr/Bildirim/1491213
ISCTR,2025-09-19 10:43:05,Pay Dışında Sermaye Piyasası Aracı İşlemlerine İlişkin Bildirim (Faiz İçeren),Yeşil Özel Sektör Tahvili Kupon Ödemesi,ODA,https://www.kap.org.tr/tr/Bildirim/1491200
KONTR,2025-09-19 09:21:25,Kamuyu Aydınlatma Platformu Duyurusu,Özel Durumlar Tebliği'nin 12-(4). maddesi gereğince yapılan açıklama,DKB,https://www.kap.org.tr/tr/Bildirim/1491080
BIMAS,2025-09-18 22:53:22,Payların Geri Alınmasına İlişkin Bildirim,18 Eylül 2025 Tarihli Pay Geri Alım İşlemleri,ODA,https://www.kap.org.tr/tr/Bildirim/1491058
HALKB,2025-09-18 19:15:59,Pay Dışında Sermaye Piyasası Aracı İşlemlerine İlişkin Bildirim (Faizsiz),Yurtiçi Kira Sertifikası İhracı Nitelikli Yatırımcıya Satışın Tamamlanması Hk.,ODA,https://www.kap.org.tr/tr/Bildirim/1491044
SISE,2025-09-18 18:45:38,Pay Dışında Sermaye Piyasası Aracı İşlemlerine İlişkin Bildirim (Faiz İçeren),TRSSISE32621 ISIN Kodlu Tahvilin 6. Kupon Oranı,ODA,https://www.kap.org.tr/tr/Bildirim/1491035
SASA,2025-09-18 18:16:49,Sürdürülebilirlik Raporu,2024 yılı TSRS Uyumlu Sürdürülebilirlik Raporu,DG,https://www.kap.org.tr/tr/Bildirim/1491011
ISCTR,2025-09-18 17:02:31,Pay Dışında Sermaye Piyasası Aracı İşlemlerine İlişkin Bildirim (Faiz İçeren),Yeşil Özel Sektör Tahvili Kupon Oranı Açıklaması,ODA,https://www.kap.org.tr/tr/Bildirim/1490972
VAKBN,2025-09-18 17:01:17,Pay Dışında Sermaye Piyasası Aracı İşlemlerine İlişkin Bildirim (Faiz İçeren),Yurt İçinde Nitelikli Yatırımcılara İhraç Edilen Sermaye Benzeri Tahvilin 25. Kuponunun Belirlenmesi,ODA,https://www.kap.org.tr/tr/Bildirim/1490968
EKGYO,2025-09-18 12:04:43,Pay Dışında Sermaye Piyasası Aracı İşlemlerine İlişkin Bildirim (Faizsiz),Yurtiçi Kira Sertifikası İtfa ve Getiri Ödemesi,ODA,https://www.kap.org.tr/tr/Bildirim/1490822
ISCTR,2025-09-18 11:47:48,Pay Dışında Sermaye Piyasası Aracı İşlemlerine İlişkin Bildirim (Faiz İçeren),Yurtiçi TL cinsi katkı sermaye hesaplamasına dahil edilecek borçlanma aracı kupon ödemesi,ODA,https://www.kap.org.tr/tr/Bildirim/1490817
KONTR,2025-09-18 09:01:21,Özel Durum Açıklaması (Genel),"Plan-S iştiraki Connecta, Türkiye'nin İlk LEO Uydu Operatörü Lisansını Aldı",ODA,https://www.kap.org.tr/tr/Bildirim/1490717
BIMAS,2025-09-18 07:57:01,Payların Geri Alınmasına İlişkin Bildirim,17 Eylül 2025 Tarihli Pay Geri Alım İşlemleri,ODA,https://www.kap.org.tr/tr/Bildirim/1490715
EKGYO,2025-09-17 18:16:16,Pay Dışında Sermaye Piyasası Aracı İşlemlerine İlişkin Bildirim (Faizsiz),Yurtiçi Kira Sertifikası İhracı Nitelikli Yatırımcıya Satışın Tamamlanması Hk.,ODA,https://www.kap.org.tr/tr/Bildirim/1490674
YKBNK,2025-09-17 18:15:38,İhraç Tavanına İlişkin Bildirim,Yurtiçinde yapılandırılmış borçlanma aracı ihracına ilişkin yönetim kurulu kararı,ODA,https://www.kap.org.tr/tr/Bildirim/1490671
YKBNK,2025-09-17 18:15:29,İhraç Tavanına İlişkin Bildirim,Yurtiçinde borçlanma aracı ihracına ilişkin yönetim kurulu kararı,ODA,https://www.kap.org.tr/tr/Bildirim/1490670
YKBNK,2025-09-17 18:15:10,Özel Durum Açıklaması (Genel),Tasfiye hesaplarında izlenmekte olan bir kısım tahsili gecikmiş alacakların satışı,ODA,https://www.kap.org.tr/tr/Bildirim/1490669
GUBRF,2025-09-17 15:59:03,Özel Durum Açıklaması (Genel),İhale Sürecine İlişkin Bilgilendirme,ODA,https://www.kap.org.tr/tr/Bildirim/1490573
YKBNK,2025-09-17 15:40:58,Pay Dışında Sermaye Piyasası Aracı İşlemlerine İlişkin Bildirim (Faiz İçeren),Yurtdışında borçlanma aracı ihracının tamamlanması,ODA,https://www.kap.org.tr/tr/Bildirim/1490561
TAVHL,2025-09-17 09:46:53,Özel Durum Açıklaması (Genel),Yönetici Sorumluluk Poliçesi,ODA,https://www.kap.org.tr/tr/Bildirim/1490419
BIMAS,2025-09-17 09:19:15,BISTECH Pay Piyasası Alım Satım Sistemi Duyurusu,Hak Kullanımı,DKB,https://www.kap.org.tr/tr/Bildirim/1490407
VAKBN,2025-09-17 08:30:18,Özel Durum Açıklaması (Genel),Özel Durum Açıklaması (Genel),DKB,https://www.kap.org.tr/tr/Bildirim/1490379
PETKM,2025-09-30 21:33:35,Özel Durum Açıklaması (Genel),STAR Rafineri A.Ş. lehine tesis edilen üst hakkı bedellerinin güncel tarihli değerleme raporuna istinaden peşin alınması.,ODA,https://www.kap.org.tr/tr/Bildirim/1494493
SASA,2025-09-30 20:09:58,Pay Alım Satım Bildirimi,Sürekli Bilgilere İlişkin Özel Durum Açıklaması,ODA,https://www.kap.org.tr/tr/Bildirim/1494485
SASA,2025-09-30 19:46:12,Özel Durum Açıklaması (Genel),Nitelikli kurumsal yatırımcılara yönelik hızlandırılmış talep toplama sürecinin başlaması,ODA,https://www.kap.org.tr/tr/Bildirim/1494442
SASA,2025-09-30 19:44:16,Pay Alım Satım Bildirimi,SÜREKLİ BİLGİLERE İLİŞKİN ÖZEL DURUM AÇIKLAMASI,ODA,https://www.kap.org.tr/tr/Bildirim/1494438
ARCLK,2025-09-30 19:25:13,Şirket Genel Bilgi Formu,,DG,https://www.kap.org.tr/tr/Bildirim/1494409
EKGYO,2025-09-30 19:03:45,Özel Durum Açıklaması (Genel),Damla Kent Projesi A Etabı 1. Kısım İhalesi,ODA,https://www.kap.org.tr/tr/Bildirim/1494403
GUBRF,2025-09-30 19:01:08,Payların Geri Alınmasına İlişkin Bildirim,Pay Geri Alım Programına İlişkin Bilgilendrme,ODA,https://www.kap.org.tr/tr/Bildirim/1494401
GARAN,2025-09-30 18:22:25,Kredi Derecelendirmesi,JCR Kredi Derecelendirme Notu Hakkında ,ODA,https://www.kap.org.tr/tr/Bildirim/1494353
GARAN,2025-09-30 18:21:42,Pay Dışında Sermaye Piyasası Aracı İşlemlerine İlişkin Bildirim (Faiz İçeren),Yurtdışı Piyasalara Tahvil İhracı SPK Onayı,ODA,https://www.kap.org.tr/tr/Bildirim/1494352
GARAN,2025-09-30 18:21:16,Pay Dışında Sermaye Piyasası Aracı İşlemlerine İlişkin Bildirim (Faiz İçeren),"Yurtdışı Piyasalara Tahvil İhracı SPK Onayı
",ODA,https://www.kap.org.tr/tr/Bildirim/1494350
GARAN,2025-09-30 18:15:53,Kredi Derecelendirmesi,KREDİ DERECELENDİRME BİLDİRİMİ,ODA,https://www.kap.org.tr/tr/Bildirim/1494340
THYAO,2025-09-30 16:44:49,Özel Durum Açıklaması (Genel),Yeni Hat Açılışı,ODA,https://www.kap.org.tr/tr/Bildirim/1494220
YKBNK,2025-09-30 14:58:17,Kurumsal Yönetim İlkelerine Uyum Derecelendirmesi,Kurumsal Yönetim Derecelendirme Sözleşmesi hk.,ODA,https://www.kap.org.tr/tr/Bildirim/1494163
TKFEN,2025-09-30 14:21:24,Pay Bazında Devre Kesici Bildirimi,TKFEN.E İşlem Sırasında Devre Kesici Uygulaması Başlamıştır,DKB,https://www.kap.org.tr/tr/Bildirim/1494128
TKFEN,2025-09-30 13:36:12,Pay Bazında Devre Kesici Bildirimi,TKFEN.E İşlem Sırasında Devre Kesici Uygulaması Başlamıştır,DKB,https://www.kap.org.tr/tr/Bildirim/1494081
BIMAS,2025-09-30 12:26:16,Kayıtlı Sermaye Tavanı İşlemlerine İlişkin Bildirim,Kayıtlı Sermaye Tavan Sistemine Geçiş İle İlgili Yönetim Kurulu Kararı ve Esas Sözleşme Tadili,ODA,https://www.kap.org.tr/tr/Bildirim/1494050
BIMAS,2025-09-30 12:25:31,Esas Sözleşme Tadili,Esas Sözleşme Tadili,ODA,https://www.kap.org.tr/tr/Bildirim/1494049
EKGYO,2025-09-30 09:54:43,Özel Durum Açıklaması (Genel),Damla Kent Projesi Hakkında,ODA,https://www.kap.org.tr/tr/Bildirim/1493983
AKBNK,2025-09-30 09:37:06,Özel Durum Açıklaması (Genel),Takipteki Kredi Alacakları Portföyünün Satışı,ODA,https://www.kap.org.tr/tr/Bildirim/1493977
TUPRS,2025-09-30 09:22:04,BISTECH Pay Piyasası Alım Satım Sistemi Duyurusu,Hak Kullanımı,DKB,https://www.kap.org.tr/tr/Bildirim/1493973
PETKM,2025-09-29 22:11:10,Kredi Derecelendirmesi,Fitch Ratings Kredi Derecelendirmesi,ODA,https://www.kap.org.tr/tr/Bildirim/1493926
VAKBN,2025-09-29 20:39:23,Pay Dışında Sermaye Piyasası Aracı İşlemlerine İlişkin Bildirim (Faiz İçeren),Yurtdışı Piyasalara İlave Ana Sermayeye Dâhil Edilebilir Tahvil İhracı ,ODA,https://www.kap.org.tr/tr/Bildirim/1493924
GUBRF,2025-09-29 19:39:08,Payların Geri Alınmasına İlişkin Bildirim,Pay Geri Alım Programına İlişkin Bilgilendrme,ODA,https://www.kap.org.tr/tr/Bildirim/1493921
ISCTR,2025-09-29 17:47:10,Pay Dışında Sermaye Piyasası Aracı İşlemlerine İlişkin Bildirim (Faiz İçeren),Yurt Dışında Katkı Sermayeye Dahil Edilebilir Borçlanma Aracı İhracının Tamamlanması,ODA,https://www.kap.org.tr/tr/Bildirim/1493859
MGROS,2025-09-29 17:40:57,Borsada İşlem Gören Tipe Dönüşüm Duyurusu,DÖNÜŞÜM,DKB,https://www.kap.org.tr/tr/Bildirim/1493854
TOASO,2025-09-29 17:40:57,Borsada İşlem Gören Tipe Dönüşüm Duyurusu,DÖNÜŞÜM,DKB,https://www.kap.org.tr/tr/Bildirim/1493854
TUPRS,2025-09-29 16:49:27,Hak Kullanımı,,DKB,https://www.kap.org.tr/tr/Bildirim/1493792
GUBRF,2025-09-29 11:48:46,Özel Durum Açıklaması (Genel),İhale Sürecine İlişkin Bilgilendirme,ODA,https://www.kap.org.tr/tr/Bildirim/1493650
VAKBN,2025-09-29 10:37:58,Özel Durum Açıklaması (Genel),AT-1 ihracı Hakkında,ODA,https://www.kap.org.tr/tr/Bildirim/1493605
GUBRF,2025-09-29 10:11:03,Pay Bazında Devre Kesici Bildirimi,GUBRF.E İşlem Sırasında Devre Kesici Uygulaması Başlamıştır,DKB,https://www.kap.org.tr/tr/Bildirim/1493585
EKGYO,2025-09-29 09:57:31,Likidite Sağlayıcılık Kapsamındaki İşlemler,"Emlak Konut Damlakent Projesi Gayrimenkul Sertifikalarında (DMLKT.G) Likidite Sağlayacılık Kapsamında Gerçekleştirilen İşlemler 
15.09.2025-26.09.2025",DG,https://www.kap.org.tr/tr/Bildirim/1493570
TKFEN,2025-09-28 21:20:08,Şirket Genel Bilgi Formu,,DG,https://www.kap.org.tr/tr/Bildirim/1493535
TKFEN,2025-09-28 20:43:25,Şirket Genel Bilgi Formu,,DG,https://www.kap.org.tr/tr/Bildirim/1493534
BIMAS,2025-09-26 23:20:00,Payların Geri Alınmasına İlişkin Bildirim,"26 Eylül 2025 Tarihli Pay Geri Alım İşlemleri
",ODA,https://www.kap.org.tr/tr/Bildirim/1493529
BIMAS,2025-09-26 19:05:37,BIST Pay Endeksleri,"BIST Katılım Tüm, BIST Katılım 100, BIST Katılım 50, BIST Katılım 30, BIST Katılım Sürdürülebilirlik ve BIST Katılım Temettü Dönemsel Endeks Değişiklikleri",DKB,https://www.kap.org.tr/tr/Bildirim/1493516
TKFEN,2025-09-26 19:05:37,BIST Pay Endeksleri,"BIST Katılım Tüm, BIST Katılım 100, BIST Katılım 50, BIST Katılım 30, BIST Katılım Sürdürülebilirlik ve BIST Katılım Temettü Dönemsel Endeks Değişiklikleri",DKB,https://www.kap.org.tr/tr/Bildirim/1493516
EKGYO,2025-09-26 19:05:37,BIST Pay Endeksleri,"BIST Katılım Tüm, BIST Katılım 100, BIST Katılım 50, BIST Katılım 30, BIST Katılım Sürdürülebilirlik ve BIST Katılım Temettü Dönemsel Endeks Değişiklikleri",DKB,https://www.kap.org.tr/tr/Bildirim/1493516
FROTO,2025-09-26 18:34:23,Kayıtlı Sermaye Tavanı İşlemlerine İlişkin Bildirim,Kayıtlı sermaye geçerlilik süresinin uzatılması ve tavan artırımı için Sermaye Piyasası Kurulu'na başvurulması,ODA,https://www.kap.org.tr/tr/Bildirim/1493494
KCHOL,2025-09-26 18:21:06,Maddi Duran Varlık Satımı,Maddi Duran Varlık Satımı,ODA,https://www.kap.org.tr/tr/Bildirim/1493483
TOASO,2025-09-26 18:21:06,Maddi Duran Varlık Satımı,Maddi Duran Varlık Satımı,ODA,https://www.kap.org.tr/tr/Bildirim/1493483
KCHOL,2025-09-26 18:20:09,Maddi Duran Varlık Satımı,Maddi Duran Varlık Satımı,ODA,https://www.kap.org.tr/tr/Bildirim/1493481
TOASO,2025-09-26 18:20:09,Maddi Duran Varlık Satımı,Maddi Duran Varlık Satımı,ODA,https://www.kap.org.tr/tr/Bildirim/1493481
ISCTR,2025-09-26 18:03:37,Pay Dışında Sermaye Piyasası Aracı İşlemlerine İlişkin Bildirim (Faiz İçeren),Yurtdışı Piyasalara Tahvil İhracı,ODA,https://www.kap.org.tr/tr/Bildirim/1493450
GUBRF,2025-09-26 17:18:28,Özel Durum Açıklaması (Genel),İhale Sürecine İlişkin Bilgilendirme,ODA,https://www.kap.org.tr/tr/Bildirim/1493409
VAKBN,2025-09-26 17:08:06,İhraç Tavanına İlişkin Bildirim,İpotek Teminatlı Menkul Kıymet İhracına İlişkin SPK ve BDDK Başvurusu,ODA,https://www.kap.org.tr/tr/Bildirim/1493400
HALKB,2025-09-26 16:59:37,"Borçlanma Araçları, Yatırım Fonları ve Varant İtfa/Kupon/Getiri/ Nakdi Uzlaşı Ödeme İşlemleri","Borçlanma Araçları, Yatırım Fonları ve Varant İtfa/Kupon/Getiri/ Nakdi Uzlaşı Ödeme İşlemleri",DKB,https://www.kap.org.tr/tr/Bildirim/1493392
EKGYO,2025-09-26 16:34:35,Pay Bazında Devre Kesici Bildirimi,EKGYO.E İşlem Sırasında Devre Kesici Uygulaması Başlamıştır,DKB,https://www.kap.org.tr/tr/Bildirim/1493370
KRDMD,2025-09-26 16:18:53,Pay Bazında Devre Kesici Bildirimi,KRDMD.E İşlem Sırasında Devre Kesici Uygulaması Başlamıştır,DKB,https://www.kap.org.tr/tr/Bildirim/1493345
EREGL,2025-09-26 15:55:05,Pay Bazında Devre Kesici Bildirimi,EREGL.E İşlem Sırasında Devre Kesici Uygulaması Başlamıştır,DKB,https://www.kap.org.tr/tr/Bildirim/1493327
HALKB,2025-09-26 15:22:17,Pay Bazında Devre Kesici Bildirimi,HALKB.E İşlem Sırasında Devre Kesici Uygulaması Başlamıştır,DKB,https://www.kap.org.tr/tr/Bildirim/1493315
VAKBN,2025-09-26 15:13:32,Pay Dışında Sermaye Piyasası Aracı İşlemlerine İlişkin Bildirim (Faiz İçeren),Borçlanma Araçlarına İlişkin SPK Başvurusu,ODA,https://www.kap.org.tr/tr/Bildirim/1493302
HALKB,2025-09-26 11:27:21,Pay Dışında Sermaye Piyasası Aracı İşlemlerine İlişkin Bildirim (Faiz İçeren),Yurtiçinde Nitelikli Yatırımcılara Sermaye Benzeri Tahvil Kupon İtfası,ODA,https://www.kap.org.tr/tr/Bildirim/1493229
THYAO,2025-09-26 07:03:47,Özel Durum Açıklaması (Genel),Ortaklığımızın Stratejik Planı Çerçevesindeki Uçak Siparişleri,ODA,https://www.kap.org.tr/tr/Bildirim/1493126
ARCLK,2025-09-25 18:23:56,Pay Dışında Sermaye Piyasası Aracı İşlemlerine İlişkin Bildirim (Faiz İçeren),XS2695038401 ISIN Kodlu Tahvilin Kupon Ödemesi,ODA,https://www.kap.org.tr/tr/Bildirim/1493097
ARCLK,2025-09-25 18:23:36,Pay Dışında Sermaye Piyasası Aracı İşlemlerine İlişkin Bildirim (Faiz İçeren),XS2721520802 ISIN kodlu Tahvilin Kupon Ödemesi,ODA,https://www.kap.org.tr/tr/Bildirim/1493096
AKBNK,2025-09-25 18:04:52,Pay Dışında Sermaye Piyasası Aracı İşlemlerine İlişkin Bildirim (Faiz İçeren),Yurtdışı Piyasalara Tahvil İhracı,ODA,https://www.kap.org.tr/tr/Bildirim/1493064
HALKB,2025-09-25 17:55:26,Pay Dışında Sermaye Piyasası Aracı İşlemlerine İlişkin Bildirim (Faiz İçeren),Yurtiçinde Nitelikli Yatırımcılara Sermaye Benzeri Tahvil Kupon Oranı,ODA,https://www.kap.org.tr/tr/Bildirim/1493063
YKBNK,2025-09-25 16:56:52,"Borçlanma Araçları, Yatırım Fonları ve Varant İtfa/Kupon/Getiri/ Nakdi Uzlaşı Ödeme İşlemleri","Borçlanma Araçları, Yatırım Fonları ve Varant İtfa/Kupon/Getiri/ Nakdi Uzlaşı Ödeme İşlemleri",DKB,https://www.kap.org.tr/tr/Bildirim/1492992
TKFEN,2025-09-25 16:44:36,Pay Bazında Devre Kesici Bildirimi,TKFEN.E İşlem Sırasında Devre Kesici Uygulaması Başlamıştır,DKB,https://www.kap.org.tr/tr/Bildirim/1492983
ASELS,2025-09-25 15:51:35,Şirket Genel Bilgi Formu,,DG,https://www.kap.org.tr/tr/Bildirim/1492947
ASELS,2025-09-25 15:51:15,Sürdürülebilirlik Raporu,ASELSAN Elektronik Sanayi ve Ticaret A.Ş. 2024 yılı Sürdürülebilirlik Raporu,DG,https://www.kap.org.tr/tr/Bildirim/1492946
KONTR,2025-09-25 15:08:11,Pay Bazında Devre Kesici Bildirimi,KONTR.E İşlem Sırasında Devre Kesici Uygulaması Başlamıştır,DKB,https://www.kap.org.tr/tr/Bildirim/1492925
EKGYO,2025-09-25 13:44:41,Pay Dışında Sermaye Piyasası Aracı İşlemlerine İlişkin Bildirim (Faizsiz),Yurtiçi Kira Sertifikası İtfa ve Getiri Ödemesi,ODA,https://www.kap.org.tr/tr/Bildirim/1492874
YKBNK,2025-09-25 12:33:37,Pay Dışında Sermaye Piyasası Aracı İşlemlerine İlişkin Bildirim (Faiz İçeren),Özkaynak hesaplamasına dahil edilebilir nitelikte yurtiçinde ihraç edilen borçlanma aracının kupon ödemesi,ODA,https://www.kap.org.tr/tr/Bildirim/1492866
VAKBN,2025-09-25 10:48:29,İhraç Tavanına İlişkin Bildirim,İpotek Teminatlı Menkul Kıymet İhracı  ,ODA,https://www.kap.org.tr/tr/Bildirim/1492789
YKBNK,2025-09-25 10:07:24,Özel Durum Açıklaması (Genel),İhale sonrası Devir ve Temlik İşlemlerinin tamamlanması,ODA,https://www.kap.org.tr/tr/Bildirim/1492767
YKBNK,2025-09-25 09:55:10,Özel Durum Açıklaması (Genel),İhale sonrası Devir ve Temlik İşlemlerinin tamamlanması,ODA,https://www.kap.org.tr/tr/Bildirim/1492751
ISCTR,2025-09-25 09:41:46,Pay Dışında Sermaye Piyasası Aracı İşlemlerine İlişkin Bildirim (Faiz İçeren),Nitelikli Yatırımcılara Finansman Bonosu Satışının Tamamlanması ,ODA,https://www.kap.org.tr/tr/Bildirim/1492743
SASA,2025-09-25 09:00:12,Özel Durum Açıklaması (Genel),Yeni Elyaf bölümünde üretime başlanması,ODA,https://www.kap.org.tr/tr/Bildirim/1492718
YKBNK,2025-09-24 20:25:18,Özel Durum Açıklaması (Genel),İhale sonrası Devir ve Temlik İşlemlerinin tamamlanması hk. ,ODA,https://www.kap.org.tr/tr/Bildirim/1492709
TCELL,2025-09-24 20:17:24,İhale Süreci / Sonucu,BTK İhalesine Katılım  ,ODA,https://www.kap.org.tr/tr/Bildirim/1492708
EKGYO,2025-09-24 18:27:40,Pay Dışında Sermaye Piyasası Aracı İşlemlerine İlişkin Bildirim (Faizsiz),Yurtiçi Kira Sertifikası İhracı Nitelikli Yatırımcıya Satışın Tamamlanması Hk.,ODA,https://www.kap.org.tr/tr/Bildirim/1492668
YKBNK,2025-09-24 18:21:14,İhraç Tavanına İlişkin Bildirim,Yurtdışında İpotek Teminatlı Menkul Kıymet ihraç tavanına ilişkin SPK başvurusu,ODA,https://www.kap.org.tr/tr/Bildirim/1492664
YKBNK,2025-09-24 16:56:30,Pay Dışında Sermaye Piyasası Aracı İşlemlerine İlişkin Bildirim (Faiz İçeren),Özkaynak hesaplamasına dahil edilebilir nitelikte yurtiçinde ihraç edilen borçlanma aracının kupon oranı,ODA,https://www.kap.org.tr/tr/Bildirim/1492591
YKBNK,2025-09-24 16:54:47,"Borçlanma Araçları, Yatırım Fonları ve Varant İtfa/Kupon/Getiri/ Nakdi Uzlaşı Ödeme İşlemleri","Borçlanma Araçları, Yatırım Fonları ve Varant İtfa/Kupon/Getiri/ Nakdi Uzlaşı Ödeme İşlemleri",DKB,https://www.kap.org.tr/tr/Bildirim/1492589
EKGYO,2025-09-24 16:50:15,Borsada İşlem Gören Tipe Dönüşüm Duyurusu,DÖNÜŞÜM,DKB,https://www.kap.org.tr/tr/Bildirim/1492587
YKBNK,2025-09-24 15:00:05,Pay Dışında Sermaye Piyasası Aracı İşlemlerine İlişkin Bildirim (Faiz İçeren),Özkaynak hesaplamasına dahil edilebilir nitelikte yurtiçinde ihraç edilen borçlanma aracının kupon ödemesi,ODA,https://www.kap.org.tr/tr/Bildirim/1492528
ISCTR,2025-09-24 09:01:18,Pay Alım Satım Bildirimi,Pay Alım Satım Bildirimi,DKB,https://www.kap.org.tr/tr/Bildirim/1492346
GARAN,2025-10-07 21:04:01,Pay Dışında Sermaye Piyasası Aracı İşlemlerine İlişkin Bildirim (Faiz İçeren),Bankamızca yurtdışında ihraç edilen sermaye benzeri tahvil ihracının tamamlanması,ODA,https://www.kap.org.tr/tr/Bildirim/1498970
ARCLK,2025-10-07 18:16:21,Pay Dışında Sermaye Piyasası Aracı İşlemlerine İlişkin Bildirim (Faiz İçeren),TRFARCLE2510 ISIN kodlu Bononun Kupon ve İtfa Ödemesi,ODA,https://www.kap.org.tr/tr/Bildirim/1498767
ARCLK,2025-10-07 16:57:49,"Borçlanma Araçları, Yatırım Fonları ve Varant İtfa/Kupon/Getiri/ Nakdi Uzlaşı Ödeme İşlemleri","Borçlanma Araçları, Yatırım Fonları ve Varant İtfa/Kupon/Getiri/ Nakdi Uzlaşı Ödeme İşlemleri",DKB,https://www.kap.org.tr/tr/Bildirim/1498247
SISE,2025-10-07 16:57:49,"Borçlanma Araçları, Yatırım Fonları ve Varant İtfa/Kupon/Getiri/ Nakdi Uzlaşı Ödeme İşlemleri","Borçlanma Araçları, Yatırım Fonları ve Varant İtfa/Kupon/Getiri/ Nakdi Uzlaşı Ödeme İşlemleri",DKB,https://www.kap.org.tr/tr/Bildirim/1498247
KONTR,2025-10-07 15:59:02,Pay Bazında Devre Kesici Bildirimi,KONTR.E İşlem Sırasında Devre Kesici Uygulaması Başlamıştır,DKB,https://www.kap.org.tr/tr/Bildirim/1498172
AKBNK,2025-10-07 15:37:41,Finansal Takvim,Finansal Takvim (2025 3.Çeyrek),DG,https://www.kap.org.tr/tr/Bildirim/1498092
SISE,2025-10-07 13:51:40,Pay Dışında Sermaye Piyasası Aracı İşlemlerine İlişkin Bildirim (Faiz İçeren),TRSSISEE2517 Numaralı Tahvilin Kupon Ödemesi ve İtfası,ODA,https://www.kap.org.tr/tr/Bildirim/1497978
GARAN,2025-10-07 11:27:45,Özel Durum Açıklaması (Genel),Yurt dışında sermaye benzeri tahvil ihracı ,ODA,https://www.kap.org.tr/tr/Bildirim/1497764
GARAN,2025-10-07 11:13:51,Özel Durum Açıklaması (Genel),Yurt dışında sermaye benzeri tahvil ihracı ,ODA,https://www.kap.org.tr/tr/Bildirim/1497750
VAKBN,2025-10-07 08:57:48,Özel Durum Açıklaması (Genel),DPR Fonlama İşlemi Hakkında,ODA,https://www.kap.org.tr/tr/Bildirim/1497582
MGROS,2025-10-06 19:15:55,Özel Durum Açıklaması (Genel),Eylül 2025 Mağaza Açılışları,ODA,https://www.kap.org.tr/tr/Bildirim/1497363
SASA,2025-10-06 18:28:52,Özel Durum Açıklaması (Genel),Nitelikli kurumsal yatırımcılara hızlandırılmış talep toplama yöntemiyle gerçekleştirilen işlemin sonlandırılma işlemlerinin tamamlanması,ODA,https://www.kap.org.tr/tr/Bildirim/1497340
ARCLK,2025-10-06 18:17:21,Pay Dışında Sermaye Piyasası Aracı İşlemlerine İlişkin Bildirim (Faiz İçeren),TRSARCL42610 ISIN kodlu Tahvilin Kupon Ödemesi,ODA,https://www.kap.org.tr/tr/Bildirim/1497298
GARAN,2025-10-06 18:10:13,Pay Dışında Sermaye Piyasası Aracı İşlemlerine İlişkin Bildirim (Faiz İçeren),Yurtdışı Piyasalara Tahvil İhracı SPK Onayı,ODA,https://www.kap.org.tr/tr/Bildirim/1497247
VAKBN,2025-10-06 17:27:56,Pay Dışında Sermaye Piyasası Aracı İşlemlerine İlişkin Bildirim (Faiz İçeren),Yurtdışında ilave ana sermayeye dahil edilebilir borçlanma aracı ihracının tamamlanması,ODA,https://www.kap.org.tr/tr/Bildirim/1497132
HALKB,2025-10-06 17:25:20,Özel Durum Açıklaması (Genel),ABD'de Bankamız Aleyhine Açılan Ceza Davası Hakkında,ODA,https://www.kap.org.tr/tr/Bildirim/1497131
ARCLK,2025-10-06 16:56:04,"Borçlanma Araçları, Yatırım Fonları ve Varant İtfa/Kupon/Getiri/ Nakdi Uzlaşı Ödeme İşlemleri","Borçlanma Araçları, Yatırım Fonları ve Varant İtfa/Kupon/Getiri/ Nakdi Uzlaşı Ödeme İşlemleri",DKB,https://www.kap.org.tr/tr/Bildirim/1496998
HALKB,2025-10-06 16:31:24,Pay Bazında Devre Kesici Bildirimi,HALKB.E İşlem Sırasında Devre Kesici Uygulaması Başlamıştır,DKB,https://www.kap.org.tr/tr/Bildirim/1496885
YKBNK,2025-10-06 16:26:54,Pay Dışında Sermaye Piyasası Aracı İşlemlerine İlişkin Bildirim (Faiz İçeren),Yurtdışında borçlanma aracı ihracının tamamlanması,ODA,https://www.kap.org.tr/tr/Bildirim/1496882
EKGYO,2025-10-06 12:25:41,Özel Durum Açıklaması (Genel),Damla Kent Projesi İhale Süreçlerinin Tamamlanması,ODA,https://www.kap.org.tr/tr/Bildirim/1496497
EKGYO,2025-10-06 09:25:53,Tertip İhraç Belgesi,Emlak Konut GYO 6.Tertip İhraç Belgesi,DG,https://www.kap.org.tr/tr/Bildirim/1496286
TKFEN,2025-10-06 09:11:41,Kamuyu Aydınlatma Platformu Duyurusu,Özel Durumlar Tebliği'nin 12-(4). maddesi gereğince yapılan açıklama,DKB,https://www.kap.org.tr/tr/Bildirim/1496263
TKFEN,2025-10-03 19:38:03,Özel Durum Açıklaması (Genel),Pay devir bildirimi,ODA,https://www.kap.org.tr/tr/Bildirim/1496136
EREGL,2025-10-03 18:12:01,Ortaklık Aleyhine Dava Açılması veya Davaya İlişkin Gelişmeler,Tata Steel International (North America) Ltd. (eski unvanı Corus International Trading Ltd.) Şirketinin Açtığı Davaya İlişkin Bilgilendirme,ODA,https://www.kap.org.tr/tr/Bildirim/1496018
BIMAS,2025-10-03 18:11:51,BIST Pay Endeksleri,BIST Geri Alım Endeksi Dönemsel Endeks Değişiklikleri,DKB,https://www.kap.org.tr/tr/Bildirim/1496017
KONTR,2025-10-03 17:28:05,Pay Bazında Devre Kesici Bildirimi,KONTR.E İşlem Sırasında Devre Kesici Uygulaması Başlamıştır,DKB,https://www.kap.org.tr/tr/Bildirim/1495936
TKFEN,2025-10-03 17:03:33,Pay Alım Satım Bildirimi,"Pay Alım Satım Bildirimi
",DKB,https://www.kap.org.tr/tr/Bildirim/1495873
YKBNK,2025-10-03 16:44:28,Pay Bazında Devre Kesici Bildirimi,YKBNK.E İşlem Sırasında Devre Kesici Uygulaması Başlamıştır,DKB,https://www.kap.org.tr/tr/Bildirim/1495779
AKBNK,2025-10-03 16:06:40,Pay Bazında Devre Kesici Bildirimi,AKBNK.E İşlem Sırasında Devre Kesici Uygulaması Başlamıştır,DKB,https://www.kap.org.tr/tr/Bildirim/1495751
EKGYO,2025-10-03 15:49:14,Pay Bazında Devre Kesici Bildirimi,EKGYO.E İşlem Sırasında Devre Kesici Uygulaması Başlamıştır,DKB,https://www.kap.org.tr/tr/Bildirim/1495743
EKGYO,2025-10-03 15:09:23,Özel Durum Açıklaması (Genel),Damla Kent Projesi B Etabı 2. Kısım İhalesi,ODA,https://www.kap.org.tr/tr/Bildirim/1495722
ISCTR,2025-10-03 14:50:34,Pay Bazında Devre Kesici Bildirimi,ISCTR.E İşlem Sırasında Devre Kesici Uygulaması Başlamıştır,DKB,https://www.kap.org.tr/tr/Bildirim/1495713
SAHOL,2025-10-03 13:29:17,Pay Bazında Devre Kesici Bildirimi,SAHOL.E İşlem Sırasında Devre Kesici Uygulaması Başlamıştır,DKB,https://www.kap.org.tr/tr/Bildirim/1495658
EKGYO,2025-10-03 11:48:30,Özel Durum Açıklaması (Genel), İstanbul Esenler Atışalanı 4. Etap İhale İlanı ,ODA,https://www.kap.org.tr/tr/Bildirim/1495620
ISCTR,2025-10-03 11:06:41,Pay Dışında Sermaye Piyasası Aracı İşlemlerine İlişkin Bildirim (Faiz İçeren),Yurtdışı Piyasalara Tahvil İhracı,ODA,https://www.kap.org.tr/tr/Bildirim/1495603
GARAN,2025-10-02 18:11:18,İhraç Tavanına İlişkin Bildirim,VDMK İhracına İlişkin Yönetim Kurulu Kararı,ODA,https://www.kap.org.tr/tr/Bildirim/1495367
GARAN,2025-10-02 18:10:57,Pay Dışında Sermaye Piyasası Aracı İşlemlerine İlişkin Bildirim (Faiz İçeren),Yurtdışı Piyasalara Tahvil İhracı SPK Onayı,ODA,https://www.kap.org.tr/tr/Bildirim/1495366
GARAN,2025-10-02 18:10:35,Pay Dışında Sermaye Piyasası Aracı İşlemlerine İlişkin Bildirim (Faiz İçeren),Yurtdışı Piyasalara Tahvil İhracı SPK Onayı,ODA,https://www.kap.org.tr/tr/Bildirim/1495364
ISCTR,2025-10-02 17:36:47,Şirket Genel Bilgi Formu,,DG,https://www.kap.org.tr/tr/Bildirim/1495325
TCELL,2025-10-02 17:34:35,Şirket Genel Bilgi Formu,,DG,https://www.kap.org.tr/tr/Bildirim/1495323
TUPRS,2025-10-02 16:41:38,Pay Mali Hak Kullanım İşlemi - Nakit Ödeme,Hak Kullanım İşlemleri,DKB,https://www.kap.org.tr/tr/Bildirim/1495279
EKGYO,2025-10-02 16:23:15,Özel Durum Açıklaması (Genel),Park Yaşam Antalya STG Artışı,ODA,https://www.kap.org.tr/tr/Bildirim/1495270
EKGYO,2025-10-02 15:14:43,Özel Durum Açıklaması (Genel),Damla Kent Projesi B Etabı 1. Kısım İhalesi,ODA,https://www.kap.org.tr/tr/Bildirim/1495236
SISE,2025-10-02 12:18:26,Pay Bazında Devre Kesici Bildirimi,SISE.E İşlem Sırasında Devre Kesici Uygulaması Başlamıştır,DKB,https://www.kap.org.tr/tr/Bildirim/1495124
ISCTR,2025-10-02 12:08:15,Pay Bazında Devre Kesici Bildirimi,ISCTR.E İşlem Sırasında Devre Kesici Uygulaması Başlamıştır,DKB,https://www.kap.org.tr/tr/Bildirim/1495118
TUPRS,2025-10-02 11:49:53,Kurumsal Yönetim İlkelerine Uyum Derecelendirmesi,Kurumsal Yönetim Derecelendirme Not Bildirimi,ODA,https://www.kap.org.tr/tr/Bildirim/1495110
SASA,2025-10-02 11:19:54,BISTECH Pay Piyasası Alım Satım Sistemi Duyurusu,Toptan Alış Satış İşlemi,DKB,https://www.kap.org.tr/tr/Bildirim/1495098
TUPRS,2025-10-02 09:15:41,Kurumsal Yönetim İlkelerine Uyum Derecelendirmesi,Kurumsal Yönetim Derecelendirme Notu,ODA,https://www.kap.org.tr/tr/Bildirim/1495027
EKGYO,2025-10-01 18:54:26,Özel Durum Açıklaması (Genel),Damla Kent Projesi A Etabı 3. Kısım İhalesi,ODA,https://www.kap.org.tr/tr/Bildirim/1494973
ODAS,2025-10-01 18:43:39,Şirket Genel Bilgi Formu,,DG,https://www.kap.org.tr/tr/Bildirim/1494969
SASA,2025-10-01 18:43:08,Toptan Alış Satış İşlemi ,Toptan Alış Satış İşlemi,DKB,https://www.kap.org.tr/tr/Bildirim/1494967
GARAN,2025-10-01 18:11:13,Pay Dışında Sermaye Piyasası Aracı İşlemlerine İlişkin Bildirim (Faiz İçeren),"Yurtdışı Piyasalara Tahvil İhracı SPK Onayı
",ODA,https://www.kap.org.tr/tr/Bildirim/1494933
BIMAS,2025-10-01 17:55:54,Esas Sözleşme Tadili,Esas Sözleşme Tadili SPK Başvurusu,ODA,https://www.kap.org.tr/tr/Bildirim/1494923
BIMAS,2025-10-01 17:55:36,Kayıtlı Sermaye Tavanı İşlemlerine İlişkin Bildirim,Kayıtlı Sermaye Sistemine Geçiş ve Esas Sözleşme Tadili Sürecinde SPK?ya Yapılan Başvuru,ODA,https://www.kap.org.tr/tr/Bildirim/1494922
AKBNK,2025-10-01 17:47:56,Pay Dışında Sermaye Piyasası Aracı İşlemlerine İlişkin Bildirim (Faiz İçeren),Yurtdışı Piyasalara Tahvil İhracının Tamamlanması,ODA,https://www.kap.org.tr/tr/Bildirim/1494916
ARCLK,2025-10-01 17:05:22,Borsada İşlem Gören Tipe Dönüşüm Duyurusu,DÖNÜŞÜM,DKB,https://www.kap.org.tr/tr/Bildirim/1494869
SISE,2025-10-01 17:05:22,Borsada İşlem Gören Tipe Dönüşüm Duyurusu,DÖNÜŞÜM,DKB,https://www.kap.org.tr/tr/Bildirim/1494869
SASA,2025-10-01 17:05:22,Borsada İşlem Gören Tipe Dönüşüm Duyurusu,DÖNÜŞÜM,DKB,https://www.kap.org.tr/tr/Bildirim/1494869
VAKBN,2025-10-01 14:26:29,Pay Dışında Sermaye Piyasası Aracı İşlemlerine İlişkin Bildirim (Faiz İçeren),Borçlanma Araçlarına İlişkin Faiz Açıklaması,ODA,https://www.kap.org.tr/tr/Bildirim/1494765
VAKBN,2025-10-01 14:25:09,İzahname-Özet (SPK Tarafından Onaylanan),İzahname- Özet,DG,https://www.kap.org.tr/tr/Bildirim/1494764
VAKBN,2025-10-01 14:24:52,İzahname-Sermaye Piyasası Aracı Notu (SPK Tarafından Onaylanan),İzahname- Sermaye Piyasası Aracı Notu,DG,https://www.kap.org.tr/tr/Bildirim/1494763
VAKBN,2025-10-01 14:24:28,İzahname-İhraççı Bİlgi Dokümanı (SPK Tarafından Onaylanan),İzahname- İhraççı Bilgi Dokümanı,DG,https://www.kap.org.tr/tr/Bildirim/1494762
SASA,2025-10-01 14:20:30,Toptan Alış Satış İşlemi Bildirimi,SASA Toptan Alış Satış İşlem Bildirimi,ODA,https://www.kap.org.tr/tr/Bildirim/1494761
ARCLK,2025-10-01 12:22:12,Pay Bazında Devre Kesici Bildirimi,ARCLK.E İşlem Sırasında Devre Kesici Uygulaması Başlamıştır,DKB,https://www.kap.org.tr/tr/Bildirim/1494719
EKGYO,2025-10-01 11:53:19,Özel Durum Açıklaması (Genel),Damla Kent Projesi A Etabı 2. Kısım İhalesi,ODA,https://www.kap.org.tr/tr/Bildirim/1494705
KONTR,2025-10-01 11:43:11,Pay Bazında Devre Kesici Bildirimi,KONTR.E İşlem Sırasında Devre Kesici Uygulaması Başlamıştır,DKB,https://www.kap.org.tr/tr/Bildirim/1494699
GARAN,2025-10-01 10:40:54,Pay Dışında Sermaye Piyasası Aracı İşlemlerine İlişkin Bildirim (Faiz İçeren),XS2811103816 ISIN Kodlu Tahvil İtfası Hk,ODA,https://www.kap.org.tr/tr/Bildirim/1494659
GARAN,2025-10-01 10:39:20,Pay Dışında Sermaye Piyasası Aracı İşlemlerine İlişkin Bildirim (Faiz İçeren),Regarding Redemption of Bonds with ISIN Code XS3013241974,ODA,https://www.kap.org.tr/tr/Bildirim/1494658
GARAN,2025-10-01 10:35:33,Pay Dışında Sermaye Piyasası Aracı İşlemlerine İlişkin Bildirim (Faiz İçeren),XS3013789048 ISIN Kodlu Tahvil İtfası Hk,ODA,https://www.kap.org.tr/tr/Bildirim/1494656
GARAN,2025-10-01 10:34:59,Pay Dışında Sermaye Piyasası Aracı İşlemlerine İlişkin Bildirim (Faiz İçeren),XS3041346233 ISIN Kodlu Tahvil İtfası Hk,ODA,https://www.kap.org.tr/tr/Bildirim/1494655
GARAN,2025-10-01 10:34:20,Pay Dışında Sermaye Piyasası Aracı İşlemlerine İlişkin Bildirim (Faiz İçeren),XS2907980788 ISIN Kodlu Tahvil İtfası Hk,ODA,https://www.kap.org.tr/tr/Bildirim/1494654
GARAN,2025-10-01 10:33:49,Pay Dışında Sermaye Piyasası Aracı İşlemlerine İlişkin Bildirim (Faiz İçeren),XS2916447597 ISIN Kodlu Tahvil İtfası Hk,ODA,https://www.kap.org.tr/tr/Bildirim/1494653
GARAN,2025-10-01 10:33:15,Pay Dışında Sermaye Piyasası Aracı İşlemlerine İlişkin Bildirim (Faiz İçeren),XS2895632458 ISIN Kodlu Tahvil İtfası Hk,ODA,https://www.kap.org.tr/tr/Bildirim/1494652
GARAN,2025-10-01 10:32:46,Pay Dışında Sermaye Piyasası Aracı İşlemlerine İlişkin Bildirim (Faiz İçeren),XS3015759635 ISIN Kodlu Tahvil İtfası Hk,ODA,https://www.kap.org.tr/tr/Bildirim/1494650
KONTR,2025-10-01 10:30:34,Pay Bazında Devre Kesici Bildirimi,KONTR.E İşlem Sırasında Devre Kesici Uygulaması Başlamıştır,DKB,https://www.kap.org.tr/tr/Bildirim/1494648
GARAN,2025-10-01 10:30:22,Pay Dışında Sermaye Piyasası Aracı İşlemlerine İlişkin Bildirim (Faiz İçeren),XS2899564848 ISIN Kodlu Tahvil İtfası Hk,ODA,https://www.kap.org.tr/tr/Bildirim/1494647
GARAN,2025-10-01 10:29:45,Pay Dışında Sermaye Piyasası Aracı İşlemlerine İlişkin Bildirim (Faiz İçeren),XS2902576540 ISIN Kodlu Tahvil İtfası Hk,ODA,https://www.kap.org.tr/tr/Bildirim/1494646
GARAN,2025-10-01 10:29:04,Pay Dışında Sermaye Piyasası Aracı İşlemlerine İlişkin Bildirim (Faiz İçeren),XS2899564764 ISIN Kodlu Tahvil İtfası Hk,ODA,https://www.kap.org.tr/tr/Bildirim/1494645
GARAN,2025-10-01 10:28:00,Pay Dışında Sermaye Piyasası Aracı İşlemlerine İlişkin Bildirim (Faiz İçeren),XS2902576466 ISIN Kodlu Tahvil İtfası Hk,ODA,https://www.kap.org.tr/tr/Bildirim/1494644
GARAN,2025-10-01 10:27:45,Pay Dışında Sermaye Piyasası Aracı İşlemlerine İlişkin Bildirim (Faiz İçeren),"XS2907980606 ISIN Kodlu Tahvil İtfası Hk
",ODA,https://www.kap.org.tr/tr/Bildirim/1494643
GARAN,2025-10-01 10:27:13,Pay Dışında Sermaye Piyasası Aracı İşlemlerine İlişkin Bildirim (Faiz İçeren),"XS2907980861 ISIN Kodlu Tahvil İtfası Hk
",ODA,https://www.kap.org.tr/tr/Bildirim/1494642
GARAN,2025-10-01 10:26:53,Pay Dışında Sermaye Piyasası Aracı İşlemlerine İlişkin Bildirim (Faiz İçeren),XS2906179366 ISIN Kodlu Tahvil İtfası Hk,ODA,https://www.kap.org.tr/tr/Bildirim/1494641
GARAN,2025-10-01 10:26:38,Pay Dışında Sermaye Piyasası Aracı İşlemlerine İlişkin Bildirim (Faiz İçeren),XS2903418254 ISIN Kodlu Tahvil İtfası Hk,ODA,https://www.kap.org.tr/tr/Bildirim/1494640
AKBNK,2025-10-01 10:01:34,Özel Durum Açıklaması (Genel),Organizasyon Değişikliği ve Genel Müdür Yardımcısı Atamaları Hk.,ODA,https://www.kap.org.tr/tr/Bildirim/1494619
SASA,2025-10-01 09:02:53,Özel Durum Açıklaması (Genel),Nitelikli Kurumsal Yatırımcılara Yönelik Hızlandırılmış Talep Toplama İşleminin Fiyatının Belirlenmesi,ODA,https://www.kap.org.tr/tr/Bildirim/1494543
SASA,2025-10-01 09:00:44,Kamuyu Aydınlatma Platformu Duyurusu,Özel Durumlar Tebliği'nin 12-(4). maddesi gereğince yapılan açıklama,DKB,https://www.kap.org.tr/tr/Bildirim/1494541
TAVHL,2025-10-01 08:59:28,Finansal Takvim,2025 Üçüncü Çeyrek Finansal Takvimi,DG,https://www.kap.org.tr/tr/Bildirim/1494539
ARCLK,2025-10-14 19:07:36,Finansal Takvim,2025 3. Çeyrek Finansal Takvim,DG,https://www.kap.org.tr/tr/Bildirim/1504435
FROTO,2025-10-14 18:28:23,Finansal Takvim,2025 3.Çeyrek Finansal Takvim,DG,https://www.kap.org.tr/tr/Bildirim/1504420
EKGYO,2025-10-14 18:18:32,Pay Dışında Sermaye Piyasası Aracı İşlemlerine İlişkin Bildirim (Faizsiz),Yurtiçi Kira Sertifikası İhracı Nitelikli Yatırımcıya Satışın Tamamlanması Hk.,ODA,https://www.kap.org.tr/tr/Bildirim/1504417
GARAN,2025-10-14 18:13:15,Pay Dışında Sermaye Piyasası Aracı İşlemlerine İlişkin Bildirim (Faiz İçeren),MTN ihracı itfası ,ODA,https://www.kap.org.tr/tr/Bildirim/1504409
VAKBN,2025-10-14 17:53:06,Pay Bazında Devre Kesici Bildirimi,VAKBN.E İşlem Sırasında Devre Kesici Uygulaması Başlamıştır,DKB,https://www.kap.org.tr/tr/Bildirim/1504315
EREGL,2025-10-14 17:49:35,Pay Bazında Devre Kesici Bildirimi,EREGL.E İşlem Sırasında Devre Kesici Uygulaması Başlamıştır,DKB,https://www.kap.org.tr/tr/Bildirim/1504311
TKFEN,2025-10-14 17:43:48,Özel Durum Açıklaması (Genel),Üst Düzey Görev Atama Bilgisi,ODA,https://www.kap.org.tr/tr/Bildirim/1504301
YKBNK,2025-10-14 17:33:29,Pay Bazında Devre Kesici Bildirimi,YKBNK.E İşlem Sırasında Devre Kesici Uygulaması Başlamıştır,DKB,https://www.kap.org.tr/tr/Bildirim/1504283
KRDMD,2025-10-14 17:32:28,Pay Bazında Devre Kesici Bildirimi,KRDMD.E İşlem Sırasında Devre Kesici Uygulaması Başlamıştır,DKB,https://www.kap.org.tr/tr/Bildirim/1504280
GARAN,2025-10-14 17:29:29,Pay Bazında Devre Kesici Bildirimi,GARAN.E İşlem Sırasında Devre Kesici Uygulaması Başlamıştır,DKB,https://www.kap.org.tr/tr/Bildirim/1504276
TAVHL,2025-10-14 17:25:16,Pay Bazında Devre Kesici Bildirimi,TAVHL.E İşlem Sırasında Devre Kesici Uygulaması Başlamıştır,DKB,https://www.kap.org.tr/tr/Bildirim/1504272
YKBNK,2025-10-14 17:10:35,"Borçlanma Araçları, Yatırım Fonları ve Varant İtfa/Kupon/Getiri/ Nakdi Uzlaşı Ödeme İşlemleri","Borçlanma Araçları, Yatırım Fonları ve Varant İtfa/Kupon/Getiri/Nakdi Uzlaşı Ödeme İşlemleri",DKB,https://www.kap.org.tr/tr/Bildirim/1504249
EKGYO,2025-10-14 17:03:11,Özel Durum Açıklaması (Genel),İstanbul Esenler Atışalanı 4. Etap İhalesi 1. Oturum Sonucu,ODA,https://www.kap.org.tr/tr/Bildirim/1504244
EKGYO,2025-10-14 16:58:12,Özel Durum Açıklaması (Genel),Senfoni Etiler Yapı Ruhsatı Tadilatı,ODA,https://www.kap.org.tr/tr/Bildirim/1504237
HALKB,2025-10-14 16:35:41,Pay Bazında Devre Kesici Bildirimi,HALKB.E İşlem Sırasında Devre Kesici Uygulaması Başlamıştır,DKB,https://www.kap.org.tr/tr/Bildirim/1504214
EKGYO,2025-10-14 14:22:29,Pay Bazında Devre Kesici Bildirimi,EKGYO.E İşlem Sırasında Devre Kesici Uygulaması Başlamıştır,DKB,https://www.kap.org.tr/tr/Bildirim/1504018
GUBRF,2025-10-14 14:08:25,Özel Durum Açıklaması (Genel),Üst Düzey Yönetici Röportajı Hk.,ODA,https://www.kap.org.tr/tr/Bildirim/1503988
TAVHL,2025-10-14 13:27:54,Birleşme İşlemlerine İlişkin Bildirim,Birleşme İşlemi İçin SPK Başvurusu,ODA,https://www.kap.org.tr/tr/Bildirim/1503897
TKFEN,2025-10-14 12:21:39,Endekslerde Kullanılan Fiili Dolaşımdaki Pay Oranı Değişiklikleri,-,DKB,https://www.kap.org.tr/tr/Bildirim/1503856
SASA,2025-10-14 12:21:39,Endekslerde Kullanılan Fiili Dolaşımdaki Pay Oranı Değişiklikleri,-,DKB,https://www.kap.org.tr/tr/Bildirim/1503856
YKBNK,2025-10-14 11:55:11,Şirket Genel Bilgi Formu,,DG,https://www.kap.org.tr/tr/Bildirim/1503805
YKBNK,2025-10-14 11:54:55,Pay Dışında Sermaye Piyasası Aracı İşlemlerine İlişkin Bildirim (Faiz İçeren),Yurtdışında ihraç edilen borçlanma aracının itfası,ODA,https://www.kap.org.tr/tr/Bildirim/1503802
YKBNK,2025-10-14 11:54:35,Pay Dışında Sermaye Piyasası Aracı İşlemlerine İlişkin Bildirim (Faiz İçeren),Yurtdışında ihraç edilen borçlanma aracının itfası,ODA,https://www.kap.org.tr/tr/Bildirim/1503801
YKBNK,2025-10-14 11:54:07,Pay Dışında Sermaye Piyasası Aracı İşlemlerine İlişkin Bildirim (Faiz İçeren),Yurtdışında ihraç edilen borçlanma aracının itfası,ODA,https://www.kap.org.tr/tr/Bildirim/1503799
YKBNK,2025-10-14 11:53:14,Pay Dışında Sermaye Piyasası Aracı İşlemlerine İlişkin Bildirim (Faiz İçeren),Nitelikli yatırımcılara ihraç edilen borçlanma araçlarının itfası,ODA,https://www.kap.org.tr/tr/Bildirim/1503795
TCELL,2025-10-14 10:38:22,Pay Bazında Devre Kesici Bildirimi,TCELL.E İşlem Sırasında Devre Kesici Uygulaması Başlamıştır,DKB,https://www.kap.org.tr/tr/Bildirim/1503670
PGSUS,2025-10-13 18:51:51,Özel Durum Açıklaması (Genel),2025 yılı Eylül ayı trafik verileri ve karbon emisyonu istatistikleri ektedir.,ODA,https://www.kap.org.tr/tr/Bildirim/1503450
EKGYO,2025-10-13 18:34:47,Özel Durum Açıklaması (Genel),Muğla Köyceğiz Toparlar İhale İptali,ODA,https://www.kap.org.tr/tr/Bildirim/1503438
YKBNK,2025-10-13 18:21:00,Finansal Takvim,2025 3. Çeyrek Finansal Takvim,DG,https://www.kap.org.tr/tr/Bildirim/1503429
KCHOL,2025-10-13 18:18:19,Borsa İstanbul A.Ş. Duyurusu,Yatırımcı Bazında Tedbir Uygulanması,DKB,https://www.kap.org.tr/tr/Bildirim/1503426
TOASO,2025-10-13 18:18:19,Borsa İstanbul A.Ş. Duyurusu,Yatırımcı Bazında Tedbir Uygulanması,DKB,https://www.kap.org.tr/tr/Bildirim/1503426
CIMSA,2025-10-13 18:16:04,Özel Durum Açıklaması (Genel),Amerika Gri Çimento Öğütme Tesisinin Devreye Alınması,ODA,https://www.kap.org.tr/tr/Bildirim/1503424
MGROS,2025-10-13 17:28:25,Borsada İşlem Gören Tipe Dönüşüm Duyurusu,DÖNÜŞÜM,DKB,https://www.kap.org.tr/tr/Bildirim/1503328
EKGYO,2025-10-13 09:44:42,Likidite Sağlayıcılık Kapsamındaki İşlemler,Emlak Konut Damlakent Projesi Gayrimenkul Sertifikalarında (DMLKT.G) Likidite Sağlayacılık Kapsamında Gerçekleştirilen İşlemler 29.09.2025-10.10.2025,DG,https://www.kap.org.tr/tr/Bildirim/1502749
MGROS,2025-10-13 09:29:20,Kurumsal Yönetim İlkelerine Uyum Derecelendirmesi,Kurumsal Yönetim İlkelerine Uyum Derecelendirmesi Sözleşmesinin Yenilenmesi,ODA,https://www.kap.org.tr/tr/Bildirim/1502736
KONTR,2025-10-11 18:24:07,Özel Durum Açıklaması (Genel),Bağlı ortaklığımız Pomega Enerji Depolama Teknolojileri A.Ş.?nin Meksika?da İşbirliği Anlaşması,ODA,https://www.kap.org.tr/tr/Bildirim/1502698
EKGYO,2025-10-10 20:02:31,İhraç Tavanına İlişkin Bildirim,Kira Sertifikası İhracına İlişkin Yönetim Kurulu Kararı Alınması,ODA,https://www.kap.org.tr/tr/Bildirim/1502651
KRDMD,2025-10-10 19:37:10,Sürdürülebilirlik Raporu,2024 Yılı Sürdürülebilirlik Raporu,DG,https://www.kap.org.tr/tr/Bildirim/1502640
FROTO,2025-10-10 19:01:46,Şirket Genel Bilgi Formu,,DG,https://www.kap.org.tr/tr/Bildirim/1502631
FROTO,2025-10-10 18:50:52,Şirket Genel Bilgi Formu,,DG,https://www.kap.org.tr/tr/Bildirim/1502622
FROTO,2025-10-10 18:30:19,Kayıtlı Sermaye Tavanı İşlemlerine İlişkin Bildirim,Kayıtlı sermaye geçerlilik süresinin uzatılması ve tavan artırımı için SPK Onayı ,ODA,https://www.kap.org.tr/tr/Bildirim/1502578
VAKBN,2025-10-10 17:32:59,Borçlanma Araçlarının / Kira Sertifikalarının İşlem Görmeye Başlaması,Borçlanma Araçlarının / Kira Sertifikalarının İşlem Görmeye Başlaması,DKB,https://www.kap.org.tr/tr/Bildirim/1502432
TCELL,2025-10-10 17:17:09,Şirket Genel Bilgi Formu,,DG,https://www.kap.org.tr/tr/Bildirim/1502396
TCELL,2025-10-10 17:16:46,Özel Durum Açıklaması (Genel),Turktell Bilişim Servisleri A.Ş. Sermaye Artışı,ODA,https://www.kap.org.tr/tr/Bildirim/1502395
TKFEN,2025-10-10 17:03:40,Şirket Genel Bilgi Formu,,DG,https://www.kap.org.tr/tr/Bildirim/1502380
VAKBN,2025-10-10 16:01:03,Pay Dışında Sermaye Piyasası Aracı İşlemlerine İlişkin Bildirim (Faiz İçeren),TRFVKFBE2511 ISIN kodlu T. Vakıflar Bankası T.A.O. Finansman Bonolarının İtfası,ODA,https://www.kap.org.tr/tr/Bildirim/1502253
EKGYO,2025-10-10 09:50:09,Özel Durum Açıklaması (Genel),Muğla Bodrum Ortakent Müskebi Arsa Satışı Karşılığı Gelir Paylaşımı İşi Sözleşme İmzalanması,ODA,https://www.kap.org.tr/tr/Bildirim/1501943
KCHOL,2025-10-10 08:40:11,Finansal Takvim,2025 3. Çeyrek Finansal Takvim,DG,https://www.kap.org.tr/tr/Bildirim/1501860
BIMAS,2025-10-09 22:52:22,Payların Geri Alınmasına İlişkin Bildirim,09 Ekim 2025 Tarihli Pay Geri Alım İşlemleri,ODA,https://www.kap.org.tr/tr/Bildirim/1501848
GARAN,2025-10-09 19:05:32,Pay Dışında Sermaye Piyasası Aracı İşlemlerine İlişkin Bildirim (Faiz İçeren),Yurtdışı Piyasalara Tahvil İhracı SPK Onayı,ODA,https://www.kap.org.tr/tr/Bildirim/1501777
TKFEN,2025-10-09 18:56:34,Özel Durum Açıklaması (Genel),Üst Düzey Yönetici Görevden Ayrılma-Atama,ODA,https://www.kap.org.tr/tr/Bildirim/1501771
TKFEN,2025-10-09 18:56:00,Özel Durum Açıklaması (Genel),Yönetim Kurulu Üyeliğine Atama,ODA,https://www.kap.org.tr/tr/Bildirim/1501770
SISE,2025-10-09 18:39:21,Sürdürülebilirlik Raporu,Türkiye Şişe ve Cam Fabrikaları A.Ş. 2024 Yılı Sürdürülebilirlik Raporu,DG,https://www.kap.org.tr/tr/Bildirim/1501762
KCHOL,2025-10-09 18:31:52,Maddi Duran Varlık Satımı,Maddi Duran Varlık Satımı,ODA,https://www.kap.org.tr/tr/Bildirim/1501759
TOASO,2025-10-09 18:31:52,Maddi Duran Varlık Satımı,Maddi Duran Varlık Satımı,ODA,https://www.kap.org.tr/tr/Bildirim/1501759
KCHOL,2025-10-09 18:31:35,Maddi Duran Varlık Satımı,Maddi Duran Varlık Satımı,ODA,https://www.kap.org.tr/tr/Bildirim/1501754
TOASO,2025-10-09 18:31:35,Maddi Duran Varlık Satımı,Maddi Duran Varlık Satımı,ODA,https://www.kap.org.tr/tr/Bildirim/1501754
TOASO,2025-10-09 17:31:36,Pay Bazında Devre Kesici Bildirimi,TOASO.E İşlem Sırasında Devre Kesici Uygulaması Başlamıştır,DKB,https://www.kap.org.tr/tr/Bildirim/1501706
VAKBN,2025-10-09 17:27:00,Pay Bazında Devre Kesici Bildirimi,VAKBN.E İşlem Sırasında Devre Kesici Uygulaması Başlamıştır,DKB,https://www.kap.org.tr/tr/Bildirim/1501703
HALKB,2025-10-09 17:26:08,Pay Bazında Devre Kesici Bildirimi,HALKB.E İşlem Sırasında Devre Kesici Uygulaması Başlamıştır,DKB,https://www.kap.org.tr/tr/Bildirim/1501700
VAKBN,2025-10-09 16:06:38,Pay Dışında Sermaye Piyasası Aracı İşlemlerine İlişkin Bildirim (Faiz İçeren),Borçlanma Araçlarına İlişkin Satış Sonuçları Açıklaması,ODA,https://www.kap.org.tr/tr/Bildirim/1501614
TAVHL,2025-10-09 13:07:26,Özel Durum Açıklaması (Genel),"Yatırımcı Bülteni (Eylül 2025)
",ODA,https://www.kap.org.tr/tr/Bildirim/1501399
TKFEN,2025-10-09 08:58:08,Kamuyu Aydınlatma Platformu Duyurusu,Özel Durumlar Tebliği'nin 12-(4). maddesi gereğince yapılan açıklama,DKB,https://www.kap.org.tr/tr/Bildirim/1501239
THYAO,2025-10-08 19:10:49,Özel Durum Açıklaması (Genel),Eylül 2025 Trafik Sonuçları,ODA,https://www.kap.org.tr/tr/Bildirim/1500827
TUPRS,2025-10-08 18:18:33,Finansal Takvim,2025 3. Çeyrek Finansal Takvim,DG,https://www.kap.org.tr/tr/Bildirim/1500592
HALKB,2025-10-08 17:52:10,Şirket Genel Bilgi Formu,,DG,https://www.kap.org.tr/tr/Bildirim/1500447
SAHOL,2025-10-08 15:27:37,Finansal Takvim,Finansal Takvim,DG,https://www.kap.org.tr/tr/Bildirim/1499849
VAKBN,2025-10-08 14:09:15,Pay Dışında Sermaye Piyasası Aracı İşlemlerine İlişkin Bildirim (Faiz İçeren),Yurtdışında ilave ana sermayeye dahil edilebilir borçlanma aracı ihracının tamamlanması,ODA,https://www.kap.org.tr/tr/Bildirim/1499623
GARAN,2025-10-08 11:46:57,Pay Dışında Sermaye Piyasası Aracı İşlemlerine İlişkin Bildirim (Faiz İçeren),vade başlangıç tarih düzeltimi,ODA,https://www.kap.org.tr/tr/Bildirim/1499394
BIMAS,2025-10-21 21:52:10,Payların Geri Alınmasına İlişkin Bildirim,21 Ekim 2025 Tarihli Pay Geri Alım İşlemleri,ODA,https://www.kap.org.tr/tr/Bildirim/1506579
PETKM,2025-10-21 18:15:04,Borsa İstanbul A.Ş. Duyurusu,Yatırımcı Bazında Tedbir Uygulanması,DKB,https://www.kap.org.tr/tr/Bildirim/1506515
SASA,2025-10-21 18:15:04,Borsa İstanbul A.Ş. Duyurusu,Yatırımcı Bazında Tedbir Uygulanması,DKB,https://www.kap.org.tr/tr/Bildirim/1506515
CIMSA,2025-10-21 18:13:29,Finansal Takvim,2025 3. Çeyrek Finansal Takvim,DG,https://www.kap.org.tr/tr/Bildirim/1506511
BIMAS,2025-10-21 18:13:11,SPK İşlem Yasağı Nedeniyle Pay Duyurusu,SPK İşlem Yasağı Nedeniyle Pay Duyurusu,DKB,https://www.kap.org.tr/tr/Bildirim/1506510
ISCTR,2025-10-21 18:13:11,SPK İşlem Yasağı Nedeniyle Pay Duyurusu,SPK İşlem Yasağı Nedeniyle Pay Duyurusu,DKB,https://www.kap.org.tr/tr/Bildirim/1506510
ASELS,2025-10-21 18:13:11,SPK İşlem Yasağı Nedeniyle Pay Duyurusu,SPK İşlem Yasağı Nedeniyle Pay Duyurusu,DKB,https://www.kap.org.tr/tr/Bildirim/1506510
EKGYO,2025-10-21 18:13:11,SPK İşlem Yasağı Nedeniyle Pay Duyurusu,SPK İşlem Yasağı Nedeniyle Pay Duyurusu,DKB,https://www.kap.org.tr/tr/Bildirim/1506510
PETKM,2025-10-21 18:13:11,SPK İşlem Yasağı Nedeniyle Pay Duyurusu,SPK İşlem Yasağı Nedeniyle Pay Duyurusu,DKB,https://www.kap.org.tr/tr/Bildirim/1506510
MGROS,2025-10-21 16:49:18,Borsada İşlem Gören Tipe Dönüşüm Duyurusu,DÖNÜŞÜM,DKB,https://www.kap.org.tr/tr/Bildirim/1506450
ASELS,2025-10-21 13:30:51,Finansal Takvim,Finansal Takvim,DG,https://www.kap.org.tr/tr/Bildirim/1506312
GARAN,2025-10-21 13:16:43,Pay Dışında Sermaye Piyasası Aracı İşlemlerine İlişkin Bildirim (Faiz İçeren),Yurtdışı Piyasalara Tahvil İhracı SPK Onayı-Düzeltme,ODA,https://www.kap.org.tr/tr/Bildirim/1506307
EKGYO,2025-10-21 11:20:49,Tertip İhraç Belgesi,Emlak Konut GYO 7.Tertip İhraç Belgesi,DG,https://www.kap.org.tr/tr/Bildirim/1506278
EKGYO,2025-10-21 11:20:39,Tertip İhraç Belgesi,Emlak Konut GYO 8.Tertip İhraç Belgesi,DG,https://www.kap.org.tr/tr/Bildirim/1506277
SASA,2025-10-20 23:08:14,Kredi Derecelendirmesi,Kredi Derecelendirme Notu,ODA,https://www.kap.org.tr/tr/Bildirim/1506198
KONTR,2025-10-20 21:09:00,Özel Durum Açıklaması (Genel),Yurt Dışı Borçlanma Aracı İhracına İlişkin Ek Açıklama,ODA,https://www.kap.org.tr/tr/Bildirim/1506196
SISE,2025-10-20 20:30:13,Özel Durum Açıklaması (Genel),Rekabet Kurulu Kararı Hakkında,ODA,https://www.kap.org.tr/tr/Bildirim/1506195
TOASO,2025-10-20 18:47:10,Şirket Genel Bilgi Formu,,DG,https://www.kap.org.tr/tr/Bildirim/1506169
TOASO,2025-10-20 18:37:39,Yeni İş İlişkisi,Stellantis Europe S.P.A ile Tipo/Egea modelinin üretim süresinin uzatılmasına ve K0 modelinin Kuzey Amerika pazarına ihracına ilişkin sözleşmelerin imzalanması ,ODA,https://www.kap.org.tr/tr/Bildirim/1506161
TUPRS,2025-10-20 18:20:09,Pay Dışında Sermaye Piyasası Aracı İşlemlerine İlişkin Bildirim (Faiz İçeren),TRSTPRS72614 ISIN Kodlu Tahvilin 5. Kupon Ödemesi ,ODA,https://www.kap.org.tr/tr/Bildirim/1506149
GARAN,2025-10-20 18:12:50,Özel Durum Açıklaması (Genel),Tahsili gecikmiş alacak portföy satışı hk.  ,ODA,https://www.kap.org.tr/tr/Bildirim/1506137
EREGL,2025-10-20 18:12:50,Sorumluluk Beyanı (Konsolide),1 Ocak - 30 Eylül 2025 Dönemine İlişkin Sorumluluk Beyanı,FR,https://www.kap.org.tr/tr/Bildirim/1506136
EREGL,2025-10-20 18:12:36,Faaliyet Raporu (Konsolide),1 Ocak - 30 Eylül 2025 ara hesap dönemine ait özet faaliyet raporu,FR,https://www.kap.org.tr/tr/Bildirim/1506135
EREGL,2025-10-20 18:12:22,Finansal Rapor,,FR,https://www.kap.org.tr/tr/Bildirim/1506134
TUPRS,2025-10-20 17:08:56,"Borçlanma Araçları, Yatırım Fonları ve Varant İtfa/Kupon/Getiri/ Nakdi Uzlaşı Ödeme İşlemleri","Borçlanma Araçları, Yatırım Fonları ve Varant İtfa/Kupon/Getiri/ Nakdi Uzlaşı Ödeme İşlemleri",DKB,https://www.kap.org.tr/tr/Bildirim/1506067
TCELL,2025-10-20 15:00:25,Finansal Takvim,3. Çeyrek 2025 Finansal Sonuç Açıklaması Takvimi,DG,https://www.kap.org.tr/tr/Bildirim/1505798
KRDMD,2025-10-20 11:03:06,Özel Durum Açıklaması (Genel),Satışlarımız hk.,ODA,https://www.kap.org.tr/tr/Bildirim/1505717
TUPRS,2025-10-20 08:35:11,Pay Dışında Sermaye Piyasası Aracı İşlemlerine İlişkin Bildirim (Faiz İçeren),TRSTPRS72614 ISIN Kodlu Tahvilin 5. Kupon Faiz Oranının Belirlenmesi ,ODA,https://www.kap.org.tr/tr/Bildirim/1505627
BIMAS,2025-10-18 10:37:57,Payların Geri Alınmasına İlişkin Bildirim,17 Ekim 2025 Tarihli Pay Geri Alım İşlemleri,ODA,https://www.kap.org.tr/tr/Bildirim/1505586
KCHOL,2025-10-17 20:05:04,Özel Durum Açıklaması (Genel),Kredi Sözleşmesi,ODA,https://www.kap.org.tr/tr/Bildirim/1505577
AKBNK,2025-10-17 18:03:46,İhraç Tavanına İlişkin Bildirim,Yurt Dışı Borçlanma Aracı Senelik İzin Yenileme Başvurusu,ODA,https://www.kap.org.tr/tr/Bildirim/1505513
AKBNK,2025-10-17 18:03:32,İhraç Tavanına İlişkin Bildirim,Yurt Dışı Yeşil/Sürdürülebilir Temalı Borçlanma Aracı Senelik İzin Yenileme Başvurusu,ODA,https://www.kap.org.tr/tr/Bildirim/1505512
TKFEN,2025-10-17 17:25:06,Finansal Rapor Ek Süre Taleplerine İlişkin SPK Değerlendirmesi,Finansal Rapor Ek Süre Taleplerine İlişkin SPK Değerlendirmesi,DKB,https://www.kap.org.tr/tr/Bildirim/1505478
EREGL,2025-10-17 17:16:38,Borsada İşlem Gören Tipe Dönüşüm Duyurusu,DÖNÜŞÜM,DKB,https://www.kap.org.tr/tr/Bildirim/1505475
ASELS,2025-10-17 12:09:35,Pay Bazında Devre Kesici Bildirimi,ASELS.E İşlem Sırasında Devre Kesici Uygulaması Başlamıştır,DKB,https://www.kap.org.tr/tr/Bildirim/1505341
EKGYO,2025-10-17 11:42:48,Özel Durum Açıklaması (Genel),İstanbul Esenler Atışalanı 4. Etap 2. Oturum İhale Tarihi,ODA,https://www.kap.org.tr/tr/Bildirim/1505315
EKGYO,2025-10-17 11:18:08,Özel Durum Açıklaması (Genel),2025 3. Çeyrek Satış Raporu,ODA,https://www.kap.org.tr/tr/Bildirim/1505278
PETKM,2025-10-17 10:52:41,Pay Bazında Devre Kesici Bildirimi,PETKM.E İşlem Sırasında Devre Kesici Uygulaması Başlamıştır,DKB,https://www.kap.org.tr/tr/Bildirim/1505254
SISE,2025-10-17 09:24:14,Şirket Genel Bilgi Formu,,DG,https://www.kap.org.tr/tr/Bildirim/1505184
SAHOL,2025-10-17 07:36:28,Şirket Genel Bilgi Formu,,DG,https://www.kap.org.tr/tr/Bildirim/1505164
SAHOL,2025-10-17 07:29:59,Özel Durum Açıklaması (Genel),Sabancı İklim Teknolojileri A.Ş.?nin Sermaye Artırımına İlişkin Bilgilendirme,ODA,https://www.kap.org.tr/tr/Bildirim/1505163
BIMAS,2025-10-16 22:09:40,Payların Geri Alınmasına İlişkin Bildirim,16 Ekim 2025 Tarihli Pay Geri Alım İşlemleri,ODA,https://www.kap.org.tr/tr/Bildirim/1505150
TCELL,2025-10-16 21:49:57,İhale Süreci / Sonucu,BTK İhalesi Sonucu,ODA,https://www.kap.org.tr/tr/Bildirim/1505148
GARAN,2025-10-16 18:15:08,Pay Dışında Sermaye Piyasası Aracı İşlemlerine İlişkin Bildirim (Faiz İçeren),MTN ihracı itfası ,ODA,https://www.kap.org.tr/tr/Bildirim/1505102
AKBNK,2025-10-16 17:54:04,İhraç Tavanına İlişkin Bildirim,Yurt İçi Borçlanma Aracı İhracı İçin Genel Müdürlüğe Yetki Verilmesi,ODA,https://www.kap.org.tr/tr/Bildirim/1505086
AKBNK,2025-10-16 17:53:56,İhraç Tavanına İlişkin Bildirim,Yurt İçi Borçlanma Aracı İhracı İçin Genel Müdürlüğe Yetki Verilmesi,ODA,https://www.kap.org.tr/tr/Bildirim/1505085
AKBNK,2025-10-16 17:53:47,İhraç Tavanına İlişkin Bildirim,Yurt İçi Borçlanma Aracı İhracı İçin Genel Müdürlüğe Yetki Verilmesi,ODA,https://www.kap.org.tr/tr/Bildirim/1505084
PETKM,2025-10-16 17:24:08,Pay Bazında Devre Kesici Bildirimi,PETKM.E İşlem Sırasında Devre Kesici Uygulaması Başlamıştır,DKB,https://www.kap.org.tr/tr/Bildirim/1505063
BIMAS,2025-10-16 16:53:09,Pay Alım Satım Bildirimi,"Pay Alım Satım Bildirimi
",DKB,https://www.kap.org.tr/tr/Bildirim/1505037
PETKM,2025-10-16 15:35:28,Pay Bazında Devre Kesici Bildirimi,PETKM.E İşlem Sırasında Devre Kesici Uygulaması Başlamıştır,DKB,https://www.kap.org.tr/tr/Bildirim/1505002
ISCTR,2025-10-16 11:50:12,Pay Dışında Sermaye Piyasası Aracı İşlemlerine İlişkin Bildirim (Faiz İçeren),Yurtdışı Piyasalara Tahvil İhracı,ODA,https://www.kap.org.tr/tr/Bildirim/1504942
ISCTR,2025-10-16 11:49:47,Pay Dışında Sermaye Piyasası Aracı İşlemlerine İlişkin Bildirim (Faiz İçeren),Yurtdışı Piyasalara Tahvil İhracı,ODA,https://www.kap.org.tr/tr/Bildirim/1504941
YKBNK,2025-10-16 11:44:54,Pay Dışında Sermaye Piyasası Aracı İşlemlerine İlişkin Bildirim (Faiz İçeren),Yurtdışında ihraç edilen borçlanma aracının itfası,ODA,https://www.kap.org.tr/tr/Bildirim/1504939
SASA,2025-10-16 08:30:21,Özel Durum Açıklaması (Genel),Rafineri Konfigürasyon Çalışması için ihale sürecine başlanması,ODA,https://www.kap.org.tr/tr/Bildirim/1504866
TCELL,2025-10-15 18:43:02,Şirket Genel Bilgi Formu,,DG,https://www.kap.org.tr/tr/Bildirim/1504838
TCELL,2025-10-15 18:42:27,Özel Durum Açıklaması (Genel),Eurobond (Tahvil) İtfasına İlişkin Bildirim,ODA,https://www.kap.org.tr/tr/Bildirim/1504837
TOASO,2025-10-15 18:25:48,Finansal Takvim,Finansal Takvim,DG,https://www.kap.org.tr/tr/Bildirim/1504823
KCHOL,2025-10-15 18:15:41,Özel Durum Açıklaması (Genel),Bağlı ortaklık yönetim kurulunca kâr payı avansı dağıtımına ilişkin karar alınması,ODA,https://www.kap.org.tr/tr/Bildirim/1504817
GARAN,2025-10-15 18:14:25,Pay Dışında Sermaye Piyasası Aracı İşlemlerine İlişkin Bildirim (Faiz İçeren),Bankamızca yurtdışında ihraç edilen sermaye benzeri tahvil ihracının tamamlanması,ODA,https://www.kap.org.tr/tr/Bildirim/1504813
EKGYO,2025-10-15 15:52:52,Özel Durum Açıklaması (Genel),Muğla Bodrum Ortakent 2. Etap İhale İlanı,ODA,https://www.kap.org.tr/tr/Bildirim/1504716
AKBNK,2025-10-15 14:23:57,Pay Dışında Sermaye Piyasası Aracı İşlemlerine İlişkin Bildirim (Faiz İçeren),XS2913289463 ISIN Kodlu Yeşil/Sürdürülebilir Temalı Tahvilin İtfası,ODA,https://www.kap.org.tr/tr/Bildirim/1504671
EKGYO,2025-10-15 14:19:11,Pay Dışında Sermaye Piyasası Aracı İşlemlerine İlişkin Bildirim (Faizsiz),Yurtiçi Kira Sertifikası İtfa ve Getiri Ödemesi,ODA,https://www.kap.org.tr/tr/Bildirim/1504670
GARAN,2025-10-28 13:03:13,Borsada İşlem Gören Tipe Dönüşüm Duyurusu,DÖNÜŞÜM,DKB,https://www.kap.org.tr/tr/Bildirim/1508691
HALKB,2025-10-28 13:03:13,Borsada İşlem Gören Tipe Dönüşüm Duyurusu,DÖNÜŞÜM,DKB,https://www.kap.org.tr/tr/Bildirim/1508691
TOASO,2025-10-28 13:03:13,Borsada İşlem Gören Tipe Dönüşüm Duyurusu,DÖNÜŞÜM,DKB,https://www.kap.org.tr/tr/Bildirim/1508691
THYAO,2025-10-28 13:03:13,Borsada İşlem Gören Tipe Dönüşüm Duyurusu,DÖNÜŞÜM,DKB,https://www.kap.org.tr/tr/Bildirim/1508691
HALKB,2025-10-28 11:58:52,"Borçlanma Araçları, Yatırım Fonları ve Varant İtfa/Kupon/Getiri/ Nakdi Uzlaşı Ödeme İşlemleri","Borçlanma Araçları, Yatırım Fonları ve Varant İtfa/Kupon/Getiri/ Nakdi Uzlaşı Ödeme İşlemleri",DKB,https://www.kap.org.tr/tr/Bildirim/1508664
TOASO,2025-10-28 10:32:15,Kurumsal Yönetim İlkelerine Uyum Derecelendirmesi,Kurumsal Yönetim Derecelendirme Not Bildirimi,ODA,https://www.kap.org.tr/tr/Bildirim/1508625
TCELL,2025-10-28 10:27:00,Endekslerde Kullanılan Fiili Dolaşımdaki Pay Oranı Değişiklikleri,-,DKB,https://www.kap.org.tr/tr/Bildirim/1508619
HALKB,2025-10-28 10:24:20,Pay Dışında Sermaye Piyasası Aracı İşlemlerine İlişkin Bildirim (Faiz İçeren),Yurtiçinde Nitelikli Yatırımcılara Sermaye Benzeri Tahvil Kupon İtfası,ODA,https://www.kap.org.tr/tr/Bildirim/1508618
ISCTR,2025-10-28 09:58:01,Pay Dışında Sermaye Piyasası Aracı İşlemlerine İlişkin Bildirim (Faiz İçeren),Yurtiçi TL cinsi katkı sermaye hesaplamasına dahil edilecek borçlanma aracı kupon ödemesi,ODA,https://www.kap.org.tr/tr/Bildirim/1508599
SISE,2025-10-28 08:17:00,Özel Durum Açıklaması (Genel),Sermaye Piyasası Kurulu'na Yapılan Başvuru,ODA,https://www.kap.org.tr/tr/Bildirim/1508572
ARCLK,2025-10-28 07:31:32,Geleceğe Dönük Değerlendirmeler,2025 Yılı Geleceğe Yönelik Beklentilerin Güncellenmesi,ODA,https://www.kap.org.tr/tr/Bildirim/1508570
FROTO,2025-10-27 19:48:19,Pay Dışında Sermaye Piyasası Aracı İşlemlerine İlişkin Bildirim (Faiz İçeren),XS2782775345 ISIN Kodlu Tahvilin Kupon Ödemesi,ODA,https://www.kap.org.tr/tr/Bildirim/1508516
GARAN,2025-10-27 18:46:21,Özel Durum Açıklaması (Genel),Bankamız iştiraki Garanti Bank International N.V.?nin sermaye artırımı.  ,ODA,https://www.kap.org.tr/tr/Bildirim/1508490
TOASO,2025-10-27 18:38:53,Birleşme İşlemlerine İlişkin Bildirim,Kolaylaştırılmış Usulde Birleşmeye İlişkin SPK Onayı Hk.,ODA,https://www.kap.org.tr/tr/Bildirim/1508478
AKBNK,2025-10-27 18:05:56,Pay Dışında Sermaye Piyasası Aracı İşlemlerine İlişkin Bildirim (Faiz İçeren),XS2920404402 ISIN Kodlu Yeşil/Sürdürülebilir Temalı Tahvilin İtfası,ODA,https://www.kap.org.tr/tr/Bildirim/1508374
HALKB,2025-10-27 17:58:42,Pay Dışında Sermaye Piyasası Aracı İşlemlerine İlişkin Bildirim (Faiz İçeren),Yurtiçinde Nitelikli Yatırımcılara Sermaye Benzeri Tahvil Kupon Oranı,ODA,https://www.kap.org.tr/tr/Bildirim/1508373
YKBNK,2025-10-27 17:41:04,Şirket Genel Bilgi Formu,,DG,https://www.kap.org.tr/tr/Bildirim/1508352
YKBNK,2025-10-27 17:40:48,Pay Dışında Sermaye Piyasası Aracı İşlemlerine İlişkin Bildirim (Faiz İçeren),Yurtdışında borçlanma aracı ihracının tamamlanması,ODA,https://www.kap.org.tr/tr/Bildirim/1508350
KCHOL,2025-10-27 17:14:12,Borsada İşlem Gören Tipe Dönüşüm Duyurusu,DÖNÜŞÜM,DKB,https://www.kap.org.tr/tr/Bildirim/1508322
TOASO,2025-10-27 16:26:29,Pay Bazında Devre Kesici Bildirimi,TOASO.E İşlem Sırasında Devre Kesici Uygulaması Başlamıştır,DKB,https://www.kap.org.tr/tr/Bildirim/1508291
TAVHL,2025-10-27 16:08:09,Birleşme İşlemlerine İlişkin Bildirim,"Şirketimizin %100 sahip olduğu TAV Esenboğa Yatırım Yapım ve İşletme A.Ş'nin, Şirketimiz tarafından devir alınması suretiyle, kolaylaştırılmış usulde birleşmesine ilişkin SPK Onayı Hk.",ODA,https://www.kap.org.tr/tr/Bildirim/1508282
GARAN,2025-10-27 15:15:08,İhraç Tavanına İlişkin Bildirim,Yurtdışı Piyasalara Biyoçeşitlilik ve Mavi Temalı Tahvil İhracı,ODA,https://www.kap.org.tr/tr/Bildirim/1508253
EKGYO,2025-10-27 09:42:11,Likidite Sağlayıcılık Kapsamındaki İşlemler,Emlak Konut Damlakent Projesi Gayrimenkul Sertifikalarında (DMLKT.G) Likidite Sağlayacılık Kapsamında Gerçekleştirilen İşlemler 13.10.2025-24.10.2025 ,DG,https://www.kap.org.tr/tr/Bildirim/1508117
EKGYO,2025-10-27 09:22:27,Özel Durum Açıklaması (Genel),Muğla Bodrum Ortakent 2. Etap 1. Oturum Sonucu,ODA,https://www.kap.org.tr/tr/Bildirim/1508103
EKGYO,2025-10-27 09:22:13,Değerleme Raporu ,Nezihpark Bahçekent  Yıl Sonu Değerleme Raporu,DG,https://www.kap.org.tr/tr/Bildirim/1508102
AKBNK,2025-10-27 09:01:06,Özel Durum Açıklaması (Genel),Sendikasyon Kredisi Hakkında,ODA,https://www.kap.org.tr/tr/Bildirim/1508086
KONTR,2025-10-24 19:57:00,Sermaye Artırımından Elde Edilecek - Edilen Fonun Kullanımına İlişkin Rapor,Bedelli Sermaye Artırımından Elde Edilecek Fonun Kullanımına İlişkin Rapor,DG,https://www.kap.org.tr/tr/Bildirim/1508055
PETKM,2025-10-24 19:09:42,Kredi Derecelendirmesi,Kredi Derecelendirmesi,ODA,https://www.kap.org.tr/tr/Bildirim/1508046
GUBRF,2025-10-24 19:03:32,Özel Durum Açıklaması (Genel),Merkez Adres Değişikliği,ODA,https://www.kap.org.tr/tr/Bildirim/1508038
ARCLK,2025-10-24 18:27:26,Şirket Genel Bilgi Formu,,DG,https://www.kap.org.tr/tr/Bildirim/1507977
ARCLK,2025-10-24 18:27:12,Özel Durum Açıklaması (Genel),2025 3. çeyrek finansal tabloların açıklanması,ODA,https://www.kap.org.tr/tr/Bildirim/1507976
ARCLK,2025-10-24 18:27:02,Özel Durum Açıklaması (Genel),2025 Yılı Geleceğe Yönelik Beklentilerin Güncellenmesi,ODA,https://www.kap.org.tr/tr/Bildirim/1507975
ARCLK,2025-10-24 18:26:39,Faaliyet Raporu (Konsolide),Ara Dönem Faaliyet Raporu,FR,https://www.kap.org.tr/tr/Bildirim/1507974
ARCLK,2025-10-24 18:26:29,Finansal Rapor,,FR,https://www.kap.org.tr/tr/Bildirim/1507973
ARCLK,2025-10-24 18:26:15,Sorumluluk Beyanı (Konsolide),Sorumluluk Beyanı,FR,https://www.kap.org.tr/tr/Bildirim/1507971
ARCLK,2025-10-24 18:23:56,Özel Durum Açıklaması (Genel),Üst Düzey Yönetici Değişikliği,ODA,https://www.kap.org.tr/tr/Bildirim/1507968
PETKM,2025-10-24 18:19:23,Kredi Derecelendirmesi,KREDİ DERECELENDİRME BİLDİRİMİ,ODA,https://www.kap.org.tr/tr/Bildirim/1507953
TOASO,2025-10-24 18:15:09,Kurumsal Yönetim İlkelerine Uyum Derecelendirmesi,Kurumsal Yönetim Derecelendirme Raporu Dönem Revizyonu Hakkında,ODA,https://www.kap.org.tr/tr/Bildirim/1507928
MGROS,2025-10-24 16:45:53,Borsada İşlem Gören Tipe Dönüşüm Duyurusu,DÖNÜŞÜM,DKB,https://www.kap.org.tr/tr/Bildirim/1507832
THYAO,2025-10-24 15:53:17,Kredi Derecelendirmesi,JCR Avrasya Kredi Derecelendirme Notu,ODA,https://www.kap.org.tr/tr/Bildirim/1507789
EREGL,2025-10-24 15:44:54,Kredi Derecelendirmesi,JCR Avrasya Kredi Derecelendirme Notu,ODA,https://www.kap.org.tr/tr/Bildirim/1507787
EREGL,2025-10-24 15:25:23,Kredi Derecelendirmesi,KREDİ DERECELENDİRME BİLDİRİMİ,ODA,https://www.kap.org.tr/tr/Bildirim/1507771
THYAO,2025-10-24 15:24:51,Kredi Derecelendirmesi,KREDİ DERECELENDİRME BİLDİRİMİ,ODA,https://www.kap.org.tr/tr/Bildirim/1507769
ISCTR,2025-10-24 11:55:50,Pay Dışında Sermaye Piyasası Aracı İşlemlerine İlişkin Bildirim (Faiz İçeren),24.10.2025 vadeli T. İş Bankası A.Ş. Finansman Bonosu İtfası Hakkında ,ODA,https://www.kap.org.tr/tr/Bildirim/1507677
TAVHL,2025-10-24 11:04:47,Birleşme İşlemlerine İlişkin Bildirim,"Şirketimizin %100 sahip olduğu TAV Esenboğa Yatırım Yapım ve İşletme A.Ş'nin, Şirketimiz tarafından devir alınması suretiyle, kolaylaştırılmış usulde birleşmesine ilişkin SPK Onayı Hk.",ODA,https://www.kap.org.tr/tr/Bildirim/1507659
GARAN,2025-10-23 19:55:29,Pay Dışında Sermaye Piyasası Aracı İşlemlerine İlişkin Bildirim (Faiz İçeren),MTN ihracı itfası ,ODA,https://www.kap.org.tr/tr/Bildirim/1507514
TAVHL,2025-10-23 18:28:43,Geleceğe Dönük Değerlendirmeler,Geleceğe Dönük Değerlendirmeler,ODA,https://www.kap.org.tr/tr/Bildirim/1507425
TAVHL,2025-10-23 18:26:37,Özel Durum Açıklaması (Genel),9A25 Finansalları Hk.,ODA,https://www.kap.org.tr/tr/Bildirim/1507424
TAVHL,2025-10-23 18:16:19,Sorumluluk Beyanı (Konsolide),TAVHL Sorumluluk Beyanı,FR,https://www.kap.org.tr/tr/Bildirim/1507411
TAVHL,2025-10-23 18:16:03,Faaliyet Raporu (Konsolide),TAVHL Faaliyet Raporu,FR,https://www.kap.org.tr/tr/Bildirim/1507409
AKBNK,2025-10-23 18:15:49,Sorumluluk Beyanı (Konsolide),30-09-2025 Akbank Konsolide Sorumluluk Beyanı,FR,https://www.kap.org.tr/tr/Bildirim/1507408
TAVHL,2025-10-23 18:15:48,Finansal Rapor,,FR,https://www.kap.org.tr/tr/Bildirim/1507407
AKBNK,2025-10-23 18:15:37,Sorumluluk Beyanı (Konsolide Olmayan),30-09-2025 Akbank Konsolide Olmayan Sorumluluk Beyanı,FR,https://www.kap.org.tr/tr/Bildirim/1507406
AKBNK,2025-10-23 18:15:23,Finansal Rapor,,FR,https://www.kap.org.tr/tr/Bildirim/1507402
AKBNK,2025-10-23 18:15:09,Finansal Rapor,,FR,https://www.kap.org.tr/tr/Bildirim/1507401
ISCTR,2025-10-23 17:07:15,Finansal Takvim,Finansal Takvim (2025 3. Çeyrek),DG,https://www.kap.org.tr/tr/Bildirim/1507323
VAKBN,2025-10-23 17:00:44,Pay Dışında Sermaye Piyasası Aracı İşlemlerine İlişkin Bildirim (Faiz İçeren),Yurt İçinde Nitelikli Yatırımcılara İhraç Edilen Katkı Sermaye Hesaplamasına Dahil Edilecek Türk Lirası Borçlanma Aracının 6. Kupon Ödemesi,ODA,https://www.kap.org.tr/tr/Bildirim/1507319
VAKBN,2025-10-23 16:58:18,Pay Dışında Sermaye Piyasası Aracı İşlemlerine İlişkin Bildirim (Faiz İçeren),Yurt İçinde Nitelikli Yatırımcılara İhraç Edilen Katkı Sermaye Hesaplamasına Dahil Edilecek Türk Lirası Borçlanma Aracının 6. Kupon Ödemesi,ODA,https://www.kap.org.tr/tr/Bildirim/1507315
ASELS,2025-10-23 16:04:45,Özel Durum Açıklaması (Genel),Ortak Girişim Şirketi Anlaşması,ODA,https://www.kap.org.tr/tr/Bildirim/1507217
ISCTR,2025-10-23 15:08:24,Pay Dışında Sermaye Piyasası Aracı İşlemlerine İlişkin Bildirim (Faiz İçeren),Yurtdışı Piyasalara Tahvil İhracı,ODA,https://www.kap.org.tr/tr/Bildirim/1507170
PGSUS,2025-10-23 15:07:19,Finansal Takvim,Finansal Takvim,DG,https://www.kap.org.tr/tr/Bildirim/1507168
ODAS,2025-10-23 10:11:09,Pay Bazında Devre Kesici Bildirimi,ODAS.E İşlem Sırasında Devre Kesici Uygulaması Başlamıştır,DKB,https://www.kap.org.tr/tr/Bildirim/1507030
TCELL,2025-10-23 09:05:07,Kamuyu Aydınlatma Platformu Duyurusu,Özel Durumlar Tebliği'nin 12-(4). maddesi gereğince yapılan açıklama,DKB,https://www.kap.org.tr/tr/Bildirim/1506972
HALKB,2025-10-22 20:27:36,Maddi Duran Varlık Satımı,İFM B Blok kısmi satışı Hk.,ODA,https://www.kap.org.tr/tr/Bildirim/1506939
HALKB,2025-10-22 20:27:29,Maddi Duran Varlık Alımı,Gayrimenkul Alımı Hakkında,ODA,https://www.kap.org.tr/tr/Bildirim/1506938
HALKB,2025-10-22 20:27:07,Maddi Duran Varlık Satımı,Dilovası C Blok satışı,ODA,https://www.kap.org.tr/tr/Bildirim/1506937
HALKB,2025-10-22 20:26:47,Maddi Duran Varlık Alımı,Gayrimenkul Alımı Hakkında,ODA,https://www.kap.org.tr/tr/Bildirim/1506936
ISCTR,2025-10-22 19:46:32,Özel Durum Açıklaması (Genel),Bankamız Genel Müdür Yardımcılığı Görevinde Meydana Gelen Değişiklik Hakkında,ODA,https://www.kap.org.tr/tr/Bildirim/1506929
KRDMD,2025-10-22 18:01:49,Özel Durum Açıklaması (Genel),Satışlarımız Hk.,ODA,https://www.kap.org.tr/tr/Bildirim/1506861
VAKBN,2025-10-22 17:47:11,Özel Durum Açıklaması (Genel),Bankalarda İyi Ücretlendirme Uygulamalarına İlişkin Rehber kapsamında geri alınan paylar,ODA,https://www.kap.org.tr/tr/Bildirim/1506845
ARCLK,2025-10-22 16:41:02,Borsada İşlem Gören Tipe Dönüşüm Duyurusu,DÖNÜŞÜM,DKB,https://www.kap.org.tr/tr/Bildirim/1506808
VAKBN,2025-10-22 14:10:23,Pay Dışında Sermaye Piyasası Aracı İşlemlerine İlişkin Bildirim (Faiz İçeren),Borçlanma Araçlarına İlişkin SPK Başvurusu,ODA,https://www.kap.org.tr/tr/Bildirim/1506721
TAVHL,2025-10-22 12:08:52,Kredi Derecelendirmesi,JCR Avrasya Kredi Derecelendirme Notu,ODA,https://www.kap.org.tr/tr/Bildirim/1506698
TAVHL,2025-10-22 12:00:31,Kredi Derecelendirmesi,KREDİ DERECELENDİRME BİLDİRİMİ,ODA,https://www.kap.org.tr/tr/Bildirim/1506696
BIMAS,2025-11-04 22:52:24,Payların Geri Alınmasına İlişkin Bildirim,04 Kasım 2025 Tarihli Pay Geri Alım İşlemleri,ODA,https://www.kap.org.tr/tr/Bildirim/1511385
ASELS,2025-11-04 18:41:03,Şirket Genel Bilgi Formu,,DG,https://www.kap.org.tr/tr/Bildirim/1511317
ASELS,2025-11-04 18:38:34,Sorumluluk Beyanı (Konsolide),4 Kasım 2025 AS011-2025-0023,FR,https://www.kap.org.tr/tr/Bildirim/1511316
ASELS,2025-11-04 18:38:15,Faaliyet Raporu (Konsolide),4 Kasım 2025 1284 Sayılı Yönetim Kurulu Kararı,FR,https://www.kap.org.tr/tr/Bildirim/1511314
ASELS,2025-11-04 18:37:58,Finansal Rapor,,FR,https://www.kap.org.tr/tr/Bildirim/1511313
EKGYO,2025-11-04 18:31:33,Pay Dışında Sermaye Piyasası Aracı İşlemlerine İlişkin Bildirim (Faizsiz),Yurtiçi Kira Sertifikası İhracı Nitelikli Yatırımcıya Satışın Tamamlanması Hk.,ODA,https://www.kap.org.tr/tr/Bildirim/1511307
EKGYO,2025-11-04 18:31:17,Pay Dışında Sermaye Piyasası Aracı İşlemlerine İlişkin Bildirim (Faizsiz),Yurtiçi Kira Sertifikası İhracı Nitelikli Yatırımcıya Satışın Tamamlanması Hk.,ODA,https://www.kap.org.tr/tr/Bildirim/1511304
SAHOL,2025-11-04 18:23:37,Özel Durum Açıklaması (Genel),30.09.2025 Tarihli Finansal Sonuçlar Bilgilendirme Bülteni,ODA,https://www.kap.org.tr/tr/Bildirim/1511285
SAHOL,2025-11-04 18:17:31,Sorumluluk Beyanı (Konsolide),30 Eylül 2025 Sorumluluk Beyanı ,FR,https://www.kap.org.tr/tr/Bildirim/1511261
SAHOL,2025-11-04 18:16:52,Faaliyet Raporu (Konsolide),30 Eylül 2025 Konsolide Faaliyet Raporu,FR,https://www.kap.org.tr/tr/Bildirim/1511259
SAHOL,2025-11-04 18:16:14,Finansal Rapor,,FR,https://www.kap.org.tr/tr/Bildirim/1511255
ISCTR,2025-11-04 18:11:37,Özel Durum Açıklaması (Genel),Tahsili Gecikmiş Alacak Portföyü Alımı,ODA,https://www.kap.org.tr/tr/Bildirim/1511243
EREGL,2025-11-04 18:11:24,Özel Durum Açıklaması (Genel),Alacahan Altın Projesi Mümkün Kaynak Tespiti (UMREK ve JORC Uyumlu),ODA,https://www.kap.org.tr/tr/Bildirim/1511242
EKGYO,2025-11-04 18:04:15,Özel Durum Açıklaması (Genel),Muğla Bodrum Ortakent  2. Etap 2. Oturum Sonucu,ODA,https://www.kap.org.tr/tr/Bildirim/1511235
YKBNK,2025-11-04 17:55:55,Pay Dışında Sermaye Piyasası Aracı İşlemlerine İlişkin Bildirim (Faiz İçeren),Yurtdışında borçlanma aracı ihracının tamamlanması,ODA,https://www.kap.org.tr/tr/Bildirim/1511229
YKBNK,2025-11-04 17:55:39,Pay Dışında Sermaye Piyasası Aracı İşlemlerine İlişkin Bildirim (Faiz İçeren),Yurtdışında borçlanma aracı ihracının tamamlanması,ODA,https://www.kap.org.tr/tr/Bildirim/1511228
YKBNK,2025-11-04 17:55:17,Pay Dışında Sermaye Piyasası Aracı İşlemlerine İlişkin Bildirim (Faiz İçeren),Yurtdışında borçlanma aracı ihracının tamamlanması,ODA,https://www.kap.org.tr/tr/Bildirim/1511227
SISE,2025-11-04 17:42:35,"Borçlanma Araçları, Yatırım Fonları ve Varant İtfa/Kupon/Getiri/ Nakdi Uzlaşı Ödeme İşlemleri","Borçlanma Araçları, Yatırım Fonları ve Varant İtfa/Kupon/Getiri/ Nakdi Uzlaşı Ödeme İşlemleri",DKB,https://www.kap.org.tr/tr/Bildirim/1511218
TOASO,2025-11-04 17:15:25,Pay Bazında Devre Kesici Bildirimi,TOASO.E İşlem Sırasında Devre Kesici Uygulaması Başlamıştır,DKB,https://www.kap.org.tr/tr/Bildirim/1511194
GUBRF,2025-11-04 16:59:12,Özel Durum Açıklaması (Genel),Kamuoyu Duyurusu Hk.,ODA,https://www.kap.org.tr/tr/Bildirim/1511186
TUPRS,2025-11-04 16:38:49,Pay Bazında Devre Kesici Bildirimi,TUPRS.E İşlem Sırasında Devre Kesici Uygulaması Başlamıştır,DKB,https://www.kap.org.tr/tr/Bildirim/1511166
SISE,2025-11-04 15:31:02,Pay Dışında Sermaye Piyasası Aracı İşlemlerine İlişkin Bildirim (Faiz İçeren),TRSSISEK2519 Numaralı Tahvilin Kupon Ödemesi ve İtfası,ODA,https://www.kap.org.tr/tr/Bildirim/1511092
GUBRF,2025-11-04 11:40:45,Pay Bazında Devre Kesici Bildirimi,GUBRF.E İşlem Sırasında Devre Kesici Uygulaması Başlamıştır,DKB,https://www.kap.org.tr/tr/Bildirim/1510946
EKGYO,2025-11-04 11:37:26,Özel Durum Açıklaması (Genel),İstanbul Başakşehir Damla Kent Projesi B Etabı 1. Kısım Sözleşme İmzalanması,ODA,https://www.kap.org.tr/tr/Bildirim/1510945
EKGYO,2025-11-04 11:37:12,Özel Durum Açıklaması (Genel),İstanbul Başakşehir Damla Kent Projesi B Etabı 2. Kısım Sözleşme İmzalanması,ODA,https://www.kap.org.tr/tr/Bildirim/1510944
EKGYO,2025-11-04 11:36:57,Özel Durum Açıklaması (Genel),İstanbul Başakşehir Damla Kent Projesi A Etabı 3. Kısım Sözleşme İmzalanması,ODA,https://www.kap.org.tr/tr/Bildirim/1510943
EKGYO,2025-11-04 11:36:39,Özel Durum Açıklaması (Genel),İstanbul Başakşehir Damla Kent Projesi A Etabı 2. Kısım Sözleşme İmzalanması,ODA,https://www.kap.org.tr/tr/Bildirim/1510942
EKGYO,2025-11-03 19:13:23,Özel Durum Açıklaması (Genel),İstanbul Esenler Atışlanı 4. Etap 2. Oturum Sonucu,ODA,https://www.kap.org.tr/tr/Bildirim/1510791
EKGYO,2025-11-03 19:12:52,Özel Durum Açıklaması (Genel),İstanbul Başakşehir Damla Kent Projesi A Etabı 1. Kısım Sözleşme İmzalanması,ODA,https://www.kap.org.tr/tr/Bildirim/1510790
TOASO,2025-11-03 19:09:53,Sorumluluk Beyanı (Konsolide),Sermaye Piyasası Kurulunun İlgili Tebliği gereğince hazırlanan Sorumluluk Beyanı,FR,https://www.kap.org.tr/tr/Bildirim/1510789
TOASO,2025-11-03 19:09:38,Faaliyet Raporu (Konsolide),01.01.2025 - 30.09.2025 dönemine ait 3. Çeyrek Ara Dönem Faaliyet Raporu,FR,https://www.kap.org.tr/tr/Bildirim/1510788
TOASO,2025-11-03 19:09:22,Finansal Rapor,,FR,https://www.kap.org.tr/tr/Bildirim/1510787
HALKB,2025-11-03 18:34:11,Maddi Duran Varlık Satımı,İFM B Blok kısmi satışı Hk.,ODA,https://www.kap.org.tr/tr/Bildirim/1510762
PGSUS,2025-11-03 18:30:43,Kredi Derecelendirmesi,Kredi Derecelendirmesi,ODA,https://www.kap.org.tr/tr/Bildirim/1510758
SISE,2025-11-03 18:21:54,Finansal Takvim,2025 3. Çeyrek Finansal Sonuçlarını Açıklama Tarihi,DG,https://www.kap.org.tr/tr/Bildirim/1510718
SASA,2025-11-03 18:16:47,Sorumluluk Beyanı (Konsolide),01.01.2025-30.09.2025 Rapor Dönemine Ait Sorumluluk Beyanı,FR,https://www.kap.org.tr/tr/Bildirim/1510676
SASA,2025-11-03 18:16:27,Faaliyet Raporu (Konsolide),01.01.2025 - 30.09.2025 Dönemine ait Faaliyet Raporu,FR,https://www.kap.org.tr/tr/Bildirim/1510675
SASA,2025-11-03 18:15:52,Finansal Rapor,,FR,https://www.kap.org.tr/tr/Bildirim/1510674
GARAN,2025-11-03 18:11:36,Pay Dışında Sermaye Piyasası Aracı İşlemlerine İlişkin Bildirim (Faiz İçeren),Yurtdışı Piyasalara Biyoçeşitlilik ve Mavi Temalı Tahvil İhracı,ODA,https://www.kap.org.tr/tr/Bildirim/1510654
ISCTR,2025-11-03 17:44:45,İhraç Tavanına İlişkin Bildirim,Yurtiçi Yeşil/Sürdürülebilir Borçlanma Aracı İhracına İlişkin Yönetim Kurulu Kararı,ODA,https://www.kap.org.tr/tr/Bildirim/1510633
ISCTR,2025-11-03 17:44:09,İhraç Tavanına İlişkin Bildirim,Yurtiçinde Sermaye Benzeri Tahvil İhracına İlişkin Yönetim Kurulu Kararı ,ODA,https://www.kap.org.tr/tr/Bildirim/1510631
ISCTR,2025-11-03 17:43:36,İhraç Tavanına İlişkin Bildirim,Borçlanma Aracı İhracı İçin Karar Alınması ve Genel Müdürlüğe Yetki Verilmesi ,ODA,https://www.kap.org.tr/tr/Bildirim/1510630
ISCTR,2025-11-03 17:42:44,İhraç Tavanına İlişkin Bildirim,Yurt Dışında Yeşil ve/veya Sürdürülebilir Tahvil ve/veya Finansman Bonosu Türünden Borçlanma Aracı İhracı için Genel Müdürlüğe Yetki Verilmesi ,ODA,https://www.kap.org.tr/tr/Bildirim/1510629
ISCTR,2025-11-03 17:42:25,İhraç Tavanına İlişkin Bildirim,Yurt Dışında Tahvil veya Bono İhracı İçin Genel Müdürlüğe Yetki Verilmesi ,ODA,https://www.kap.org.tr/tr/Bildirim/1510627
SISE,2025-11-03 16:34:11,Borsada İşlem Gören Tipe Dönüşüm Duyurusu,DÖNÜŞÜM,DKB,https://www.kap.org.tr/tr/Bildirim/1510535
YKBNK,2025-11-03 16:34:11,Borsada İşlem Gören Tipe Dönüşüm Duyurusu,DÖNÜŞÜM,DKB,https://www.kap.org.tr/tr/Bildirim/1510535
FROTO,2025-11-03 16:34:11,Borsada İşlem Gören Tipe Dönüşüm Duyurusu,DÖNÜŞÜM,DKB,https://www.kap.org.tr/tr/Bildirim/1510535
ASELS,2025-11-03 16:34:11,Borsada İşlem Gören Tipe Dönüşüm Duyurusu,DÖNÜŞÜM,DKB,https://www.kap.org.tr/tr/Bildirim/1510535
EKGYO,2025-11-03 16:34:11,Borsada İşlem Gören Tipe Dönüşüm Duyurusu,DÖNÜŞÜM,DKB,https://www.kap.org.tr/tr/Bildirim/1510535
KRDMD,2025-11-03 16:34:11,Borsada İşlem Gören Tipe Dönüşüm Duyurusu,DÖNÜŞÜM,DKB,https://www.kap.org.tr/tr/Bildirim/1510535
SASA,2025-11-03 16:34:11,Borsada İşlem Gören Tipe Dönüşüm Duyurusu,DÖNÜŞÜM,DKB,https://www.kap.org.tr/tr/Bildirim/1510535
EKGYO,2025-11-03 16:19:44,Değerleme Raporu ,Senfoni Etiler Yıl sonu Değerleme Raporu,DG,https://www.kap.org.tr/tr/Bildirim/1510524
EKGYO,2025-11-03 16:13:29,Özel Durum Açıklaması (Genel),Aydın Didim Fevzipaşa 1. Etap İhale İlanı,ODA,https://www.kap.org.tr/tr/Bildirim/1510518
YKBNK,2025-11-03 12:50:50,Özel Durum Açıklaması (Genel),SPK'nın 21.12.2005 ve 22.12.2005 tarihli yazıları çerçevesinde her mali tablo döneminde yapılması gereken açıklama,ODA,https://www.kap.org.tr/tr/Bildirim/1510422
EKGYO,2025-10-31 23:42:08,Sürdürülebilirlik Raporu,2024 Yılı TSRS Uyumlu Sürdürülebilirlik Raporu,DG,https://www.kap.org.tr/tr/Bildirim/1510295
TUPRS,2025-10-31 19:21:02,Özel Durum Açıklaması (Genel),2025 3.Çeyrek Finansal Tabloların Açıklanması,ODA,https://www.kap.org.tr/tr/Bildirim/1510258
ARCLK,2025-10-31 18:41:12,Şirket Genel Bilgi Formu,,DG,https://www.kap.org.tr/tr/Bildirim/1510208
ARCLK,2025-10-31 18:40:37,Özel Durum Açıklaması (Genel),Bağlı Ortaklıkta Sermaye Azaltımı ve Temettü Dağıtımı,ODA,https://www.kap.org.tr/tr/Bildirim/1510206
TOASO,2025-10-31 18:29:38,Şirket Genel Bilgi Formu,,DG,https://www.kap.org.tr/tr/Bildirim/1510186
CIMSA,2025-10-31 18:28:21,Özel Durum Açıklaması (Genel),30 Eylül 2025 Finansal Sonuçlar Bilgilendirme Bülteni,ODA,https://www.kap.org.tr/tr/Bildirim/1510183
CIMSA,2025-10-31 18:28:11,Faaliyet Raporu (Konsolide),30.09.2025 Faaliyet Raporu,FR,https://www.kap.org.tr/tr/Bildirim/1510182
CIMSA,2025-10-31 18:28:03,Finansal Rapor,,FR,https://www.kap.org.tr/tr/Bildirim/1510181
CIMSA,2025-10-31 18:27:44,Sorumluluk Beyanı (Konsolide),30.09.2025 Sorumluluk Beyanı,FR,https://www.kap.org.tr/tr/Bildirim/1510179
TOASO,2025-10-31 18:26:11,Birleşme İşlemlerine İlişkin Bildirim,Devralma suretiyle kolaylaştırılmış usulde birleşme işleminin tescili hakkında,ODA,https://www.kap.org.tr/tr/Bildirim/1510177
SISE,2025-10-31 18:25:05,Özel Durum Açıklaması (Genel),Şirketimiz ana ortağı Türkiye İş Bankası A.Ş.'nin 30.09.2025 tarihli finansal sonuçlarının ilanı hakkında,ODA,https://www.kap.org.tr/tr/Bildirim/1510175
TUPRS,2025-10-31 18:20:18,Geleceğe Dönük Değerlendirmeler,2025 Yılı Geleceğe Yönelik Beklentilerin Güncellenmesi,ODA,https://www.kap.org.tr/tr/Bildirim/1510167
TUPRS,2025-10-31 18:19:54,Faaliyet Raporu (Konsolide),Ara Dönem Faaliyet Raporu,FR,https://www.kap.org.tr/tr/Bildirim/1510165
TUPRS,2025-10-31 18:19:22,Finansal Rapor,,FR,https://www.kap.org.tr/tr/Bildirim/1510162
TUPRS,2025-10-31 18:18:44,Sorumluluk Beyanı (Konsolide),Sorumluluk Beyanı 30.09.2025,FR,https://www.kap.org.tr/tr/Bildirim/1510161
KCHOL,2025-10-31 18:15:15,Özel Durum Açıklaması (Genel),Bağlı ortaklığımız Tek-Art Kalamış ve Fenerbahçe Marmara Turizm Tesisleri A.Ş.?nin finansal duran varlık edinimine ilişkin Rekabet Kurulu izni,ODA,https://www.kap.org.tr/tr/Bildirim/1510150
ISCTR,2025-10-31 18:12:13,Sorumluluk Beyanı (Konsolide),Konsolide Sorumluluk Beyanı,FR,https://www.kap.org.tr/tr/Bildirim/1510128
ISCTR,2025-10-31 18:11:44,Finansal Rapor,,FR,https://www.kap.org.tr/tr/Bildirim/1510126
TKFEN,2025-10-31 18:11:25,Sürdürülebilirlik Raporu,2024 TSRS Uyumlu Sürdürülebilirlik Raporu,DG,https://www.kap.org.tr/tr/Bildirim/1510122
ISCTR,2025-10-31 18:11:04,Sorumluluk Beyanı (Konsolide Olmayan),Konsolide Olmayan Sorumluluk Beyanı,FR,https://www.kap.org.tr/tr/Bildirim/1510118
GARAN,2025-10-31 18:10:35,Pay Dışında Sermaye Piyasası Aracı İşlemlerine İlişkin Bildirim (Faiz İçeren),Yurtdışı Piyasalara Tahvil İhracı SPK Onayı,ODA,https://www.kap.org.tr/tr/Bildirim/1510113
ISCTR,2025-10-31 18:10:22,Finansal Rapor,,FR,https://www.kap.org.tr/tr/Bildirim/1510109
GARAN,2025-10-31 18:10:20,Pay Dışında Sermaye Piyasası Aracı İşlemlerine İlişkin Bildirim (Faiz İçeren),Yurtdışı Piyasalara Tahvil İhracı SPK Onayı,ODA,https://www.kap.org.tr/tr/Bildirim/1510107
BIMAS,2025-10-31 18:08:38,Borsada İşlem Gören Tipe Dönüşüm Duyurusu,DÖNÜŞÜM,DKB,https://www.kap.org.tr/tr/Bildirim/1510100
ASELS,2025-10-31 18:08:38,Borsada İşlem Gören Tipe Dönüşüm Duyurusu,DÖNÜŞÜM,DKB,https://www.kap.org.tr/tr/Bildirim/1510100
HALKB,2025-10-31 17:07:43,"Borçlanma Araçları, Yatırım Fonları ve Varant İtfa/Kupon/Getiri/ Nakdi Uzlaşı Ödeme İşlemleri","Borçlanma Araçları, Yatırım Fonları ve Varant İtfa/Kupon/Getiri/Nakdi Uzlaşı Ödeme İşlemleri",DKB,https://www.kap.org.tr/tr/Bildirim/1509966
EKGYO,2025-10-31 16:38:55,Özel Durum Açıklaması (Genel),Tual Gölkaya Yapı Ruhsatı Tadilatı,ODA,https://www.kap.org.tr/tr/Bildirim/1509940
VAKBN,2025-10-31 14:25:33,Şirket Genel Bilgi Formu,,DG,https://www.kap.org.tr/tr/Bildirim/1509842
HALKB,2025-10-31 10:54:16,Pay Dışında Sermaye Piyasası Aracı İşlemlerine İlişkin Bildirim (Faiz İçeren),Borçlanma Aracı İhracının İtfası,ODA,https://www.kap.org.tr/tr/Bildirim/1509760
YKBNK,2025-10-31 09:04:26,Özel Durum Açıklaması (Genel),Finansal tabloların açıklanması,ODA,https://www.kap.org.tr/tr/Bildirim/1509656
KONTR,2025-10-31 08:59:47,Kamuyu Aydınlatma Platformu Duyurusu,Özel Durumlar Tebliği'nin 12-(4). maddesi gereğince yapılan açıklama,DKB,https://www.kap.org.tr/tr/Bildirim/1509650
EKGYO,2025-10-31 08:56:31,Özel Durum Açıklaması (Genel),Muğla Bodrum Ortakent 2. Etap 2. Oturum Tarihi,ODA,https://www.kap.org.tr/tr/Bildirim/1509649
YKBNK,2025-10-31 08:02:29,Sorumluluk Beyanı (Konsolide Olmayan),Yapı ve Kredi Bankası A.Ş. Konsolide Olmayan  Sorumluluk Beyanı 30.09.2025,FR,https://www.kap.org.tr/tr/Bildirim/1509644
YKBNK,2025-10-31 08:01:59,Sorumluluk Beyanı (Konsolide),Yapı ve Kredi Bankası A.Ş Konsolide Sorumluluk Beyanı 30.09.2025,FR,https://www.kap.org.tr/tr/Bildirim/1509643
YKBNK,2025-10-31 08:01:38,Finansal Rapor,,FR,https://www.kap.org.tr/tr/Bildirim/1509642
YKBNK,2025-10-31 08:01:13,Finansal Rapor,,FR,https://www.kap.org.tr/tr/Bildirim/1509641
BIMAS,2025-10-30 22:10:33,Payların Geri Alınmasına İlişkin Bildirim,30 Ekim 2025 Tarihli Pay Geri Alım İşlemleri,ODA,https://www.kap.org.tr/tr/Bildirim/1509601
ISCTR,2025-10-30 18:47:21,Özel Durum Açıklaması (Genel),Yurt Dışı Şube Faaliyetlerinin Sonlandırılması Hakkında,ODA,https://www.kap.org.tr/tr/Bildirim/1509395
TOASO,2025-10-30 18:45:26,Kurumsal Yönetim İlkelerine Uyum Derecelendirmesi,Kurumsal Yönetim Derecelendirme Raporu Dönem Revizyonu Hakkında,ODA,https://www.kap.org.tr/tr/Bildirim/1509388
GUBRF,2025-10-30 18:41:59,Sürdürülebilirlik Raporu,2024 Sürdürülebilirlik Raporu,DG,https://www.kap.org.tr/tr/Bildirim/1509375
FROTO,2025-10-30 18:38:56,Genel Kurul İşlemlerine İlişkin Bildirim,Olağanüstü Genel Kurul Daveti ve Bilgilendirme Dokümanı,ODA,https://www.kap.org.tr/tr/Bildirim/1509359
FROTO,2025-10-30 18:38:20,Kar Payı Dağıtım İşlemlerine İlişkin Bildirim,Kar Dağıtım Önerisi,ODA,https://www.kap.org.tr/tr/Bildirim/1509356
HALKB,2025-10-30 18:20:55,Özel Durum Açıklaması (Genel),Yabancı Kaynak Temini,ODA,https://www.kap.org.tr/tr/Bildirim/1509272
AKBNK,2025-10-30 18:10:37,Özel Durum Açıklaması (Genel),Tahsili Gecikmiş Alacak Portföyü Alımı ,ODA,https://www.kap.org.tr/tr/Bildirim/1509114
KONTR,2025-10-30 17:05:29,"Borçlanma Araçları, Yatırım Fonları ve Varant İtfa/Kupon/Getiri/ Nakdi Uzlaşı Ödeme İşlemleri","Borçlanma Araçları, Yatırım Fonları ve Varant İtfa/Kupon/Getiri/Nakdi Uzlaşı Ödeme İşlemleri",DKB,https://www.kap.org.tr/tr/Bildirim/1509030
ISCTR,2025-10-30 16:46:34,Pay Dışında Sermaye Piyasası Aracı İşlemlerine İlişkin Bildirim (Faiz İçeren),Yurtdışı Piyasalara Tahvil İhracı,ODA,https://www.kap.org.tr/tr/Bildirim/1509004
ARCLK,2025-10-30 16:44:07,Borsada İşlem Gören Tipe Dönüşüm Duyurusu,DÖNÜŞÜM,DKB,https://www.kap.org.tr/tr/Bildirim/1509003
BIMAS,2025-10-30 15:36:25,Pay Bazında Devre Kesici Bildirimi,BIMAS.E İşlem Sırasında Devre Kesici Uygulaması Başlamıştır,DKB,https://www.kap.org.tr/tr/Bildirim/1508942
YKBNK,2025-10-30 15:35:23,Pay Dışında Sermaye Piyasası Aracı İşlemlerine İlişkin Bildirim (Faiz İçeren),Yurtdışında borçlanma aracı ihracının tamamlanması,ODA,https://www.kap.org.tr/tr/Bildirim/1508941
VAKBN,2025-10-30 15:21:21,Pay Dışında Sermaye Piyasası Aracı İşlemlerine İlişkin Bildirim (Faiz İçeren),Borçlanma Araçlarına İlişkin Faiz Açıklaması,ODA,https://www.kap.org.tr/tr/Bildirim/1508933
VAKBN,2025-10-30 15:20:55,İzahname-Özet (SPK Tarafından Onaylanan),İzahname- Özet,DG,https://www.kap.org.tr/tr/Bildirim/1508932
VAKBN,2025-10-30 15:20:39,İzahname-Sermaye Piyasası Aracı Notu (SPK Tarafından Onaylanan),İzahname- Sermaye Piyasası Aracı Notu,DG,https://www.kap.org.tr/tr/Bildirim/1508931
VAKBN,2025-10-30 15:20:05,İzahname (SPK Tarafından Onaylanan),İzahname- İhraççı Bilgi Dokümanı,DG,https://www.kap.org.tr/tr/Bildirim/1508930
GUBRF,2025-10-30 14:14:46,Haber ve Söylentilere İlişkin Açıklama,İhale Sürecine İlişkin Bilgilendirme,ODA,https://www.kap.org.tr/tr/Bildirim/1508889
KONTR,2025-10-30 14:02:46,Pay Dışında Sermaye Piyasası Aracı İşlemlerine İlişkin Bildirim (Faiz İçeren),TRFKNTR12619 ISIN Kodlu Finansman Bonosunun 3. Kupon Ödemesi,ODA,https://www.kap.org.tr/tr/Bildirim/1508882
ISCTR,2025-10-30 09:58:31,Pay Dışında Sermaye Piyasası Aracı İşlemlerine İlişkin Bildirim (Faiz İçeren),30.10.2025 vadeli T. İş Bankası A.Ş. Finansman Bonosu İtfası Hakkında,ODA,https://www.kap.org.tr/tr/Bildirim/1508807
KONTR,2025-10-30 09:50:15,Pay Dışında Sermaye Piyasası Aracı İşlemlerine İlişkin Bildirim (Faiz İçeren),Değişken Getirili 364 Gün Vadeli TRFKNTR12619 ISIN kodlu Finansman Bonosunun Kupon Oranının Açıklanması,ODA,https://www.kap.org.tr/tr/Bildirim/1508805
SAHOL,2025-10-30 08:57:34,Özel Durum Açıklaması (Genel),Yenilenebilir Enerji Yatırımları ve EÜAŞ İle İmzalanan Sözleşme,ODA,https://www.kap.org.tr/tr/Bildirim/1508786
GARAN,2025-10-30 08:03:35,Geleceğe Dönük Değerlendirmeler,Geleceğe yönelik beklentiler,ODA,https://www.kap.org.tr/tr/Bildirim/1508779
GARAN,2025-10-30 08:02:56,Özel Durum Açıklaması (Genel),30 Eylül 2025 Finansal Sonuçlara İlişkin sunum hakkında,ODA,https://www.kap.org.tr/tr/Bildirim/1508778
GARAN,2025-10-30 08:02:05,Sorumluluk Beyanı (Konsolide Olmayan),30.09.2025 T.Garanti Bankası A.Ş Konsolide Sorumluluk Beyanı,FR,https://www.kap.org.tr/tr/Bildirim/1508777
GARAN,2025-10-30 08:01:50,Sorumluluk Beyanı (Konsolide),30.09.2025 T.Garanti Bankası A.Ş Konsolide Sorumluluk Beyanı,FR,https://www.kap.org.tr/tr/Bildirim/1508776
GARAN,2025-10-30 08:00:25,Finansal Rapor,,FR,https://www.kap.org.tr/tr/Bildirim/1508775
GARAN,2025-10-30 08:00:08,Finansal Rapor,,FR,https://www.kap.org.tr/tr/Bildirim/1508774
VAKBN,2025-11-11 19:26:14,Pay Alım Satım Bildirimi,Vakıf Gayrimenkul Yatırım Ortaklığı A.Ş. Pay Alım İşlemleri Hk. ,ODA,https://www.kap.org.tr/tr/Bildirim/1515849
VAKBN,2025-11-11 19:25:53,Pay Alım Satım Bildirimi,Vakıf Finansal Kiralama A.Ş. Pay Alım İşlemleri Hk.,ODA,https://www.kap.org.tr/tr/Bildirim/1515846
VAKBN,2025-11-11 18:47:25,Payların Geri Alınmasına İlişkin Bildirim,Pay Alım Bildirimi,ODA,https://www.kap.org.tr/tr/Bildirim/1515833
KONTR,2025-11-11 18:10:17,Pay Dışında Sermaye Piyasası Aracı İşlemlerine İlişkin Bildirim (Faiz İçeren),TRFKNTRK2519 ISIN Kodlu Finansman Bonosunun Kupon Oranının Açıklanması,ODA,https://www.kap.org.tr/tr/Bildirim/1515780
YKBNK,2025-11-11 17:50:41,Pay Dışında Sermaye Piyasası Aracı İşlemlerine İlişkin Bildirim (Faiz İçeren),Nitelikli yatırımcılara borçlanma aracı ihracı,ODA,https://www.kap.org.tr/tr/Bildirim/1515764
MGROS,2025-11-11 16:51:10,Hak Kullanımı,,DKB,https://www.kap.org.tr/tr/Bildirim/1515722
YKBNK,2025-11-11 16:11:58,Pay Dışında Sermaye Piyasası Aracı İşlemlerine İlişkin Bildirim (Faiz İçeren),Yurtdışında borçlanma aracı ihracının tamamlanması,ODA,https://www.kap.org.tr/tr/Bildirim/1515676
GUBRF,2025-11-11 16:04:18,Şirket Genel Bilgi Formu,,DG,https://www.kap.org.tr/tr/Bildirim/1515674
GUBRF,2025-11-11 16:03:12,Şirket Merkezi Değişikliği,Şirket Merkez Adresi Değişikliği,ODA,https://www.kap.org.tr/tr/Bildirim/1515673
PETKM,2025-11-11 15:35:19,Pay Bazında Devre Kesici Bildirimi,PETKM.E İşlem Sırasında Devre Kesici Uygulaması Başlamıştır,DKB,https://www.kap.org.tr/tr/Bildirim/1515641
TKFEN,2025-11-11 15:33:29,Pay Bazında Devre Kesici Bildirimi,TKFEN.E İşlem Sırasında Devre Kesici Uygulaması Başlamıştır,DKB,https://www.kap.org.tr/tr/Bildirim/1515625
TCELL,2025-11-11 15:33:00,Pay Bazında Devre Kesici Bildirimi,TCELL.E İşlem Sırasında Devre Kesici Uygulaması Başlamıştır,DKB,https://www.kap.org.tr/tr/Bildirim/1515617
ARCLK,2025-11-11 15:32:57,Pay Bazında Devre Kesici Bildirimi,ARCLK.E İşlem Sırasında Devre Kesici Uygulaması Başlamıştır,DKB,https://www.kap.org.tr/tr/Bildirim/1515614
ISCTR,2025-11-11 15:32:25,Pay Bazında Devre Kesici Bildirimi,ISCTR.E İşlem Sırasında Devre Kesici Uygulaması Başlamıştır,DKB,https://www.kap.org.tr/tr/Bildirim/1515592
AKBNK,2025-11-11 15:32:09,Pay Bazında Devre Kesici Bildirimi,AKBNK.E İşlem Sırasında Devre Kesici Uygulaması Başlamıştır,DKB,https://www.kap.org.tr/tr/Bildirim/1515585
EREGL,2025-11-11 15:30:52,Pay Bazında Devre Kesici Bildirimi,EREGL.E İşlem Sırasında Devre Kesici Uygulaması Başlamıştır,DKB,https://www.kap.org.tr/tr/Bildirim/1515563
KONTR,2025-11-11 15:28:50,Pay Bazında Devre Kesici Bildirimi,KONTR.E İşlem Sırasında Devre Kesici Uygulaması Başlamıştır,DKB,https://www.kap.org.tr/tr/Bildirim/1515536
EKGYO,2025-11-11 15:28:41,Pay Bazında Devre Kesici Bildirimi,EKGYO.E İşlem Sırasında Devre Kesici Uygulaması Başlamıştır,DKB,https://www.kap.org.tr/tr/Bildirim/1515534
HALKB,2025-11-11 15:27:48,Pay Bazında Devre Kesici Bildirimi,HALKB.E İşlem Sırasında Devre Kesici Uygulaması Başlamıştır,DKB,https://www.kap.org.tr/tr/Bildirim/1515518
YKBNK,2025-11-11 15:27:43,Pay Bazında Devre Kesici Bildirimi,YKBNK.E İşlem Sırasında Devre Kesici Uygulaması Başlamıştır,DKB,https://www.kap.org.tr/tr/Bildirim/1515512
KRDMD,2025-11-11 15:27:11,Pay Bazında Devre Kesici Bildirimi,KRDMD.E İşlem Sırasında Devre Kesici Uygulaması Başlamıştır,DKB,https://www.kap.org.tr/tr/Bildirim/1515495
ODAS,2025-11-11 15:24:40,Pay Bazında Devre Kesici Bildirimi,ODAS.E İşlem Sırasında Devre Kesici Uygulaması Başlamıştır,DKB,https://www.kap.org.tr/tr/Bildirim/1515439
EKGYO,2025-11-11 14:47:43,Özel Durum Açıklaması (Genel),Damla Kent Projesi Asli Edim Başlangıç Tarihi Hakkında,ODA,https://www.kap.org.tr/tr/Bildirim/1515404
EKGYO,2025-11-11 14:46:45,Özel Durum Açıklaması (Genel),İstanbul Başakşehir Damla Kent Projesi A Etabı 1. Kısım Yer Teslimi,ODA,https://www.kap.org.tr/tr/Bildirim/1515402
EKGYO,2025-11-11 14:46:25,Özel Durum Açıklaması (Genel),İstanbul Başakşehir Damla Kent Projesi A Etabı 3. Kısım Yer Teslimi,ODA,https://www.kap.org.tr/tr/Bildirim/1515400
EKGYO,2025-11-11 14:46:12,Özel Durum Açıklaması (Genel),İstanbul Başakşehir Damla Kent Projesi B Etabı 2. Kısım Yer Teslimi,ODA,https://www.kap.org.tr/tr/Bildirim/1515399
EKGYO,2025-11-11 14:45:58,Özel Durum Açıklaması (Genel),İstanbul Başakşehir Damla Kent Projesi A Etabı 2. Kısım Yer Teslimi,ODA,https://www.kap.org.tr/tr/Bildirim/1515398
EKGYO,2025-11-11 14:45:44,Özel Durum Açıklaması (Genel),İstanbul Başakşehir Damla Kent Projesi B Etabı 1. Kısım Yer Teslimi,ODA,https://www.kap.org.tr/tr/Bildirim/1515397
EKGYO,2025-11-11 14:45:13,Değerleme Raporu ,Başakşehir Avrasya Konutları Cadde Yıl Sonu Gayrimenkul Değerleme Raporu,DG,https://www.kap.org.tr/tr/Bildirim/1515396
VAKBN,2025-11-11 11:04:50,Fiyat Tespit Raporuna İlişkin Analist Raporu (Halka Arza Aracılık Eden Kuruluş Dışında Farklı bir Kuruluş Tarafından Hazırlanan),Vakıf Faktoring A.Ş Fiyat Tespit Raporuna İlişkin Analist Raporu,DG,https://www.kap.org.tr/tr/Bildirim/1515261
ASELS,2025-11-11 09:16:14,Yeni İş İlişkisi,Sözleşme İmzalanması,ODA,https://www.kap.org.tr/tr/Bildirim/1515178
KONTR,2025-11-11 09:01:30,Geleceğe Dönük Değerlendirmeler,Güncel Yatırımcı Sunumu ve 2025 Yılı 3. Çeyrek Finansal Sonuç Bülteni,ODA,https://www.kap.org.tr/tr/Bildirim/1515174
CIMSA,2025-11-11 08:54:20,Pay Alım Satım Bildirimi,Pay Alım Satım Bildirimi,DKB,https://www.kap.org.tr/tr/Bildirim/1515170
ODAS,2025-11-10 20:38:33,Sorumluluk Beyanı (Konsolide),01.01.2025 - 30.09.2025 Dönemi Sorumluluk Beyanı,FR,https://www.kap.org.tr/tr/Bildirim/1514953
ODAS,2025-11-10 20:36:19,Faaliyet Raporu (Konsolide),01.01.2025 - 30.09.2025 Dönemi Yönetim Kurulu Faaliyet Raporu,FR,https://www.kap.org.tr/tr/Bildirim/1514947
ODAS,2025-11-10 20:32:33,Finansal Rapor,,FR,https://www.kap.org.tr/tr/Bildirim/1514944
KONTR,2025-11-10 20:29:39,Finansal Takvim,2025 Yıl Sonu Finansal Takvimi,DG,https://www.kap.org.tr/tr/Bildirim/1514937
KONTR,2025-11-10 20:28:51,Sorumluluk Beyanı (Konsolide),01.01.2025 I 30.09.2025 Ara Hesap Dönemine İlişkin Sorumluluk Beyanı,FR,https://www.kap.org.tr/tr/Bildirim/1514936
KONTR,2025-11-10 20:28:10,Faaliyet Raporu (Konsolide),30.09.2025 Ara Dönem Faaliyet Raporu,FR,https://www.kap.org.tr/tr/Bildirim/1514922
KONTR,2025-11-10 20:26:06,Finansal Rapor,,FR,https://www.kap.org.tr/tr/Bildirim/1514918
BIMAS,2025-11-10 20:13:15,Özel Durum Açıklaması (Genel),30 Eylül 2025 Yatırımcı Sunumu,ODA,https://www.kap.org.tr/tr/Bildirim/1514903
BIMAS,2025-11-10 20:12:08,Katılım Finansı İlkeleri Bilgi Formu ,,DG,https://www.kap.org.tr/tr/Bildirim/1514902
BIMAS,2025-11-10 20:11:45,Sorumluluk Beyanı (Konsolide),Sorumluluk Beyanı,FR,https://www.kap.org.tr/tr/Bildirim/1514901
BIMAS,2025-11-10 20:11:23,Faaliyet Raporu (Konsolide),Faaliyet Raporu,FR,https://www.kap.org.tr/tr/Bildirim/1514899
BIMAS,2025-11-10 20:11:03,Finansal Rapor,,FR,https://www.kap.org.tr/tr/Bildirim/1514897
TKFEN,2025-11-10 19:14:10,Finansal Rapor Ek Süre Taleplerine İlişkin SPK Değerlendirmesi,Finansal Rapor Ek Süre Taleplerine İlişkin SPK Değerlendirmesi,DKB,https://www.kap.org.tr/tr/Bildirim/1514801
TUPRS,2025-11-10 18:24:13,Pay Dışında Sermaye Piyasası Aracı İşlemlerine İlişkin Bildirim (Faiz İçeren),TRSTPRS82613 ISIN Kodlu Tahvilin 5. Kupon Ödemesi ,ODA,https://www.kap.org.tr/tr/Bildirim/1514511
TUPRS,2025-11-10 16:57:06,"Borçlanma Araçları, Yatırım Fonları ve Varant İtfa/Kupon/Getiri/ Nakdi Uzlaşı Ödeme İşlemleri","Borçlanma Araçları, Yatırım Fonları ve Varant İtfa/Kupon/Getiri/Nakdi Uzlaşı Ödeme İşlemleri",DKB,https://www.kap.org.tr/tr/Bildirim/1514227
SISE,2025-11-10 16:57:06,"Borçlanma Araçları, Yatırım Fonları ve Varant İtfa/Kupon/Getiri/ Nakdi Uzlaşı Ödeme İşlemleri","Borçlanma Araçları, Yatırım Fonları ve Varant İtfa/Kupon/Getiri/Nakdi Uzlaşı Ödeme İşlemleri",DKB,https://www.kap.org.tr/tr/Bildirim/1514227
YKBNK,2025-11-10 16:21:28,Şirket Genel Bilgi Formu,,DG,https://www.kap.org.tr/tr/Bildirim/1514181
YKBNK,2025-11-10 16:20:57,Pay Dışında Sermaye Piyasası Aracı İşlemlerine İlişkin Bildirim (Faiz İçeren),Yurtdışında borçlanma aracı ihracının tamamlanması,ODA,https://www.kap.org.tr/tr/Bildirim/1514177
AKBNK,2025-11-10 16:15:35,Pay Dışında Sermaye Piyasası Aracı İşlemlerine İlişkin Bildirim (Faiz İçeren),XS2932803393 ISIN Kodlu Yeşil/Sürdürülebilir Temalı Tahvilin İtfası,ODA,https://www.kap.org.tr/tr/Bildirim/1514171
AKBNK,2025-11-10 16:15:21,Pay Dışında Sermaye Piyasası Aracı İşlemlerine İlişkin Bildirim (Faiz İçeren),XS2929407000 ISIN Kodlu Yeşil/Sürdürülebilir Temalı Tahvilin İtfası,ODA,https://www.kap.org.tr/tr/Bildirim/1514170
AKBNK,2025-11-10 16:15:02,Pay Dışında Sermaye Piyasası Aracı İşlemlerine İlişkin Bildirim (Faiz İçeren),XS2933531407 ISIN Kodlu Yeşil/Sürdürülebilir Temalı Tahvilin İtfası,ODA,https://www.kap.org.tr/tr/Bildirim/1514169
AKBNK,2025-11-10 16:14:43,Pay Dışında Sermaye Piyasası Aracı İşlemlerine İlişkin Bildirim (Faiz İçeren),XS2933531159 ISIN Kodlu Yeşil/Sürdürülebilir Temalı Tahvilin İtfası,ODA,https://www.kap.org.tr/tr/Bildirim/1514157
SISE,2025-11-10 15:13:14,Pay Dışında Sermaye Piyasası Aracı İşlemlerine İlişkin Bildirim (Faiz İçeren),TRSSISE52611 Numaralı Tahvilin Kupon Ödemesi,ODA,https://www.kap.org.tr/tr/Bildirim/1514011
EKGYO,2025-11-10 10:50:39,Likidite Sağlayıcılık Kapsamındaki İşlemler,"Emlak Konut Damlakent Projesi Gayrimenkul Sertifikalarında (DMLKT.G) Likidite Sağlayacılık Kapsamında Gerçekleştirilen İşlemler 27.10.2025-07.11.2025
",DG,https://www.kap.org.tr/tr/Bildirim/1513826
SASA,2025-11-10 08:51:20,Özel Durum Açıklaması (Genel),Özel Durum Açıklaması (Genel),DKB,https://www.kap.org.tr/tr/Bildirim/1513728
TUPRS,2025-11-10 08:32:21,Pay Dışında Sermaye Piyasası Aracı İşlemlerine İlişkin Bildirim (Faiz İçeren),TRSTPRS82613 ISIN Kodlu Tahvilin 5. Kupon Faiz Oranının Belirlenmesi ,ODA,https://www.kap.org.tr/tr/Bildirim/1513721
VAKBN,2025-11-08 23:38:13,Fiyat Tespit Raporu,Vakıf Faktoring A.Ş.'nin Fiyat Tespit Raporu,DG,https://www.kap.org.tr/tr/Bildirim/1513692
VAKBN,2025-11-08 22:58:59,İzahname (SPK Tarafından Onaylanan),Vakıf Faktoring A.Ş. SPK Onaylı İzahname Ekleri,DG,https://www.kap.org.tr/tr/Bildirim/1513691
VAKBN,2025-11-08 22:58:45,İzahname (SPK Tarafından Onaylanan),Vakıf Faktoring A.Ş. SPK Onaylı İzahname Ekleri,DG,https://www.kap.org.tr/tr/Bildirim/1513690
VAKBN,2025-11-08 22:58:34,İzahname (SPK Tarafından Onaylanan),Vakıf Faktoring A.Ş. SPK Onaylı İzahname Ekleri,DG,https://www.kap.org.tr/tr/Bildirim/1513689
VAKBN,2025-11-08 22:58:23,İzahname (SPK Tarafından Onaylanan),Vakıf Faktoring A.Ş. SPK Onaylı İzahname Ekleri,DG,https://www.kap.org.tr/tr/Bildirim/1513688
VAKBN,2025-11-08 22:58:13,İzahname (SPK Tarafından Onaylanan),Vakıf Faktoring A.Ş. SPK Onaylı İzahname Ekleri,DG,https://www.kap.org.tr/tr/Bildirim/1513687
VAKBN,2025-11-08 22:58:03,İzahname (SPK Tarafından Onaylanan),Vakıf Faktoring A.Ş. SPK Onaylı İzahname Ekleri,DG,https://www.kap.org.tr/tr/Bildirim/1513686
VAKBN,2025-11-08 22:57:53,İzahname (SPK Tarafından Onaylanan),Vakıf Faktoring A.Ş. SPK Onaylı İzahname Ekleri,DG,https://www.kap.org.tr/tr/Bildirim/1513685
VAKBN,2025-11-08 22:57:41,İzahname (SPK Tarafından Onaylanan),Vakıf Faktoring A.Ş. SPK Onaylı İzahname Ekleri,DG,https://www.kap.org.tr/tr/Bildirim/1513684
VAKBN,2025-11-08 22:57:29,İzahname (SPK Tarafından Onaylanan),Vakıf Faktoring A.Ş. SPK Onaylı İzahname Ekleri,DG,https://www.kap.org.tr/tr/Bildirim/1513683
VAKBN,2025-11-08 22:57:15,İzahname (SPK Tarafından Onaylanan),Vakıf Faktoring A.Ş. SPK Onaylı İzahname Ekleri,DG,https://www.kap.org.tr/tr/Bildirim/1513682
VAKBN,2025-11-08 22:56:58,İzahname (SPK Tarafından Onaylanan),Vakıf Faktoring A.Ş. SPK Onaylı İzahname Ekleri,DG,https://www.kap.org.tr/tr/Bildirim/1513681
VAKBN,2025-11-08 22:56:37,İzahname (SPK Tarafından Onaylanan),Vakıf Faktoring A.Ş. SPK Onaylı İzahname Ekleri,DG,https://www.kap.org.tr/tr/Bildirim/1513680
VAKBN,2025-11-08 22:56:22,İzahname (SPK Tarafından Onaylanan),Vakıf Faktoring A.Ş. SPK Onaylı İzahname Ekleri,DG,https://www.kap.org.tr/tr/Bildirim/1513679
VAKBN,2025-11-08 22:56:08,İzahname (SPK Tarafından Onaylanan),Vakıf Faktoring A.Ş. SPK Onaylı İzahname Ekleri,DG,https://www.kap.org.tr/tr/Bildirim/1513678
VAKBN,2025-11-08 22:55:52,İzahname (SPK Tarafından Onaylanan),Vakıf Faktoring A.Ş. SPK Onaylı İzahname,DG,https://www.kap.org.tr/tr/Bildirim/1513677
VAKBN,2025-11-08 22:55:42,İzahname (SPK Tarafından Onaylanan),Vakıf Faktoring A.Ş. SPK Onaylı İzahname,DG,https://www.kap.org.tr/tr/Bildirim/1513676
VAKBN,2025-11-08 22:55:31,İzahname (SPK Tarafından Onaylanan),Vakıf Faktoring A.Ş. SPK Onaylı İzahname,DG,https://www.kap.org.tr/tr/Bildirim/1513675
VAKBN,2025-11-08 22:55:20,İzahname (SPK Tarafından Onaylanan),Vakıf Faktoring A.Ş. SPK Onaylı İzahname,DG,https://www.kap.org.tr/tr/Bildirim/1513674
VAKBN,2025-11-08 22:54:58,İzahname (SPK Tarafından Onaylanan),Vakıf Faktoring A.Ş. SPK Onaylı İzahname,DG,https://www.kap.org.tr/tr/Bildirim/1513673
VAKBN,2025-11-08 22:54:44,İzahname (SPK Tarafından Onaylanan),Vakıf Faktoring A.Ş. SPK Onaylı İzahname,DG,https://www.kap.org.tr/tr/Bildirim/1513672
VAKBN,2025-11-08 22:54:27,İzahname (SPK Tarafından Onaylanan),Vakıf Faktoring A.Ş. SPK Onaylı İzahname,DG,https://www.kap.org.tr/tr/Bildirim/1513671
VAKBN,2025-11-08 22:54:14,Tasarruf Sahiplerine Satış Duyurusu,Vakıf Faktoring A.Ş. Tasarruf Sahiplerine Satış Duyurusu ,DG,https://www.kap.org.tr/tr/Bildirim/1513670
PGSUS,2025-11-07 22:20:20,Özel Durum Açıklaması (Genel),2025 3.Çeyrek Sunumu ve 30 Eylül 2025 Avro UFRS Konsolide Finansal Rapor,ODA,https://www.kap.org.tr/tr/Bildirim/1513580
PGSUS,2025-11-07 22:20:04,Faaliyet Raporu (Konsolide),Ara Dönem Faaliyet Raporu,FR,https://www.kap.org.tr/tr/Bildirim/1513579
PGSUS,2025-11-07 22:19:48,Finansal Rapor,,FR,https://www.kap.org.tr/tr/Bildirim/1513578
PGSUS,2025-11-07 22:19:18,Sorumluluk Beyanı (Konsolide),Sorumluluk Beyanı,FR,https://www.kap.org.tr/tr/Bildirim/1513577
EKGYO,2025-11-07 20:02:02,Faaliyet Raporu (Konsolide), 2025 3.Çeyrek Faaliyet Raporu,FR,https://www.kap.org.tr/tr/Bildirim/1513513
EKGYO,2025-11-07 20:01:48,Finansal Rapor,,FR,https://www.kap.org.tr/tr/Bildirim/1513512
EKGYO,2025-11-07 20:01:29,Finansal Rapor,,FR,https://www.kap.org.tr/tr/Bildirim/1513511
EKGYO,2025-11-07 20:01:03,Sorumluluk Beyanı (Konsolide),30 Eylül 2025 Tarihli Finansal Tablolarla İlgili Sorumluluk Beyanı,FR,https://www.kap.org.tr/tr/Bildirim/1513510
ARCLK,2025-11-07 19:32:39,Kredi Derecelendirmesi,S&P Kredi Derecelendirme Notunun Açıklanması,ODA,https://www.kap.org.tr/tr/Bildirim/1513502
ARCLK,2025-11-07 19:32:26,Kredi Derecelendirmesi,Fitch Ratings Kredi Derecelendirme Notu,ODA,https://www.kap.org.tr/tr/Bildirim/1513500
HALKB,2025-11-07 19:02:42,Sorumluluk Beyanı (Konsolide),TÜRKİYE HALK BANKASI AŞ KONSOLİDE SORUMLULUK BEYANI 30.09.2025,FR,https://www.kap.org.tr/tr/Bildirim/1513448
HALKB,2025-11-07 19:02:32,Sorumluluk Beyanı (Konsolide Olmayan),TÜRKİYE HALK BANKASI AŞ KONSOLİDE OLMAYAN SORUMLULUK BEYANI 30.09.2025,FR,https://www.kap.org.tr/tr/Bildirim/1513447
HALKB,2025-11-07 19:02:22,Faaliyet Raporu (Konsolide),Ara Dönem Konsolide Faaliyet Raporu,FR,https://www.kap.org.tr/tr/Bildirim/1513446
HALKB,2025-11-07 19:02:10,Faaliyet Raporu (Konsolide Olmayan),Ara Dönem Konsolide Olmayan Faaliyet Raporu,FR,https://www.kap.org.tr/tr/Bildirim/1513445
HALKB,2025-11-07 19:01:52,Finansal Rapor,,FR,https://www.kap.org.tr/tr/Bildirim/1513443
HALKB,2025-11-07 18:59:29,Finansal Rapor,,FR,https://www.kap.org.tr/tr/Bildirim/1513438
GUBRF,2025-11-07 18:30:38,Sorumluluk Beyanı (Konsolide),Sorumluluk Beyanı,FR,https://www.kap.org.tr/tr/Bildirim/1513358
GUBRF,2025-11-07 18:30:26,Faaliyet Raporu (Konsolide),Yönetim Kurulu Faaliyet Raporu 30092025,FR,https://www.kap.org.tr/tr/Bildirim/1513357
GUBRF,2025-11-07 18:30:14,Finansal Rapor,,FR,https://www.kap.org.tr/tr/Bildirim/1513356
YKBNK,2025-11-07 18:16:33,Özel Durum Açıklaması (Genel),Sendikasyon kredisi anlaşması,ODA,https://www.kap.org.tr/tr/Bildirim/1513273
SISE,2025-11-07 18:14:28,Şirket Genel Bilgi Formu,,DG,https://www.kap.org.tr/tr/Bildirim/1513240
SISE,2025-11-07 18:14:05,Özel Durum Açıklaması (Genel),Finansal Tabloların Açıklanması,ODA,https://www.kap.org.tr/tr/Bildirim/1513236
SISE,2025-11-07 18:13:37,Sorumluluk Beyanı (Konsolide),30.09.2025 Sorumluluk Beyanı,FR,https://www.kap.org.tr/tr/Bildirim/1513232
SISE,2025-11-07 18:12:43,Faaliyet Raporu (Konsolide),30 Eylül 2025 Konsolide Ara Dönem Faaliyet Raporu,FR,https://www.kap.org.tr/tr/Bildirim/1513223
SISE,2025-11-07 18:12:25,Finansal Rapor,,FR,https://www.kap.org.tr/tr/Bildirim/1513220
VAKBN,2025-11-07 17:36:55,Borçlanma Araçlarının / Kira Sertifikalarının İşlem Görmeye Başlaması,Borçlanma Araçlarının / Kira Sertifikalarının İşlem Görmeye Başlaması,DKB,https://www.kap.org.tr/tr/Bildirim/1513143
AKBNK,2025-11-07 17:20:39,İhraç Tavanına İlişkin Bildirim,Yurt İçi Borçlanma Aracı İhracı Limit Başvurusu,ODA,https://www.kap.org.tr/tr/Bildirim/1513097
AKBNK,2025-11-07 17:20:26,İhraç Tavanına İlişkin Bildirim,Yurt İçi Borçlanma Aracı İhracı Limit Başvurusu,ODA,https://www.kap.org.tr/tr/Bildirim/1513089
MGROS,2025-11-07 17:08:13,Borsada İşlem Gören Tipe Dönüşüm Duyurusu,DÖNÜŞÜM,DKB,https://www.kap.org.tr/tr/Bildirim/1512995
EREGL,2025-11-07 17:08:13,Borsada İşlem Gören Tipe Dönüşüm Duyurusu,DÖNÜŞÜM,DKB,https://www.kap.org.tr/tr/Bildirim/1512995
YKBNK,2025-11-07 17:04:42,"Borçlanma Araçları, Yatırım Fonları ve Varant İtfa/Kupon/Getiri/ Nakdi Uzlaşı Ödeme İşlemleri","Borçlanma Araçları, Yatırım Fonları ve Varant İtfa/Kupon/Getiri/Nakdi Uzlaşı Ödeme İşlemleri",DKB,https://www.kap.org.tr/tr/Bildirim/1512989
VAKBN,2025-11-07 15:08:07,Pay Dışında Sermaye Piyasası Aracı İşlemlerine İlişkin Bildirim (Faiz İçeren),Nitelikli Yatırımcılara Finansman Bonosu İhracının Tamamlanması ,ODA,https://www.kap.org.tr/tr/Bildirim/1512812
VAKBN,2025-11-07 15:07:02,Pay Dışında Sermaye Piyasası Aracı İşlemlerine İlişkin Bildirim (Faiz İçeren),TRFVKFBK2513 ISIN kodlu T. Vakıflar Bankası T.A.O. Finansman Bonolarının İtfası,ODA,https://www.kap.org.tr/tr/Bildirim/1512811
KONTR,2025-11-07 14:47:53,Kurumsal Yönetim İlkelerine Uyum Derecelendirmesi,Kurumsal Yönetim Derecelendirme Not Bildirimi,ODA,https://www.kap.org.tr/tr/Bildirim/1512803
KONTR,2025-11-07 14:19:44,Kurumsal Yönetim İlkelerine Uyum Derecelendirmesi,Kurumsal Yönetim Derecelendirme Notu Bildirimi,ODA,https://www.kap.org.tr/tr/Bildirim/1512770
YKBNK,2025-11-07 12:29:56,Pay Dışında Sermaye Piyasası Aracı İşlemlerine İlişkin Bildirim (Faiz İçeren),Nitelikli yatırımcılara ihraç edilen borçlanma araçlarının itfası,ODA,https://www.kap.org.tr/tr/Bildirim/1512711
YKBNK,2025-11-07 12:29:31,Pay Dışında Sermaye Piyasası Aracı İşlemlerine İlişkin Bildirim (Faiz İçeren),Nitelikli yatırımcılara ihraç edilen borçlanma araçlarının itfası,ODA,https://www.kap.org.tr/tr/Bildirim/1512710
TKFEN,2025-11-07 10:29:22,Pay Bazında Devre Kesici Bildirimi,TKFEN.E İşlem Sırasında Devre Kesici Uygulaması Başlamıştır,DKB,https://www.kap.org.tr/tr/Bildirim/1512622
PETKM,2025-11-07 09:55:08,Şirket Genel Bilgi Formu,,DG,https://www.kap.org.tr/tr/Bildirim/1512599
PETKM,2025-11-07 09:54:49,Kurumsal Yönetim Bilgi Formu (Güncelleme) - Yönetim Kurulu-2,Güncelleme,DG,https://www.kap.org.tr/tr/Bildirim/1512598
PETKM,2025-11-07 09:53:49,Özel Durum Açıklaması (Genel),Bağımsız Yönetim Kurulu Üyesinin İstifası ve Bağımsız Yönetim Kurulu üye adayının Sermaye Piyasası Kurulu görüşüne sunulması hk.,ODA,https://www.kap.org.tr/tr/Bildirim/1512597
VAKBN,2025-11-07 09:44:40,Kurumsal Yönetim İlkelerine Uyum Derecelendirmesi,Kurumsal Yönetim Derecelendirme Sözleşmesi Yenilemesi,ODA,https://www.kap.org.tr/tr/Bildirim/1512596
SISE,2025-11-07 08:32:07,Özel Durum Açıklaması (Genel),Uluslararası Finans Kurumu (International Finance Corporation-IFC) ile İmzalanan Kredi Sözleşmesi Hakkında,ODA,https://www.kap.org.tr/tr/Bildirim/1512549
THYAO,2025-11-07 08:03:48,Özel Durum Açıklaması (Genel),Ekim 2025 Trafik Sonuçları,ODA,https://www.kap.org.tr/tr/Bildirim/1512547
THYAO,2025-11-07 08:03:34,Özel Durum Açıklaması (Genel),2025 3. Çeyrek Finansal Sonuçlar,ODA,https://www.kap.org.tr/tr/Bildirim/1512546
THYAO,2025-11-07 08:03:09,Sorumluluk Beyanı (Konsolide),Sorumluluk Beyanı,FR,https://www.kap.org.tr/tr/Bildirim/1512545
THYAO,2025-11-07 08:02:55,Faaliyet Raporu (Konsolide),01.01.2025 - 30.09.2025 Dönemi Yönetim Kurulu Faaliyet Raporu,FR,https://www.kap.org.tr/tr/Bildirim/1512544
THYAO,2025-11-07 08:02:36,Finansal Rapor,,FR,https://www.kap.org.tr/tr/Bildirim/1512543
MGROS,2025-11-06 22:35:00,Özel Durum Açıklaması (Genel),Ekim 2025 Mağaza Açılışları,ODA,https://www.kap.org.tr/tr/Bildirim/1512529
MGROS,2025-11-06 22:26:44,Özel Durum Açıklaması (Genel),Eylül 2025 sunumu ve bilgilendirme notu hk.,ODA,https://www.kap.org.tr/tr/Bildirim/1512528
THYAO,2025-11-06 21:13:40,Şirket Genel Bilgi Formu,,DG,https://www.kap.org.tr/tr/Bildirim/1512515
MGROS,2025-11-06 20:25:28,Kar Payı Avansı Ödemesi İşlemlerine İlişkin Bildirim,Kar Payı Avansı Ödemesi,ODA,https://www.kap.org.tr/tr/Bildirim/1512502
MGROS,2025-11-06 20:04:39,Faaliyet Raporu (Konsolide),Faaliyet Raporu - 3Ç 2025,FR,https://www.kap.org.tr/tr/Bildirim/1512497
MGROS,2025-11-06 20:04:21,Finansal Rapor,,FR,https://www.kap.org.tr/tr/Bildirim/1512496
MGROS,2025-11-06 20:03:59,Sorumluluk Beyanı (Konsolide),Sorumluluk Beyanı - 3Ç 2025,FR,https://www.kap.org.tr/tr/Bildirim/1512495
ISCTR,2025-11-18 18:54:49,Özel Durum Açıklaması (Genel),Bankamız Genel Müdür Yardımcılığı Görevinde Meydana Gelen Değişiklik Hakkında,ODA,https://www.kap.org.tr/tr/Bildirim/1517876
GARAN,2025-11-18 18:50:46,Özel Durum Açıklaması (Genel),Tahsili gecikmiş alacak portföy satışı hk. ,ODA,https://www.kap.org.tr/tr/Bildirim/1517875
GARAN,2025-11-18 18:35:07,SPK İşlem Yasağı Nedeniyle Pay Duyurusu,SPK İşlem Yasağı Nedeniyle Pay Duyurusu,DKB,https://www.kap.org.tr/tr/Bildirim/1517864
SASA,2025-11-18 18:35:07,SPK İşlem Yasağı Nedeniyle Pay Duyurusu,SPK İşlem Yasağı Nedeniyle Pay Duyurusu,DKB,https://www.kap.org.tr/tr/Bildirim/1517864
VAKBN,2025-11-18 18:19:38,Payların Geri Alınmasına İlişkin Bildirim,Pay Alım Bildirimi,ODA,https://www.kap.org.tr/tr/Bildirim/1517840
HALKB,2025-11-18 18:14:07,Kredi Derecelendirmesi,Fitch Ratings Notu-Revize,ODA,https://www.kap.org.tr/tr/Bildirim/1517834
TKFEN,2025-11-18 18:11:19,Özel Durum Açıklaması (Genel),Yatırımcı İlişkileri Bölümü (Atama),ODA,https://www.kap.org.tr/tr/Bildirim/1517827
YKBNK,2025-11-18 18:01:52,Pay Dışında Sermaye Piyasası Aracı İşlemlerine İlişkin Bildirim (Faiz İçeren),Nitelikli yatırımcılara borçlanma aracı ihracı,ODA,https://www.kap.org.tr/tr/Bildirim/1517818
PETKM,2025-11-18 17:08:58,Şirket Genel Bilgi Formu,,DG,https://www.kap.org.tr/tr/Bildirim/1517748
PETKM,2025-11-18 17:08:48,Kurumsal Yönetim Bilgi Formu (Güncelleme) - Yönetim Kurulu-2,Güncelleme,DG,https://www.kap.org.tr/tr/Bildirim/1517747
PETKM,2025-11-18 17:08:18,Yönetim Kurulu Komiteleri,Yeni Bağımsız Yönetim Kurulu Üyesinin Atanması,ODA,https://www.kap.org.tr/tr/Bildirim/1517745
TAVHL,2025-11-18 17:00:44,Şirket Genel Bilgi Formu,,DG,https://www.kap.org.tr/tr/Bildirim/1517738
TAVHL,2025-11-18 17:00:31,Birleşme İşlemlerine İlişkin Bildirim,Şirketimizin %100 sahip olduğu TAV Esenboğa Yatırım Yapım ve İşletme A.Ş ile kolaylaştırılmış usulde birleşmesine ilişkin Ticaret Sicil Onayı,ODA,https://www.kap.org.tr/tr/Bildirim/1517737
YKBNK,2025-11-18 16:54:38,"Borçlanma Araçları, Yatırım Fonları ve Varant İtfa/Kupon/Getiri/ Nakdi Uzlaşı Ödeme İşlemleri","Borçlanma Araçları, Yatırım Fonları ve Varant İtfa/Kupon/Getiri/ Nakdi Uzlaşı Ödeme İşlemleri",DKB,https://www.kap.org.tr/tr/Bildirim/1517726
GARAN,2025-11-18 16:12:57,Özel Durum Açıklaması (Genel),ICO ile İmzalanan Kredi Sözleşmesi Hakkındaki Duyuru,ODA,https://www.kap.org.tr/tr/Bildirim/1517701
YKBNK,2025-11-18 13:42:51,Şirket Genel Bilgi Formu,,DG,https://www.kap.org.tr/tr/Bildirim/1517650
EKGYO,2025-11-18 13:29:27,Özel Durum Açıklaması (Genel),Suudi Arabistan'da Proje Geliştirilmesi Hakkında,ODA,https://www.kap.org.tr/tr/Bildirim/1517646
YKBNK,2025-11-18 13:28:06,Pay Dışında Sermaye Piyasası Aracı İşlemlerine İlişkin Bildirim (Faiz İçeren),Nitelikli yatırımcılara ihraç edilen borçlanma araçlarının itfası,ODA,https://www.kap.org.tr/tr/Bildirim/1517645
VAKBN,2025-11-18 09:22:39,Kredi Derecelendirmesi,Fitch Ratings Derecelendirme Notları hakkında,ODA,https://www.kap.org.tr/tr/Bildirim/1517558
VAKBN,2025-11-18 09:02:38,Kamuyu Aydınlatma Platformu Duyurusu,Özel Durumlar Tebliği'nin 12-(4). maddesi gereğince yapılan açıklama,DKB,https://www.kap.org.tr/tr/Bildirim/1517544
SASA,2025-11-18 09:02:38,Kamuyu Aydınlatma Platformu Duyurusu,Özel Durumlar Tebliği'nin 12-(4). maddesi gereğince yapılan açıklama,DKB,https://www.kap.org.tr/tr/Bildirim/1517544
CIMSA,2025-11-18 09:00:35,Pay Alım Satım Bildirimi,Pay Alım Satım Bildirimi,DKB,https://www.kap.org.tr/tr/Bildirim/1517543
EKGYO,2025-11-18 08:22:26,Özel Durum Açıklaması (Genel),Aydın Didim Fevzipaşa 1. Etap 2. Oturum Tarihi,ODA,https://www.kap.org.tr/tr/Bildirim/1517536
EKGYO,2025-11-18 08:21:49,Özel Durum Açıklaması (Genel),Aydın Didim Fevzipaşa 1. Etap İhalesi 1. Oturum Sonucu,ODA,https://www.kap.org.tr/tr/Bildirim/1517535
VAKBN,2025-11-17 19:50:03,Pay Alım Satım Bildirimi,Vakıf Gayrimenkul Yatırım Ortaklığı A.Ş. Pay Alım İşlemleri Hk.,ODA,https://www.kap.org.tr/tr/Bildirim/1517524
VAKBN,2025-11-17 19:36:17,Pay Alım Satım Bildirimi,Vakıf Finansal Kiralama A.Ş. Pay Alım İşlemleri Hk.,ODA,https://www.kap.org.tr/tr/Bildirim/1517521
VAKBN,2025-11-17 19:32:16,Payların Geri Alınmasına İlişkin Bildirim,Pay Alım Bildirimi,ODA,https://www.kap.org.tr/tr/Bildirim/1517520
TCELL,2025-11-17 19:03:45,Şirket Genel Bilgi Formu,,DG,https://www.kap.org.tr/tr/Bildirim/1517506
TCELL,2025-11-17 19:03:04,Özel Durum Açıklaması (Genel),Kıbrıs Telekom Sermaye Artışı,ODA,https://www.kap.org.tr/tr/Bildirim/1517505
VAKBN,2025-11-17 18:22:26,Şirket Genel Bilgi Formu,,DG,https://www.kap.org.tr/tr/Bildirim/1517481
VAKBN,2025-11-17 18:16:22,Pay Dışında Sermaye Piyasası Aracı İşlemlerine İlişkin Bildirim (Faiz İçeren),GMTN Programı Çerçevesinde Türkiye Dışında Sürdürülebilir Borçlanma Aracı İhracı SPK Onayı ,ODA,https://www.kap.org.tr/tr/Bildirim/1517473
VAKBN,2025-11-17 18:10:09,Pay Dışında Sermaye Piyasası Aracı İşlemlerine İlişkin Bildirim (Faiz İçeren),GMTN Programı Çerçevesinde Türkiye Dışında Sürdürülebilir Borçlanma Aracı İhracı SPK Onayı ,ODA,https://www.kap.org.tr/tr/Bildirim/1517455
VAKBN,2025-11-17 18:08:32,Pay Dışında Sermaye Piyasası Aracı İşlemlerine İlişkin Bildirim (Faiz İçeren),GMTN Programı Çerçevesinde Türkiye Dışında Sürdürülebilir Borçlanma Aracı İhracı SPK Onayı ,ODA,https://www.kap.org.tr/tr/Bildirim/1517452
VAKBN,2025-11-17 18:06:54,Pay Dışında Sermaye Piyasası Aracı İşlemlerine İlişkin Bildirim (Faiz İçeren),GMTN Programı Çerçevesinde Türkiye Dışında Sürdürülebilir Borçlanma Aracı İhracı SPK Onayı ,ODA,https://www.kap.org.tr/tr/Bildirim/1517449
VAKBN,2025-11-17 18:04:13,Pay Dışında Sermaye Piyasası Aracı İşlemlerine İlişkin Bildirim (Faiz İçeren),GMTN Programı Çerçevesinde Türkiye Dışında Sürdürülebilir Borçlanma Aracı İhracı SPK Onayı ,ODA,https://www.kap.org.tr/tr/Bildirim/1517448
VAKBN,2025-11-17 18:02:39,Pay Dışında Sermaye Piyasası Aracı İşlemlerine İlişkin Bildirim (Faiz İçeren),GMTN Programı Çerçevesinde Türkiye Dışında Sürdürülebilir Borçlanma Aracı İhracı SPK Onayı ,ODA,https://www.kap.org.tr/tr/Bildirim/1517446
VAKBN,2025-11-17 17:33:47,Özel Durum Açıklaması (Genel),İştirakimiz Vakıf Faktoring A.Ş.nin Halka Arzı Kapsamında Şirketimize Ait Paylarının Satış Sonucu,ODA,https://www.kap.org.tr/tr/Bildirim/1517418
VAKBN,2025-11-17 17:14:03,Özel Durum Açıklaması (Genel),Bağlı Ortaklığımız Vakıf Faktoring A.Ş. Paylarının Bir Kısmının Halka Arz Edilmesi ,ODA,https://www.kap.org.tr/tr/Bildirim/1517412
VAKBN,2025-11-17 13:42:28,Halka Arz İşlemlerinde Sermaye Piyasası Aracının % 5 inden Fazlasını Satın Alanlara İlişkin Bildirim,Vakıf Faktoring A.Ş. Paylarının Halka Arzında Payların %5?inden Fazlasını Satın Alan Yatırımcı Listesi,ODA,https://www.kap.org.tr/tr/Bildirim/1517271
VAKBN,2025-11-17 13:42:16,Özel Durum Açıklaması (Genel),Vakıf Faktoring A.Ş. paylarının halka arzında ortaklıkta idari sorumluluğu bulunan ve içsel bilgiye sahip kişilerin pay alımları,ODA,https://www.kap.org.tr/tr/Bildirim/1517270
VAKBN,2025-11-17 13:42:04,Özel Durum Açıklaması (Genel),Vakıf Faktoring A.Ş. Halka Arzına İlişkin Satış Sonuçları,ODA,https://www.kap.org.tr/tr/Bildirim/1517269
ASELS,2025-11-17 10:24:55,Yeni İş İlişkisi,Sözleşme İmzalanması,ODA,https://www.kap.org.tr/tr/Bildirim/1517214
ISCTR,2025-11-17 09:59:47,Pay Dışında Sermaye Piyasası Aracı İşlemlerine İlişkin Bildirim (Faiz İçeren),Nitelikli Yatırımcılara Finansman Bonosu Satışının Tamamlanması ,ODA,https://www.kap.org.tr/tr/Bildirim/1517197
CIMSA,2025-11-17 09:02:04,Pay Alım Satım Bildirimi,"Pay Alım Satım Bildirimi
",DKB,https://www.kap.org.tr/tr/Bildirim/1517166
TKFEN,2025-11-14 23:58:46,Sorumluluk Beyanı (Konsolide),Sorumluluk Beyanı,FR,https://www.kap.org.tr/tr/Bildirim/1517138
TKFEN,2025-11-14 23:58:27,Finansal Rapor,,FR,https://www.kap.org.tr/tr/Bildirim/1517137
TKFEN,2025-11-14 23:58:02,Faaliyet Raporu (Konsolide),30.06.2025 Faaliyet Raporu,FR,https://www.kap.org.tr/tr/Bildirim/1517136
BIMAS,2025-11-14 23:09:44,Kayıtlı Sermaye Tavanı İşlemlerine İlişkin Bildirim,Kayıtlı Sermaye Sistemine Geçiş ve Esas Sözleşme Tadili için SPKya Yapılan Başvurunun Onaylanması,ODA,https://www.kap.org.tr/tr/Bildirim/1517132
BIMAS,2025-11-14 23:09:31,Esas Sözleşme Tadili,Esas Sözleşme tadiline ilişkin SPK izni ,ODA,https://www.kap.org.tr/tr/Bildirim/1517131
BIMAS,2025-11-14 23:07:32,Payların Geri Alınmasına İlişkin Bildirim,"14 Kasım 2025 Tarihli Pay Geri Alım İşlemleri
",ODA,https://www.kap.org.tr/tr/Bildirim/1517130
VAKBN,2025-11-14 19:10:37,Pay Alım Satım Bildirimi,Vakıf Finansal Kiralama A.Ş. Pay Alım İşlemleri Hk.,ODA,https://www.kap.org.tr/tr/Bildirim/1517104
VAKBN,2025-11-14 19:05:36,Pay Alım Satım Bildirimi,Vakıf Gayrimenkul Yatırım Ortaklığı A.Ş. Pay Alım İşlemleri Hk.,ODA,https://www.kap.org.tr/tr/Bildirim/1517102
VAKBN,2025-11-14 18:46:26,Payların Geri Alınmasına İlişkin Bildirim,Pay Alım Bildirimi,ODA,https://www.kap.org.tr/tr/Bildirim/1517095
VAKBN,2025-11-14 18:37:09,Pay Alım Satım Bildirimi,Vakıf Gayrimenkul Yatırım Ortaklığı A.Ş. Pay Alım İşlemleri Hk.,ODA,https://www.kap.org.tr/tr/Bildirim/1517089
ODAS,2025-11-14 18:35:19,Genel Kurul İşlemlerine İlişkin Bildirim,2024 Yılı Olağan Genel Kurul Toplantısı Çağrısı,ODA,https://www.kap.org.tr/tr/Bildirim/1517086
GARAN,2025-11-14 18:12:59,Özel Durum Açıklaması (Genel),"Tahsili Gecikmiş Alacak Portföyü Alımı
",ODA,https://www.kap.org.tr/tr/Bildirim/1517019
ISCTR,2025-11-14 17:54:50,Özel Durum Açıklaması (Genel),Tahsili Gecikmiş Alacak Satışı,ODA,https://www.kap.org.tr/tr/Bildirim/1517000
YKBNK,2025-11-14 17:48:36,Borçlanma Araçlarının / Kira Sertifikalarının İşlem Görmeye Başlaması,Borçlanma Araçlarının / Kira Sertifikalarının İşlem Görmeye Başlaması,DKB,https://www.kap.org.tr/tr/Bildirim/1516996
KONTR,2025-11-14 16:54:26,"Borçlanma Araçları, Yatırım Fonları ve Varant İtfa/Kupon/Getiri/ Nakdi Uzlaşı Ödeme İşlemleri","Borçlanma Araçları, Yatırım Fonları ve Varant İtfa/Kupon/Getiri/ Nakdi Uzlaşı Ödeme İşlemleri",DKB,https://www.kap.org.tr/tr/Bildirim/1516959
KONTR,2025-11-14 16:50:05,Pay Dışında Sermaye Piyasası Aracı İşlemlerine İlişkin Bildirim (Faiz İçeren),TRSKNTR52618 ISIN Kodlu Tahvilin 6. Kupon Ödemesi,ODA,https://www.kap.org.tr/tr/Bildirim/1516953
KONTR,2025-11-14 16:49:40,Pay Dışında Sermaye Piyasası Aracı İşlemlerine İlişkin Bildirim (Faiz İçeren),TRFKNTR52615 ISIN Kodlu Finansman Bonosunun 2. Kupon Ödemesi,ODA,https://www.kap.org.tr/tr/Bildirim/1516952
MGROS,2025-11-14 16:49:21,Pay Mali Hak Kullanım İşlemi - Nakit Ödeme,Hak Kullanım İşlemleri,DKB,https://www.kap.org.tr/tr/Bildirim/1516951
AKBNK,2025-11-14 16:19:46,İhraç Tavanına İlişkin Bildirim,Yurt Dışında Yeşil/Sürdürülebilir Temalı Borçlanma Aracı Senelik İzin Yenilemesine İlişkin SPK İzni,ODA,https://www.kap.org.tr/tr/Bildirim/1516938
AKBNK,2025-11-14 16:19:24,İhraç Tavanına İlişkin Bildirim,Yurt Dışı Borçlanma Aracı Senelik İzin Yenilemesine İlişkin SPK İzni,ODA,https://www.kap.org.tr/tr/Bildirim/1516936
VAKBN,2025-11-14 15:24:45,Pay Dışında Sermaye Piyasası Aracı İşlemlerine İlişkin Bildirim (Faiz İçeren),Borçlanma Araçlarına İlişkin SPK Başvurusu,ODA,https://www.kap.org.tr/tr/Bildirim/1516907
TAVHL,2025-11-14 15:10:19,Pay Bazında Devre Kesici Bildirimi,TAVHL.E İşlem Sırasında Devre Kesici Uygulaması Başlamıştır,DKB,https://www.kap.org.tr/tr/Bildirim/1516901
GARAN,2025-11-14 14:04:44,İzahname-Sermaye Piyasası Aracı Notu (SPK Tarafından Onaylanan),İzahname  Sermaye Piyasası Aracı Notu,DG,https://www.kap.org.tr/tr/Bildirim/1516862
GARAN,2025-11-14 14:04:07,İzahname-Özet (SPK Tarafından Onaylanan),İzahname  Özet ,DG,https://www.kap.org.tr/tr/Bildirim/1516861
YKBNK,2025-11-14 11:18:27,Şirket Genel Bilgi Formu,,DG,https://www.kap.org.tr/tr/Bildirim/1516805
AKBNK,2025-11-14 09:22:16,Özel Durum Açıklaması (Genel),Takipteki Kredi Alacakları Portföyünün Satışı,ODA,https://www.kap.org.tr/tr/Bildirim/1516738
ASELS,2025-11-14 09:15:35,Yeni İş İlişkisi,"Sözleşme İmzalanması
",ODA,https://www.kap.org.tr/tr/Bildirim/1516736
ARCLK,2025-11-13 19:00:51,Pay Dışında Sermaye Piyasası Aracı İşlemlerine İlişkin Bildirim (Faiz İçeren),TRSARCL52619 ISIN Kodlu Tahvilin 2. Kupon Ödemesi,ODA,https://www.kap.org.tr/tr/Bildirim/1516663
VAKBN,2025-11-13 19:00:26,Pay Alım Satım Bildirimi,Vakıf Finansal Kiralama A.Ş. Pay Alım İşlemleri Hk.,ODA,https://www.kap.org.tr/tr/Bildirim/1516662
VAKBN,2025-11-13 18:58:15,Pay Alım Satım Bildirimi,Vakıf Gayrimenkul Yatırım Ortaklığı A.Ş. Pay Alım İşlemleri Hk.,ODA,https://www.kap.org.tr/tr/Bildirim/1516660
VAKBN,2025-11-13 18:48:30,Payların Geri Alınmasına İlişkin Bildirim,Pay Alım Bildirimi,ODA,https://www.kap.org.tr/tr/Bildirim/1516656
YKBNK,2025-11-13 18:01:43,Pay Dışında Sermaye Piyasası Aracı İşlemlerine İlişkin Bildirim (Faiz İçeren),Nitelikli yatırımcılara borçlanma aracı ihracı,ODA,https://www.kap.org.tr/tr/Bildirim/1516619
ARCLK,2025-11-13 17:16:10,"Borçlanma Araçları, Yatırım Fonları ve Varant İtfa/Kupon/Getiri/ Nakdi Uzlaşı Ödeme İşlemleri","Borçlanma Araçları, Yatırım Fonları ve Varant İtfa/Kupon/Getiri/ Nakdi Uzlaşı Ödeme İşlemleri",DKB,https://www.kap.org.tr/tr/Bildirim/1516565
ODAS,2025-11-13 16:53:51,Özel Durum Açıklaması (Genel),Çan2 Termik Sermaye Avansı hk.,ODA,https://www.kap.org.tr/tr/Bildirim/1516541
KONTR,2025-11-13 16:53:24,Pay Dışında Sermaye Piyasası Aracı İşlemlerine İlişkin Bildirim (Faiz İçeren),TRFKNTR52615 ISIN Kodlu Finansman Bonosunun Kupon Oranının Açıklanması,ODA,https://www.kap.org.tr/tr/Bildirim/1516539
KONTR,2025-11-13 16:52:49,Pay Dışında Sermaye Piyasası Aracı İşlemlerine İlişkin Bildirim (Faiz İçeren),TRSKNTR52618 ISIN Kodlu Tahvile İlişkin Kupon Oranının Açıklanması,ODA,https://www.kap.org.tr/tr/Bildirim/1516538
ODAS,2025-11-13 16:39:37,Genel Kurul İşlemlerine İlişkin Bildirim,2024 Yılı Olağan Genel Kurul Toplantısı Çağrısı,ODA,https://www.kap.org.tr/tr/Bildirim/1516519
TUPRS,2025-11-13 16:35:03,Borsada İşlem Gören Tipe Dönüşüm Duyurusu,DÖNÜŞÜM,DKB,https://www.kap.org.tr/tr/Bildirim/1516505
PETKM,2025-11-13 16:35:03,Borsada İşlem Gören Tipe Dönüşüm Duyurusu,DÖNÜŞÜM,DKB,https://www.kap.org.tr/tr/Bildirim/1516505
ODAS,2025-11-13 16:29:01,Kar Payı Dağıtım İşlemlerine İlişkin Bildirim,Kar Payı Dağıtım İşlemlerine İlişkin Bildirim,ODA,https://www.kap.org.tr/tr/Bildirim/1516497
ISCTR,2025-11-13 15:52:56,Özel Durum Açıklaması (Genel),Türkiye İş Bankası A.Ş. Tahsili Gecikmiş Alacak Portföyü Alımı ,ODA,https://www.kap.org.tr/tr/Bildirim/1516480
YKBNK,2025-11-13 15:38:58,Pay Dışında Sermaye Piyasası Aracı İşlemlerine İlişkin Bildirim (Faiz İçeren),Yurtdışında ihraç edilen borçlanma aracının itfası,ODA,https://www.kap.org.tr/tr/Bildirim/1516473
ARCLK,2025-11-13 08:25:24,Pay Dışında Sermaye Piyasası Aracı İşlemlerine İlişkin Bildirim (Faiz İçeren),TRSARCL52619 ISIN Kodlu Tahvilin 2. Kupon Faiz Oranının Belirlenmesi,ODA,https://www.kap.org.tr/tr/Bildirim/1516330
TCELL,2025-11-12 22:57:13,Payların Geri Alınmasına İlişkin Bildirim,Geri Alım İşlemleri Hakkında,ODA,https://www.kap.org.tr/tr/Bildirim/1516312
AKBNK,2025-11-12 20:50:21,Özel Durum Açıklaması (Genel),İhale sonrası Devir ve Temlik İşlemlerinin tamamlanması hk.,ODA,https://www.kap.org.tr/tr/Bildirim/1516299
KRDMD,2025-11-12 20:48:32,Pay Alım Satım Bildirimi,Pay Alım Satım Bildirimi,ODA,https://www.kap.org.tr/tr/Bildirim/1516298
YKBNK,2025-11-12 19:17:49,Ortaklık Aleyhine Dava Açılması veya Davaya İlişkin Gelişmeler,Genel kurul kararı aleyhine açılan dava hk.,ODA,https://www.kap.org.tr/tr/Bildirim/1516281
VAKBN,2025-11-12 19:12:58,Pay Alım Satım Bildirimi,Vakıf Gayrimenkul Yatırım Ortaklığı A.Ş. Pay Alım İşlemleri Hk.,ODA,https://www.kap.org.tr/tr/Bildirim/1516277
PGSUS,2025-11-12 19:09:01,Özel Durum Açıklaması (Genel),2025 yılı Ekim ayı trafik verileri ve karbon emisyonu istatistikleri ektedir.,ODA,https://www.kap.org.tr/tr/Bildirim/1516276
VAKBN,2025-11-12 18:50:28,Payların Geri Alınmasına İlişkin Bildirim,Pay Alım Bildirimi,ODA,https://www.kap.org.tr/tr/Bildirim/1516247
ISCTR,2025-11-12 18:10:36,Özel Durum Açıklaması (Genel),Tahsili Gecikmiş Alacak Portföyü Alımı - İhaleye Konu Alacakların Devrine Yönelik Sözleşmenin İmza Sürecinin Tamamlanması,ODA,https://www.kap.org.tr/tr/Bildirim/1516199
YKBNK,2025-11-12 17:34:52,Borçlanma Araçlarının / Kira Sertifikalarının İşlem Görmeye Başlaması,Borçlanma Araçlarının / Kira Sertifikalarının İşlem Görmeye Başlaması,DKB,https://www.kap.org.tr/tr/Bildirim/1516158
KRDMD,2025-11-12 17:15:07,Borsada İşlem Gören Tipe Dönüşüm Duyurusu,DÖNÜŞÜM,DKB,https://www.kap.org.tr/tr/Bildirim/1516148
AKBNK,2025-11-12 17:07:22,Pay Dışında Sermaye Piyasası Aracı İşlemlerine İlişkin Bildirim (Faiz İçeren),XS2932792844 ISIN Kodlu Yeşil/Sürdürülebilir Temalı Tahvilin İtfası,ODA,https://www.kap.org.tr/tr/Bildirim/1516144
KONTR,2025-11-12 17:05:27,"Borçlanma Araçları, Yatırım Fonları ve Varant İtfa/Kupon/Getiri/ Nakdi Uzlaşı Ödeme İşlemleri","Borçlanma Araçları, Yatırım Fonları ve Varant İtfa/Kupon/Getiri/Nakdi Uzlaşı Ödeme İşlemleri",DKB,https://www.kap.org.tr/tr/Bildirim/1516139
KRDMD,2025-11-12 17:00:11,Pay Bazında Devre Kesici Bildirimi,KRDMD.E İşlem Sırasında Devre Kesici Uygulaması Başlamıştır,DKB,https://www.kap.org.tr/tr/Bildirim/1516128
EKGYO,2025-11-12 16:32:28,Özel Durum Açıklaması (Genel),Hoşdere Emlak Konut Vadi Evleri 2. Etap Genel Altyapı Kesin Kabulü,ODA,https://www.kap.org.tr/tr/Bildirim/1516099
YKBNK,2025-11-12 16:28:04,Pay Dışında Sermaye Piyasası Aracı İşlemlerine İlişkin Bildirim (Faiz İçeren),Yurtdışında borçlanma aracı ihracının tamamlanması,ODA,https://www.kap.org.tr/tr/Bildirim/1516094
KONTR,2025-11-12 14:57:47,Pay Dışında Sermaye Piyasası Aracı İşlemlerine İlişkin Bildirim (Faiz İçeren),TRFKNTRK2519 ISIN Kodlu Finansman Bonosunun 2. Kupon ve İtfa Ödemesinin Tamamlanması,ODA,https://www.kap.org.tr/tr/Bildirim/1516045
TAVHL,2025-11-12 12:44:05,Özel Durum Açıklaması (Genel),"Yatırımcı Bülteni (Ekim 2025)
",ODA,https://www.kap.org.tr/tr/Bildirim/1516000
EREGL,2025-11-12 12:13:13,SPK İşlem Yasağı Nedeniyle Pay Duyurusu,SPK İşlem Yasağı Nedeniyle Pay Duyurusu,DKB,https://www.kap.org.tr/tr/Bildirim/1515984
GUBRF,2025-11-12 12:13:13,SPK İşlem Yasağı Nedeniyle Pay Duyurusu,SPK İşlem Yasağı Nedeniyle Pay Duyurusu,DKB,https://www.kap.org.tr/tr/Bildirim/1515984
SASA,2025-11-12 11:07:07,Özel Durum Açıklaması (Genel),Rafineri ve Petrokimya Projesi kapsamında Vitol ile Mutabakat Anlaşması imzalanması.,ODA,https://www.kap.org.tr/tr/Bildirim/1515961
MGROS,2025-11-12 09:12:45,BISTECH Pay Piyasası Alım Satım Sistemi Duyurusu,Hak Kullanımı,DKB,https://www.kap.org.tr/tr/Bildirim/1515894
TCELL,2025-11-12 06:55:14,Yeni İş İlişkisi,"Turkcell, Türkiye'nin Dijital Dönüşümü için Google Cloud ile Stratejik Bir İş Birliğine İmza Attı",ODA,https://www.kap.org.tr/tr/Bildirim/1515880
GARAN,2025-11-25 19:11:37,Şirket Genel Bilgi Formu,,DG,https://www.kap.org.tr/tr/Bildirim/1520231
ARCLK,2025-11-25 19:06:01,Kurumsal Yönetim Bilgi Formu (Güncelleme) - Yönetim Kurulu-2,Yönetim Kurulu Komiteleri Tablosunun Güncellenmesi,DG,https://www.kap.org.tr/tr/Bildirim/1520224
KCHOL,2025-11-25 19:06:00,Kurumsal Yönetim Bilgi Formu (Güncelleme) - Yönetim Kurulu-2,Kurumsal Yönetim Bilgi Formu (Güncelleme) - Yönetim Kurulu-2,DG,https://www.kap.org.tr/tr/Bildirim/1520223
ARCLK,2025-11-25 19:05:30,Şirket Genel Bilgi Formu,,DG,https://www.kap.org.tr/tr/Bildirim/1520221
KCHOL,2025-11-25 19:05:25,Şirket Genel Bilgi Formu,,DG,https://www.kap.org.tr/tr/Bildirim/1520220
KCHOL,2025-11-25 18:44:06,Özel Durum Açıklaması (Genel),Bağlı Ortaklık Sermaye Artırımına Katılım,ODA,https://www.kap.org.tr/tr/Bildirim/1520185
AKBNK,2025-11-25 18:32:43,Özel Durum Açıklaması (Genel),Tahsili Gecikmiş Alacak Portföyü Alımı,ODA,https://www.kap.org.tr/tr/Bildirim/1520156
AKBNK,2025-11-25 18:30:57,Özel Durum Açıklaması (Genel),Tahsili Gecikmiş Alacak Portföyü Alımı ,ODA,https://www.kap.org.tr/tr/Bildirim/1520151
GUBRF,2025-11-25 18:25:59,Payların Geri Alınmasına İlişkin Bildirim,Pay Geri Alım Programı Geçerlilik Süresi Hk.,ODA,https://www.kap.org.tr/tr/Bildirim/1520140
TKFEN,2025-11-25 18:16:20,Genel Kurul İşlemlerine İlişkin Bildirim,Olağanüstü Genel Kurul Toplantı Çağrısı,ODA,https://www.kap.org.tr/tr/Bildirim/1520117
ARCLK,2025-11-25 18:15:47,Özel Durum Açıklaması (Genel),Bağımsız yönetim kurulu üyesinin görevinden ayrılması,ODA,https://www.kap.org.tr/tr/Bildirim/1520115
KCHOL,2025-11-25 18:15:39,Özel Durum Açıklaması (Genel),Bağımsız yönetim kurulu üyesinin görevinden ayrılması,ODA,https://www.kap.org.tr/tr/Bildirim/1520113
GARAN,2025-11-25 17:50:12,Yatırım Kuruluşu Varant - Sertifika - Senetlerine İlişkin Bildirim,Yatırım Kuruluşu Varantları İlk Satış Fiyatları ,ODA,https://www.kap.org.tr/tr/Bildirim/1520079
AKBNK,2025-11-25 17:48:47,Pay Dışında Sermaye Piyasası Aracı İşlemlerine İlişkin Bildirim (Faiz İçeren),Yurtdışı Piyasalara Tahvil İhracı,ODA,https://www.kap.org.tr/tr/Bildirim/1520078
AKBNK,2025-11-25 17:48:33,Pay Dışında Sermaye Piyasası Aracı İşlemlerine İlişkin Bildirim (Faiz İçeren),Yurtdışı Piyasalara Tahvil İhracı,ODA,https://www.kap.org.tr/tr/Bildirim/1520077
ISCTR,2025-11-25 16:42:11,İhraç Tavanına İlişkin Bildirim,Yurt Dışında Tahvil veya Bono İhracı için SPK Başvurusu Hakkında,ODA,https://www.kap.org.tr/tr/Bildirim/1520018
ISCTR,2025-11-25 16:41:58,İhraç Tavanına İlişkin Bildirim,Yurt Dışında Yeşil ve/veya Sürdürülebilir Tahvil ve/veya Finansman Bonosu Türünden Borçlanma Aracı İhracı için SPK Başvurusu Hakkında,ODA,https://www.kap.org.tr/tr/Bildirim/1520017
KONTR,2025-11-25 13:01:05,Pay Bazında Devre Kesici Bildirimi,KONTR.E İşlem Sırasında Devre Kesici Uygulaması Başlamıştır,DKB,https://www.kap.org.tr/tr/Bildirim/1519858
KONTR,2025-11-25 10:27:47,Pay Bazında Devre Kesici Bildirimi,KONTR.E İşlem Sırasında Devre Kesici Uygulaması Başlamıştır,DKB,https://www.kap.org.tr/tr/Bildirim/1519729
GARAN,2025-11-25 09:18:01,BISTECH Pay Piyasası Alım Satım Sistemi Duyurusu,Yeni Açılan Varantlar,DKB,https://www.kap.org.tr/tr/Bildirim/1519680
ASELS,2025-11-25 09:16:03,BISTECH Pay Piyasası Alım Satım Sistemi Duyurusu,Hak Kullanımı,DKB,https://www.kap.org.tr/tr/Bildirim/1519678
BIMAS,2025-11-24 21:50:14,Payların Geri Alınmasına İlişkin Bildirim,24 Kasım 2025 Tarihli Pay Geri Alım İşlemleri,ODA,https://www.kap.org.tr/tr/Bildirim/1519656
AKBNK,2025-11-24 17:54:08,Pay Dışında Sermaye Piyasası Aracı İşlemlerine İlişkin Bildirim (Faiz İçeren),Yurtdışı Piyasalara Tahvil İhracı,ODA,https://www.kap.org.tr/tr/Bildirim/1519581
AKBNK,2025-11-24 17:53:49,Pay Dışında Sermaye Piyasası Aracı İşlemlerine İlişkin Bildirim (Faiz İçeren),Yurtdışı Piyasalara Tahvil İhracı,ODA,https://www.kap.org.tr/tr/Bildirim/1519579
AKBNK,2025-11-24 17:53:25,Pay Dışında Sermaye Piyasası Aracı İşlemlerine İlişkin Bildirim (Faiz İçeren),Yurtdışı Piyasalara Tahvil İhracı,ODA,https://www.kap.org.tr/tr/Bildirim/1519578
AKBNK,2025-11-24 17:52:57,Pay Dışında Sermaye Piyasası Aracı İşlemlerine İlişkin Bildirim (Faiz İçeren),Yurtdışı Piyasalara Tahvil İhracı,ODA,https://www.kap.org.tr/tr/Bildirim/1519577
YKBNK,2025-11-24 17:04:01,İhraç Tavanına İlişkin Bildirim,Yurtiçinde yapılandırılmış borçlanma aracı ihraç tavanına ilişkin SPK başvurusu,ODA,https://www.kap.org.tr/tr/Bildirim/1519548
YKBNK,2025-11-24 17:03:36,İzahname (Özet-SPK Onayına Sunulan),Yurtiçi borçlanma aracı ihraç tavanına ilişkin SPK onayına sunulan taslak Özet,DG,https://www.kap.org.tr/tr/Bildirim/1519547
YKBNK,2025-11-24 17:03:20,İzahname (Sermaye Piyasası Aracı Notu-SPK Onayına Sunulan),Yurtiçi borçlanma aracı ihraç tavanına ilişkin SPK onayına sunulan taslak Sermaye Piyasası Aracı Notu,DG,https://www.kap.org.tr/tr/Bildirim/1519546
YKBNK,2025-11-24 17:03:07,İzahname (İhraççı Bilgi Dokümanı-SPK Onayına Sunulan),Yurtiçi borçlanma aracı ihraç tavanına ilişkin SPK onayına sunulan taslak İhraççı Bilgi Dokümanı,DG,https://www.kap.org.tr/tr/Bildirim/1519544
YKBNK,2025-11-24 17:02:50,İhraç Tavanına İlişkin Bildirim,Yurtiçi borçlanma aracı ihraç tavanına ilişkin SPK başvurusu,ODA,https://www.kap.org.tr/tr/Bildirim/1519543
ASELS,2025-11-24 16:53:37,Hak Kullanımı,,DKB,https://www.kap.org.tr/tr/Bildirim/1519522
AKBNK,2025-11-24 16:42:11,Şirket Genel Bilgi Formu,,DG,https://www.kap.org.tr/tr/Bildirim/1519518
VAKBN,2025-11-24 16:17:44,Şirket Genel Bilgi Formu,,DG,https://www.kap.org.tr/tr/Bildirim/1519490
GARAN,2025-11-24 16:01:03,Varantların veya Sertifikaların İşlem Görmeye Başlaması,-,DKB,https://www.kap.org.tr/tr/Bildirim/1519460
EKGYO,2025-11-24 10:22:31,Likidite Sağlayıcılık Kapsamındaki İşlemler,Emlak Konut Damlakent Projesi Gayrimenkul Sertifikalarında (DMLKT.G) Likidite Sağlayacılık Kapsamında Gerçekleştirilen İşlemler 10.11.2025-21.11.2025,DG,https://www.kap.org.tr/tr/Bildirim/1519311
TKFEN,2025-11-24 09:55:04,Özel Durum Açıklaması (Genel),ARY Holding A.Ş. tarafından açılan yönetim kurulu üyelerinin seçiminin iptali davası hakkında,ODA,https://www.kap.org.tr/tr/Bildirim/1519290
EKGYO,2025-11-24 09:32:09,Özel Durum Açıklaması (Genel),Aydın Didim Fevzipaşa 1. Etap 2. Oturum Sonucu,ODA,https://www.kap.org.tr/tr/Bildirim/1519277
KONTR,2025-11-24 09:12:48,Kamuyu Aydınlatma Platformu Duyurusu,Özel Durumlar Tebliği'nin 12-(4). maddesi gereğince yapılan açıklama,DKB,https://www.kap.org.tr/tr/Bildirim/1519259
KONTR,2025-11-24 09:01:29,Pay Alım Satım Bildirimi,Pay Alım Satım Bildirimi,DKB,https://www.kap.org.tr/tr/Bildirim/1519251
KONTR,2025-11-21 19:19:09,Finansal Duran Varlık Edinimi,KMT Yatırım ile Pay Devri Sözleşmesi İmzalanması,ODA,https://www.kap.org.tr/tr/Bildirim/1519091
KONTR,2025-11-21 19:19:03,Finansal Duran Varlık Satışı,Finansal Duran Varlık Satışı,ODA,https://www.kap.org.tr/tr/Bildirim/1519090
ARCLK,2025-11-21 18:50:40,Faaliyetlerin Kısmen veya Tamamen Durdurulması ya da İmkansız Hale Gelmesi,"Tayland, Rayong'da bulunan buzdolabı işletmesinde üretimin durdurulması",ODA,https://www.kap.org.tr/tr/Bildirim/1519084
CIMSA,2025-11-21 18:16:26,Kredi Derecelendirmesi,JCR-ER Kredi Derecelendirme Notu,ODA,https://www.kap.org.tr/tr/Bildirim/1519048
CIMSA,2025-11-21 18:15:58,Kredi Derecelendirmesi,KREDİ DERECELENDİRME BİLDİRİMİ,ODA,https://www.kap.org.tr/tr/Bildirim/1519045
GARAN,2025-11-21 18:15:10,Özel Durum Açıklaması (Genel),Üst Yönetim Değişiklikleri,ODA,https://www.kap.org.tr/tr/Bildirim/1519040
KONTR,2025-11-21 18:13:42,Şirket Genel Bilgi Formu,,DG,https://www.kap.org.tr/tr/Bildirim/1519036
HALKB,2025-11-21 18:05:05,Şirket Genel Bilgi Formu,,DG,https://www.kap.org.tr/tr/Bildirim/1519010
TCELL,2025-11-21 18:02:04,Şirket Genel Bilgi Formu,,DG,https://www.kap.org.tr/tr/Bildirim/1519009
YKBNK,2025-11-21 17:41:19,Şirket Genel Bilgi Formu,,DG,https://www.kap.org.tr/tr/Bildirim/1518996
YKBNK,2025-11-21 17:33:48,Borçlanma Araçlarının / Kira Sertifikalarının İşlem Görmeye Başlaması,Borçlanma Araçlarının / Kira Sertifikalarının İşlem Görmeye Başlaması,DKB,https://www.kap.org.tr/tr/Bildirim/1518991
AKBNK,2025-11-21 15:50:58,Pay Dışında Sermaye Piyasası Aracı İşlemlerine İlişkin Bildirim (Faiz İçeren),Yurtdışı Piyasalara Tahvil İhracı,ODA,https://www.kap.org.tr/tr/Bildirim/1518913
ISCTR,2025-11-21 10:11:18,Pay Dışında Sermaye Piyasası Aracı İşlemlerine İlişkin Bildirim (Faiz İçeren),21.11.2025 vadeli T. İş Bankası A.Ş. Finansman Bonosu İtfası Hakkında,ODA,https://www.kap.org.tr/tr/Bildirim/1518712
TAVHL,2025-11-21 09:17:11,Kayıtlı Sermaye Tavanı İşlemlerine İlişkin Bildirim,Kayıtlı Sermaye Tavanı Geçerlilik Süresinin Uzatılmasına İlişkin SPK Başvurusu,ODA,https://www.kap.org.tr/tr/Bildirim/1518689
TAVHL,2025-11-21 09:16:58,Esas Sözleşme Tadili,Esas Sözleşme Tadili SPK Başvurusu,ODA,https://www.kap.org.tr/tr/Bildirim/1518688
TKFEN,2025-11-21 07:39:41,Şirket Genel Bilgi Formu,,DG,https://www.kap.org.tr/tr/Bildirim/1518634
TKFEN,2025-11-21 07:39:29,Kurumsal Yönetim Bilgi Formu (Güncelleme) - Yönetim Kurulu-2,Kurumsal Yönetim Bilgi Formu ,DG,https://www.kap.org.tr/tr/Bildirim/1518633
GARAN,2025-11-20 18:13:25,Özel Durum Açıklaması (Genel),İhale sonrası Devir ve Temlik İşlemlerinin tamamlanması hk. ,ODA,https://www.kap.org.tr/tr/Bildirim/1518575
AKBNK,2025-11-20 17:51:47,Pay Dışında Sermaye Piyasası Aracı İşlemlerine İlişkin Bildirim (Faiz İçeren),Yurtdışı Piyasalara Tahvil İhracı,ODA,https://www.kap.org.tr/tr/Bildirim/1518552
TCELL,2025-11-20 17:48:41,Borçlanma Araçlarının / Kira Sertifikalarının İşlem Görmeye Başlaması,Borçlanma Araçlarının / Kira Sertifikalarının İşlem Görmeye Başlaması,DKB,https://www.kap.org.tr/tr/Bildirim/1518550
YKBNK,2025-11-20 17:48:27,Pay Dışında Sermaye Piyasası Aracı İşlemlerine İlişkin Bildirim (Faiz İçeren),Nitelikli yatırımcılara borçlanma aracı ihracı,ODA,https://www.kap.org.tr/tr/Bildirim/1518549
EKGYO,2025-11-20 17:07:59,Özel Durum Açıklaması (Genel),İstanbul Ataşehir Küçükbakkalköy İhale İlanı,ODA,https://www.kap.org.tr/tr/Bildirim/1518526
TCELL,2025-11-20 17:03:14,"Borçlanma Araçları, Yatırım Fonları ve Varant İtfa/Kupon/Getiri/ Nakdi Uzlaşı Ödeme İşlemleri","Borçlanma Araçları, Yatırım Fonları ve Varant İtfa/Kupon/Getiri/ Nakdi Uzlaşı Ödeme İşlemleri",DKB,https://www.kap.org.tr/tr/Bildirim/1518520
TCELL,2025-11-20 16:57:16,Pay Dışında Sermaye Piyasası Aracı İşlemlerine İlişkin Bildirim (Faiz İçeren),TRFTCELK2516 Finansman Bonosu İtfası,ODA,https://www.kap.org.tr/tr/Bildirim/1518516
SASA,2025-11-20 12:54:15,Özel Durum Açıklaması (Genel),Yeni Elyaf bölümünün devreye alınması,ODA,https://www.kap.org.tr/tr/Bildirim/1518420
TAVHL,2025-11-20 12:47:54,Esas Sözleşme Tadili,Esas Sözleşme Tadili,ODA,https://www.kap.org.tr/tr/Bildirim/1518417
TAVHL,2025-11-20 12:47:09,Kayıtlı Sermaye Tavanı İşlemlerine İlişkin Bildirim,"Kayıtlı Sermaye Tavanı Geçerlilik Süresinin Uzatılmasına İlişkin Yönetim Kurulu Kararı
",ODA,https://www.kap.org.tr/tr/Bildirim/1518416
EKGYO,2025-11-20 11:00:00,Tertip İhraç Belgesi,Emlak Konut GYO 9.Tertip İhraç Belgesi,DG,https://www.kap.org.tr/tr/Bildirim/1518383
TCELL,2025-11-20 10:39:17,Pay Dışında Sermaye Piyasası Aracı İşlemlerine İlişkin Bildirim (Faiz İçeren),Finansman Bonosu İhracı,ODA,https://www.kap.org.tr/tr/Bildirim/1518376
ISCTR,2025-11-20 10:32:28,Pay Dışında Sermaye Piyasası Aracı İşlemlerine İlişkin Bildirim (Faiz İçeren),20.11.2025 vadeli T. İş Bankası A.Ş. Finansman Bonosu İtfası Hakkında ,ODA,https://www.kap.org.tr/tr/Bildirim/1518370
AKBNK,2025-11-19 18:46:10,Yeşil veya Sürdürülebilir Temalı Sermaye Piyasası Aracına İlişkin Bildirim,Yurt Dışında Yeşil/Sürdürülebilir Temalı Borçlanma Aracı Senelik İzin Yenilemesine İlişkin SPK İzni,DG,https://www.kap.org.tr/tr/Bildirim/1518291
AKBNK,2025-11-19 18:45:41,İhraç Belgesi,Yurt Dışında Yeşil/Sürdürülebilir Temalı Borçlanma Aracı Senelik İzin Yenilemesine İlişkin SPK Onaylı İhraç Belgesi.,DG,https://www.kap.org.tr/tr/Bildirim/1518289
AKBNK,2025-11-19 18:45:08,İhraç Belgesi,Yurt Dışı Borçlanma Aracı Senelik İzin Yenilemesine İlişkin SPK Onaylı İhraç Belgesi,DG,https://www.kap.org.tr/tr/Bildirim/1518288
YKBNK,2025-11-19 18:16:03,Şirket Genel Bilgi Formu,,DG,https://www.kap.org.tr/tr/Bildirim/1518268
YKBNK,2025-11-19 18:15:53,İhraç Tavanına İlişkin Bildirim,Yurtiçinde özkaynak hesaplamasına dahil edilecek nitelikte borçlanma aracı ihraç tavanına ilişkin yönetim kurulu kararı,ODA,https://www.kap.org.tr/tr/Bildirim/1518267
YKBNK,2025-11-19 18:15:24,İhraç Tavanına İlişkin Bildirim,Yurtdışı sürdürülebilir/yeşil/mavi/sosyal borçlanma aracı ihraç limitine ilişkin Yönetim Kurulu kararı,ODA,https://www.kap.org.tr/tr/Bildirim/1518266
YKBNK,2025-11-19 17:37:45,Borçlanma Araçlarının / Kira Sertifikalarının İşlem Görmeye Başlaması,Borçlanma Araçlarının / Kira Sertifikalarının İşlem Görmeye Başlaması,DKB,https://www.kap.org.tr/tr/Bildirim/1518219
THYAO,2025-11-19 17:27:17,Özel Durum Açıklaması (Genel),Ortaklığımızın Air Albania'daki Hisselerinin Satışı,ODA,https://www.kap.org.tr/tr/Bildirim/1518208
GUBRF,2025-11-19 16:55:09,Özel Durum Açıklaması (Genel),Toplu İş Sözleşmesi Anlaşması Hakkında,ODA,https://www.kap.org.tr/tr/Bildirim/1518192
VAKBN,2025-11-19 15:45:41,Pay Dışında Sermaye Piyasası Aracı İşlemlerine İlişkin Bildirim (Faiz İçeren),Borçlanma Araçlarına İlişkin Faiz Açıklaması,ODA,https://www.kap.org.tr/tr/Bildirim/1518125
VAKBN,2025-11-19 15:44:33,İzahname-Özet (SPK Tarafından Onaylanan), İzahname- Özet ,DG,https://www.kap.org.tr/tr/Bildirim/1518124
VAKBN,2025-11-19 15:44:14,İzahname-Sermaye Piyasası Aracı Notu (SPK Tarafından Onaylanan),İzahname- Sermaye Piyasası Aracı Notu,DG,https://www.kap.org.tr/tr/Bildirim/1518123
VAKBN,2025-11-19 15:43:13,İzahname-İhraççı Bİlgi Dokümanı (SPK Tarafından Onaylanan),İzahname- İhraççı Bilgi Dokümanı,DG,https://www.kap.org.tr/tr/Bildirim/1518122
TAVHL,2025-11-19 11:39:17,Birleşme İşlemlerine İlişkin Bildirim,Şirketimizin %100 sahip olduğu TAV Esenboğa Yatırım Yapım ve İşletme A.Ş ile kolaylaştırılmış usulde birleşmesine ilişkin Ticaret Sicil Onayı,ODA,https://www.kap.org.tr/tr/Bildirim/1517969
ASELS,2025-11-19 10:13:47,Yeni İş İlişkisi,Sözleşme İmzalanması,ODA,https://www.kap.org.tr/tr/Bildirim/1517941
MGROS,2025-12-02 21:11:46,Özel Durum Açıklaması (Genel),Kasım 2025 Mağaza Açılışları,ODA,https://www.kap.org.tr/tr/Bildirim/1522426
KCHOL,2025-12-02 18:15:42,Finansal Duran Varlık Edinimi,Tek-Art Kalamış ve Fenerbahçe Marmara Turizm Tesisleri A.Ş.?nin Göcek Village Port Marina ve Göcek Exclusive Port Marina?nın devralınması amaçlı finansal duran varlık ediniminin tamamlanması,ODA,https://www.kap.org.tr/tr/Bildirim/1522298
YKBNK,2025-12-02 17:04:50,İhraç Tavanına İlişkin Bildirim,Yurtdışı sürdürülebilir/yeşil/mavi/sosyal borçlanma aracı ihraç limitine ilişkin SPK başvurusu,ODA,https://www.kap.org.tr/tr/Bildirim/1522207
YKBNK,2025-12-02 17:04:30,İhraç Tavanına İlişkin Bildirim,Yurtiçinde özkaynak hesaplamasına dahil edilecek nitelikte borçlanma aracı ihraç tavanına ilişkin SPK başvurusu,ODA,https://www.kap.org.tr/tr/Bildirim/1522206
SISE,2025-12-02 16:57:38,"Borçlanma Araçları, Yatırım Fonları ve Varant İtfa/Kupon/Getiri/ Nakdi Uzlaşı Ödeme İşlemleri","Borçlanma Araçları, Yatırım Fonları ve Varant İtfa/Kupon/Getiri/ Nakdi Uzlaşı Ödeme İşlemleri",DKB,https://www.kap.org.tr/tr/Bildirim/1522202
FROTO,2025-12-02 16:50:33,Hak Kullanımı,,DKB,https://www.kap.org.tr/tr/Bildirim/1522191
AKBNK,2025-12-02 16:32:45,Pay Dışında Sermaye Piyasası Aracı İşlemlerine İlişkin Bildirim (Faiz İçeren),Yurtdışı Piyasalara Tahvil İhracı,ODA,https://www.kap.org.tr/tr/Bildirim/1522168
SISE,2025-12-02 15:17:38,Pay Dışında Sermaye Piyasası Aracı İşlemlerine İlişkin Bildirim (Faiz İçeren),TRSSISEA2511 Numaralı Tahvilin Kupon Ödemesi ve İtfası,ODA,https://www.kap.org.tr/tr/Bildirim/1522061
EKGYO,2025-12-02 14:09:27,Özel Durum Açıklaması (Genel),İstanbul Bakırköy Şenlik İhale İlanı,ODA,https://www.kap.org.tr/tr/Bildirim/1522007
SISE,2025-12-01 16:54:25,"Borçlanma Araçları, Yatırım Fonları ve Varant İtfa/Kupon/Getiri/ Nakdi Uzlaşı Ödeme İşlemleri","Borçlanma Araçları, Yatırım Fonları ve Varant İtfa/Kupon/Getiri/Nakdi Uzlaşı Ödeme İşlemleri",DKB,https://www.kap.org.tr/tr/Bildirim/1521743
MGROS,2025-12-01 16:52:21,Borsada İşlem Gören Tipe Dönüşüm Duyurusu,DÖNÜŞÜM,DKB,https://www.kap.org.tr/tr/Bildirim/1521741
SISE,2025-12-01 16:25:39,Pay Dışında Sermaye Piyasası Aracı İşlemlerine İlişkin Bildirim (Faiz İçeren),TRSSISE32613 Numaralı Tahvilin Kupon Ödemesi,ODA,https://www.kap.org.tr/tr/Bildirim/1521728
AKBNK,2025-12-01 15:51:51,Pay Dışında Sermaye Piyasası Aracı İşlemlerine İlişkin Bildirim (Faiz İçeren),Yurtdışı Piyasalara Tahvil İhracı,ODA,https://www.kap.org.tr/tr/Bildirim/1521714
AKBNK,2025-12-01 15:51:35,Pay Dışında Sermaye Piyasası Aracı İşlemlerine İlişkin Bildirim (Faiz İçeren),XS2942362950 ISIN Kodlu Yeşil/Sürdürülebilir Temalı Tahvilin İtfası,ODA,https://www.kap.org.tr/tr/Bildirim/1521712
YKBNK,2025-12-01 15:46:45,Pay Dışında Sermaye Piyasası Aracı İşlemlerine İlişkin Bildirim (Faiz İçeren),Yurtdışında ihraç edilen borçlanma aracının itfası,ODA,https://www.kap.org.tr/tr/Bildirim/1521711
ISCTR,2025-12-01 10:13:20,Pay Dışında Sermaye Piyasası Aracı İşlemlerine İlişkin Bildirim (Faiz İçeren),Nitelikli Yatırımcılara Finansman Bonosu Satışının Tamamlanması ,ODA,https://www.kap.org.tr/tr/Bildirim/1521509
PETKM,2025-11-28 21:23:00,Şirket Genel Bilgi Formu,,DG,https://www.kap.org.tr/tr/Bildirim/1521464
PETKM,2025-11-28 21:22:48,Özel Durum Açıklaması (Genel),Petkim Specialities Mühendislik Plastikleri San. ve Tic. A.Ş.'nin sermaye artırımına iştirak edilmesi hakkında,ODA,https://www.kap.org.tr/tr/Bildirim/1521463
SISE,2025-11-28 19:12:31,Pay Dışında Sermaye Piyasası Aracı İşlemlerine İlişkin Bildirim (Faiz İçeren),TRSSISE32613 ISIN Kodlu Tahvilin 7. Kupon Oranı,ODA,https://www.kap.org.tr/tr/Bildirim/1521433
BIMAS,2025-11-28 18:52:45,Payların Geri Alınmasına İlişkin Bildirim,28 Kasım 2025 Tarihli Pay Geri Alım İşlemleri,ODA,https://www.kap.org.tr/tr/Bildirim/1521404
HALKB,2025-11-28 18:19:37,Kredi Derecelendirmesi,JCR Eurasia Rating Notu Hakkında,ODA,https://www.kap.org.tr/tr/Bildirim/1521364
HALKB,2025-11-28 18:16:55,Kredi Derecelendirmesi,KREDİ DERECELENDİRME BİLDİRİMİ,ODA,https://www.kap.org.tr/tr/Bildirim/1521353
TCELL,2025-11-28 17:56:43,Özel Durum Açıklaması (Genel),Yönetici Sorumluluk Sigortası Yenilenmesi,ODA,https://www.kap.org.tr/tr/Bildirim/1521305
KRDMD,2025-11-28 17:51:59,Kayıtlı Sermaye Tavanı İşlemlerine İlişkin Bildirim,Kayıtlı Sermaye Tavanı Geçerlilik Süresi Değişikliği Hk.,ODA,https://www.kap.org.tr/tr/Bildirim/1521297
VAKBN,2025-11-28 17:45:24,Borçlanma Araçlarının / Kira Sertifikalarının İşlem Görmeye Başlaması,Borçlanma Araçlarının / Kira Sertifikalarının İşlem Görmeye Başlaması,DKB,https://www.kap.org.tr/tr/Bildirim/1521294
HALKB,2025-11-28 17:05:49,"Borçlanma Araçları, Yatırım Fonları ve Varant İtfa/Kupon/Getiri/ Nakdi Uzlaşı Ödeme İşlemleri","Borçlanma Araçları, Yatırım Fonları ve Varant İtfa/Kupon/Getiri/Nakdi Uzlaşı Ödeme İşlemleri",DKB,https://www.kap.org.tr/tr/Bildirim/1521273
VAKBN,2025-11-28 14:44:19,Şirket Genel Bilgi Formu,,DG,https://www.kap.org.tr/tr/Bildirim/1521203
VAKBN,2025-11-28 14:41:16,Pay Dışında Sermaye Piyasası Aracı İşlemlerine İlişkin Bildirim (Faiz İçeren),TRFVKFBK2521 ISIN kodlu T. Vakıflar Bankası T.A.O. Finansman Bonolarının İtfası,ODA,https://www.kap.org.tr/tr/Bildirim/1521186
FROTO,2025-11-28 13:38:00,Kayıtlı Sermaye Tavanı İşlemlerine İlişkin Bildirim,Kayıtlı sermaye geçerlilik süresinin uzatılması ve tavan artırımı amaçlı esas sözleşme değişikliğine ilişkin genel kurul onayı,ODA,https://www.kap.org.tr/tr/Bildirim/1521080
FROTO,2025-11-28 13:13:10,Kar Payı Dağıtım İşlemlerine İlişkin Bildirim,Olağanüstü Genel Kurul Kar Dağıtım Sonucu,ODA,https://www.kap.org.tr/tr/Bildirim/1521070
FROTO,2025-11-28 13:02:46,Genel Kurul İşlemlerine İlişkin Bildirim,Olağanüstü Genel Kurul Toplantı Sonucu,ODA,https://www.kap.org.tr/tr/Bildirim/1521067
HALKB,2025-11-28 12:25:10,Pay Dışında Sermaye Piyasası Aracı İşlemlerine İlişkin Bildirim (Faiz İçeren),Yurtiçinde Nitelikli Yatırımcılara Sermaye Benzeri Tahvil Kupon İtfası,ODA,https://www.kap.org.tr/tr/Bildirim/1521062
GUBRF,2025-11-28 11:06:59,Özel Durum Açıklaması (Genel),İhale Sürecine İlişkin Bilgilendirme,ODA,https://www.kap.org.tr/tr/Bildirim/1521029
KONTR,2025-11-27 19:29:02,Sermaye Artırımından Elde Edilecek - Edilen Fonun Kullanımına İlişkin Rapor,Bedelli Sermaye Artırımından Elde Edilecek Fonun Kullanımına İlişkin Rapor,DG,https://www.kap.org.tr/tr/Bildirim/1520932
KONTR,2025-11-27 19:28:55,Sermaye Artırımı - Azaltımı İşlemlerine İlişkin Bildirim,Bedelli Sermaye Artırımına ilişkin Yönetim Kurulu Kararı ,ODA,https://www.kap.org.tr/tr/Bildirim/1520931
HALKB,2025-11-27 18:03:48,Pay Dışında Sermaye Piyasası Aracı İşlemlerine İlişkin Bildirim (Faiz İçeren),Yurtiçinde Nitelikli Yatırımcılara Sermaye Benzeri Tahvil Kupon Oranı,ODA,https://www.kap.org.tr/tr/Bildirim/1520881
EREGL,2025-11-27 17:35:42,Borsada İşlem Gören Tipe Dönüşüm Duyurusu,DÖNÜŞÜM,DKB,https://www.kap.org.tr/tr/Bildirim/1520860
KONTR,2025-11-27 17:35:42,Borsada İşlem Gören Tipe Dönüşüm Duyurusu,DÖNÜŞÜM,DKB,https://www.kap.org.tr/tr/Bildirim/1520860
ASELS,2025-11-27 17:30:39,Pay Mali Hak Kullanım İşlemi - Nakit Ödeme,Hak Kullanım İşlemleri,DKB,https://www.kap.org.tr/tr/Bildirim/1520856
BIMAS,2025-11-27 17:06:56,Genel Kurul İşlemlerine İlişkin Bildirim,Olağanüstü Genel Kurul Toplantısı Çağrısı,ODA,https://www.kap.org.tr/tr/Bildirim/1520840
VAKBN,2025-11-27 15:42:28,Pay Dışında Sermaye Piyasası Aracı İşlemlerine İlişkin Bildirim (Faiz İçeren),Borçlanma Araçlarına İlişkin Satış Sonuçları Açıklaması,ODA,https://www.kap.org.tr/tr/Bildirim/1520794
TCELL,2025-11-27 11:56:18,Pay Dışında Sermaye Piyasası Aracı İşlemlerine İlişkin Bildirim (Faiz İçeren),Finansman Bonosu İhracı,ODA,https://www.kap.org.tr/tr/Bildirim/1520720
EKGYO,2025-11-27 11:07:18,İhraç Belgesi,İHRAÇ BELGESİ,DG,https://www.kap.org.tr/tr/Bildirim/1520702
EKGYO,2025-11-27 11:07:07,İhraç Tavanına İlişkin Bildirim,İhraç Tavanına İlişkin Bildirim,ODA,https://www.kap.org.tr/tr/Bildirim/1520701
TCELL,2025-11-27 09:56:44,Birleşme İşlemlerine İlişkin Bildirim,"Bağlı Ortaklığımız Artel Bilişim Servisleri A.Ş. ile Devralma Yoluyla Birleşme Kararı / SPK Onayı

",ODA,https://www.kap.org.tr/tr/Bildirim/1520652
GARAN,2025-11-27 09:18:37,BISTECH Pay Piyasası Alım Satım Sistemi Duyurusu,Varant Sıralarının Geçici Olarak İşleme Kapatılması,DKB,https://www.kap.org.tr/tr/Bildirim/1520638
VAKBN,2025-11-27 09:02:27,Özel Durum Açıklaması (Genel),Sendikasyon Kredisi Anlaşması,ODA,https://www.kap.org.tr/tr/Bildirim/1520628
CIMSA,2025-11-27 08:53:03,Pay Alım Satım Bildirimi,Pay Alım Satım Bildirimi,DKB,https://www.kap.org.tr/tr/Bildirim/1520622
GARAN,2025-11-27 08:44:54,Yatırım Kuruluşu Varant - Sertifika - Senetlerine İlişkin Bildirim,Yatırım Kuruluşu Varantlarının Yurt Dışı Resmi Tatili Sebebiyle İşlem Sıralarının Kapalı olacağı Tarihler,ODA,https://www.kap.org.tr/tr/Bildirim/1520616
KONTR,2025-11-26 17:04:27,Pay Bazında Devre Kesici Bildirimi,KONTR.E İşlem Sırasında Devre Kesici Uygulaması Başlamıştır,DKB,https://www.kap.org.tr/tr/Bildirim/1520477
ISCTR,2025-11-26 09:57:10,Özel Durum Açıklaması (Genel),Sendikasyon Kredisi Hakkında ,ODA,https://www.kap.org.tr/tr/Bildirim/1520287
EKGYO,2025-12-09 23:11:09,Özel Durum Açıklaması (Genel),İstanbul Ataşehir Küçükbakkalköy 2. Oturum Sonucu,ODA,https://www.kap.org.tr/tr/Bildirim/1525393
EKGYO,2025-12-09 21:56:31,Özel Durum Açıklaması (Genel),İstanbul Esenler Atışalanı  Projesi Yapı Ruhsatı ,ODA,https://www.kap.org.tr/tr/Bildirim/1525381
BIMAS,2025-12-09 21:35:58,Payların Geri Alınmasına İlişkin Bildirim,9 Aralık 2025 Tarihli Pay Geri Alım İşlemleri,ODA,https://www.kap.org.tr/tr/Bildirim/1525380
KCHOL,2025-12-09 19:40:29,Sermaye Artırımı - Azaltımı İşlemlerine İlişkin Bildirim,Tahsisli Sermaye Artırımına İlişkin Borsa İstanbul A.Ş. Başvurusu Hakkında ,ODA,https://www.kap.org.tr/tr/Bildirim/1525363
TKFEN,2025-12-09 18:12:34,Sorumluluk Beyanı (Konsolide),Sorumluluk Beyanı,FR,https://www.kap.org.tr/tr/Bildirim/1525308
TKFEN,2025-12-09 18:12:24,Faaliyet Raporu (Konsolide),30.09.2025 Faaliyet Raporu,FR,https://www.kap.org.tr/tr/Bildirim/1525307
TKFEN,2025-12-09 18:12:15,Finansal Rapor,,FR,https://www.kap.org.tr/tr/Bildirim/1525305
HALKB,2025-12-09 17:37:58,Pay Dışında Sermaye Piyasası Aracı İşlemlerine İlişkin Bildirim (Faiz İçeren),Yurtiçinde Nitelikli Yatırımcılara Sermaye Benzeri Tahvil Kupon Oranı,ODA,https://www.kap.org.tr/tr/Bildirim/1525252
AKBNK,2025-12-09 17:25:09,Pay Dışında Sermaye Piyasası Aracı İşlemlerine İlişkin Bildirim (Faiz İçeren),Yurtdışı Piyasalara Tahvil İhracı,ODA,https://www.kap.org.tr/tr/Bildirim/1525234
AKBNK,2025-12-09 17:24:58,Pay Dışında Sermaye Piyasası Aracı İşlemlerine İlişkin Bildirim (Faiz İçeren),Yurtdışı Piyasalara Tahvil İhracı,ODA,https://www.kap.org.tr/tr/Bildirim/1525233
AKBNK,2025-12-09 17:24:44,Pay Dışında Sermaye Piyasası Aracı İşlemlerine İlişkin Bildirim (Faiz İçeren),Yurtdışı Piyasalara Tahvil İhracı,ODA,https://www.kap.org.tr/tr/Bildirim/1525232
AKBNK,2025-12-09 16:45:28,Pay Dışında Sermaye Piyasası Aracı İşlemlerine İlişkin Bildirim (Faiz İçeren),Yurtdışı Piyasalara Tahvil İhracı,ODA,https://www.kap.org.tr/tr/Bildirim/1525192
ISCTR,2025-12-09 15:40:10,Pay Dışında Sermaye Piyasası Aracı İşlemlerine İlişkin Bildirim (Faiz İçeren),Yurtiçi TL cinsi katkı sermaye hesaplamasına dahil edilecek borçlanma aracı kupon oranı açıklaması ,ODA,https://www.kap.org.tr/tr/Bildirim/1525152
KONTR,2025-12-09 15:39:35,Pay Bazında Devre Kesici Bildirimi,KONTR.E İşlem Sırasında Devre Kesici Uygulaması Başlamıştır,DKB,https://www.kap.org.tr/tr/Bildirim/1525147
TAVHL,2025-12-09 15:07:11,Özel Durum Açıklaması (Genel),"Yatırımcı Bülteni (Kasım 2025)
",ODA,https://www.kap.org.tr/tr/Bildirim/1525130
KONTR,2025-12-09 13:32:53,Pay Bazında Devre Kesici Bildirimi,KONTR.E İşlem Sırasında Devre Kesici Uygulaması Başlamıştır,DKB,https://www.kap.org.tr/tr/Bildirim/1525111
THYAO,2025-12-09 11:25:13,Özel Durum Açıklaması (Genel),Kasım 2025 Trafik Sonuçları,ODA,https://www.kap.org.tr/tr/Bildirim/1525091
KONTR,2025-12-09 09:15:54,BISTECH Pay Piyasası Alım Satım Sistemi Duyurusu,Hak Kullanımı,DKB,https://www.kap.org.tr/tr/Bildirim/1525040
KONTR,2025-12-09 09:10:52,BISTECH Pay Piyasası Alım Satım Sistemi Duyurusu,Yeni Açılan Yeni Pay Alma Hakkı,DKB,https://www.kap.org.tr/tr/Bildirim/1525037
BIMAS,2025-12-08 20:43:25,Payların Geri Alınmasına İlişkin Bildirim,8 Aralık 2025 Tarihli Pay Geri Alım İşlemleri,ODA,https://www.kap.org.tr/tr/Bildirim/1525004
KONTR,2025-12-08 18:32:39,VİOP Özsermaye Hali Duyuruları,VİOP ÖZSERMAYE HALİ DUYURUSU HK. (KONTR),DKB,https://www.kap.org.tr/tr/Bildirim/1524936
KONTR,2025-12-08 18:25:52,Rüçhan Hakkı Referans Fiyatı,-,DKB,https://www.kap.org.tr/tr/Bildirim/1524916
AKBNK,2025-12-08 18:17:31,Pay Dışında Sermaye Piyasası Aracı İşlemlerine İlişkin Bildirim (Faiz İçeren),Yurtdışı Piyasalara Tahvil İhracı,ODA,https://www.kap.org.tr/tr/Bildirim/1524857
AKBNK,2025-12-08 18:17:18,Pay Dışında Sermaye Piyasası Aracı İşlemlerine İlişkin Bildirim (Faiz İçeren),Yurtdışı Piyasalara Tahvil İhracı,ODA,https://www.kap.org.tr/tr/Bildirim/1524855
AKBNK,2025-12-08 18:17:04,Pay Dışında Sermaye Piyasası Aracı İşlemlerine İlişkin Bildirim (Faiz İçeren),Yurtdışı Piyasalara Tahvil İhracı,ODA,https://www.kap.org.tr/tr/Bildirim/1524852
AKBNK,2025-12-08 18:16:49,Pay Dışında Sermaye Piyasası Aracı İşlemlerine İlişkin Bildirim (Faiz İçeren),Yurtdışı Piyasalara Tahvil İhracı,ODA,https://www.kap.org.tr/tr/Bildirim/1524851
AKBNK,2025-12-08 18:16:33,Pay Dışında Sermaye Piyasası Aracı İşlemlerine İlişkin Bildirim (Faiz İçeren),XS2940443539 ISIN Kodlu Yeşil/Sürdürülebilir Temalı Tahvilin İtfası,ODA,https://www.kap.org.tr/tr/Bildirim/1524849
AKBNK,2025-12-08 18:16:17,Pay Dışında Sermaye Piyasası Aracı İşlemlerine İlişkin Bildirim (Faiz İçeren),XS2940456275 ISIN Kodlu Yeşil/Sürdürülebilir Temalı Tahvilin İtfası,ODA,https://www.kap.org.tr/tr/Bildirim/1524846
AKBNK,2025-12-08 18:15:59,İhraç Belgesi,Yurt İçi Borçlanma Aracı SPK Onaylı İhraç Belgesi,DG,https://www.kap.org.tr/tr/Bildirim/1524845
AKBNK,2025-12-08 18:15:39,İhraç Belgesi,Yurt İçi Borçlanma Aracı SPK Onaylı İhraç Belgesi,DG,https://www.kap.org.tr/tr/Bildirim/1524843
VAKBN,2025-12-08 18:03:09,Şirket Genel Bilgi Formu,,DG,https://www.kap.org.tr/tr/Bildirim/1524780
HALKB,2025-12-08 17:16:53,Pay Bazında Devre Kesici Bildirimi,HALKB.E İşlem Sırasında Devre Kesici Uygulaması Başlamıştır,DKB,https://www.kap.org.tr/tr/Bildirim/1524596
VAKBN,2025-12-08 16:58:46,"Borçlanma Araçları, Yatırım Fonları ve Varant İtfa/Kupon/Getiri/ Nakdi Uzlaşı Ödeme İşlemleri","Borçlanma Araçları, Yatırım Fonları ve Varant İtfa/Kupon/Getiri/ Nakdi Uzlaşı Ödeme İşlemleri",DKB,https://www.kap.org.tr/tr/Bildirim/1524585
KONTR,2025-12-08 16:51:50,Hak Kullanımı,,DKB,https://www.kap.org.tr/tr/Bildirim/1524576
SASA,2025-12-08 16:24:57,İhraç Belgesi,Paya Dönüştürülebilir Tahvil İhraç Belgesi,DG,https://www.kap.org.tr/tr/Bildirim/1524549
TCELL,2025-12-08 15:32:47,Şirket Genel Bilgi Formu,,DG,https://www.kap.org.tr/tr/Bildirim/1524530
TCELL,2025-12-08 15:32:37,Özel Durum Açıklaması (Genel),Turktell Bilişim Servisleri A.Ş. Sermaye Artışı,ODA,https://www.kap.org.tr/tr/Bildirim/1524528
EKGYO,2025-12-08 15:24:34,Özel Durum Açıklaması (Genel),İstanbul Başakşehir Güney Ticaret 1. Etap İhale İlanı,ODA,https://www.kap.org.tr/tr/Bildirim/1524513
SASA,2025-12-08 15:21:44,İhraç Tavanına İlişkin Bildirim,Paya Dönüştürülebilir Tahvil İhraç Onayı,ODA,https://www.kap.org.tr/tr/Bildirim/1524511
KONTR,2025-12-08 14:58:50,Sermaye Artırımı - Azaltımı İşlemlerine İlişkin Bildirim,Sermaye Artırımına İlişkin Yeni Pay Alma Hakkı Kullanım Tarihleri ve Rüçhan ISIN Kodu,ODA,https://www.kap.org.tr/tr/Bildirim/1524497
VAKBN,2025-12-08 14:07:28,Pay Dışında Sermaye Piyasası Aracı İşlemlerine İlişkin Bildirim (Faiz İçeren),Yurtiçinde Nitelikli Yatırımcılara Sermaye Benzeri Tahvil 33. Kupon Ödemesi ,ODA,https://www.kap.org.tr/tr/Bildirim/1524417
YKBNK,2025-12-08 11:55:35,Şirket Genel Bilgi Formu,,DG,https://www.kap.org.tr/tr/Bildirim/1524322
YKBNK,2025-12-08 11:55:24,Pay Dışında Sermaye Piyasası Aracı İşlemlerine İlişkin Bildirim (Faiz İçeren),Yurtdışında ihraç edilen borçlanma aracının itfası,ODA,https://www.kap.org.tr/tr/Bildirim/1524321
TAVHL,2025-12-08 10:38:29,Pay Dışında Sermaye Piyasası Aracı İşlemlerine İlişkin Bildirim (Faiz İçeren),Yurt Dışı Tahvil 4. Kupon Ödemesi,ODA,https://www.kap.org.tr/tr/Bildirim/1524243
GARAN,2025-12-08 10:24:19,Kurumsal Yönetim İlkelerine Uyum Derecelendirmesi,Bankamız Kurumsal Yönetim İlkelerine Uyum Notu Hakkında,ODA,https://www.kap.org.tr/tr/Bildirim/1524230
GARAN,2025-12-08 10:07:05,Kurumsal Yönetim İlkelerine Uyum Derecelendirmesi,Bankamız Kurumsal Yönetim İlkelerine Uyum Notu Hakkında,ODA,https://www.kap.org.tr/tr/Bildirim/1524225
AKBNK,2025-12-08 10:03:29,Özel Durum Açıklaması (Genel),Takipteki Kredi Alacakları Portföyünün Satışı,ODA,https://www.kap.org.tr/tr/Bildirim/1524204
EKGYO,2025-12-08 09:41:36,Likidite Sağlayıcılık Kapsamındaki İşlemler,Emlak Konut Damlakent Projesi Gayrimenkul Sertifikalarında (DMLKT.G) Likidite Sağlayacılık Kapsamında Gerçekleştirilen İşlemler 24.11.2025-05.12.2025,DG,https://www.kap.org.tr/tr/Bildirim/1524198
GARAN,2025-12-08 09:33:36,Kurumsal Yönetim İlkelerine Uyum Derecelendirmesi,KURUMSAL YÖNETİM İLKELERİNE UYUM DERECELENDİRMESİ,ODA,https://www.kap.org.tr/tr/Bildirim/1524197
PGSUS,2025-12-08 09:16:00,Özel Durum Açıklaması (Genel),İştirak Payı Edinimine İlişkin Sözleşme ve Bağlı Şirket Kuruluşu,ODA,https://www.kap.org.tr/tr/Bildirim/1524174
BIMAS,2025-12-06 09:17:48,Payların Geri Alınmasına İlişkin Bildirim,5 Aralık 2025 Tarihli Pay Geri Alım İşlemleri,ODA,https://www.kap.org.tr/tr/Bildirim/1524032
KCHOL,2025-12-05 22:00:24,Sermaye Artırımı - Azaltımı İşlemlerine İlişkin Bildirim,Tahsisli Sermaye Artırımına İlişkin SPK Onayı hakkında ,ODA,https://www.kap.org.tr/tr/Bildirim/1524012
MGROS,2025-12-05 21:00:46,Kredi Derecelendirmesi,Fitch Ratings'in kredi derecelendirme notu açıklaması,ODA,https://www.kap.org.tr/tr/Bildirim/1524007
KONTR,2025-12-05 19:32:23,İzahname (SPK Tarafından Onaylanan),Sermaye Artırımı Başvurusu Kapsamında SPK Tarafından Onaylanan İzahname 3.Kısım,DG,https://www.kap.org.tr/tr/Bildirim/1523990
KONTR,2025-12-05 19:31:58,İzahname (SPK Tarafından Onaylanan),Sermaye Artırımı Başvurusu Kapsamında SPK Tarafından Onaylanan İzahname 2.Kısım,DG,https://www.kap.org.tr/tr/Bildirim/1523989
KONTR,2025-12-05 19:31:31,İzahname (SPK Tarafından Onaylanan),Sermaye Artırımı Başvurusu Kapsamında SPK Tarafından Onaylanan İzahname 1.Kısım,DG,https://www.kap.org.tr/tr/Bildirim/1523988
KONTR,2025-12-05 19:30:56,Sermaye Artırımı - Azaltımı İşlemlerine İlişkin Bildirim,Bedelli Sermaye Artırımına İlişkin SPK Onayı ,ODA,https://www.kap.org.tr/tr/Bildirim/1523986
VAKBN,2025-12-05 18:28:03,Özel Durum Açıklaması (Genel),Vakıf Faktoring A.Ş. Paylarının Fiyat İstikrarı Sürecinin Sona Ermesi,ODA,https://www.kap.org.tr/tr/Bildirim/1523928
AKBNK,2025-12-05 18:24:07,Pay Dışında Sermaye Piyasası Aracı İşlemlerine İlişkin Bildirim (Faiz İçeren),Yurtdışı Piyasalara Tahvil İhracı,ODA,https://www.kap.org.tr/tr/Bildirim/1523912
AKBNK,2025-12-05 18:23:53,Pay Dışında Sermaye Piyasası Aracı İşlemlerine İlişkin Bildirim (Faiz İçeren),Yurtdışı Piyasalara Tahvil İhracı,ODA,https://www.kap.org.tr/tr/Bildirim/1523910
AKBNK,2025-12-05 18:23:38,İhraç Tavanına İlişkin Bildirim,Yurt İçi Borçlanma Aracı SPK Onayı,ODA,https://www.kap.org.tr/tr/Bildirim/1523909
AKBNK,2025-12-05 18:23:26,İhraç Tavanına İlişkin Bildirim,Yurt İçi Borçlanma Aracı SPK Onayı,ODA,https://www.kap.org.tr/tr/Bildirim/1523908
HALKB,2025-12-05 18:15:18,Pay Dışında Sermaye Piyasası Aracı İşlemlerine İlişkin Bildirim (Faiz İçeren),Yurtdışı Piyasalara İlave Ana Sermayeye Dahil Edilebilir Tahvil İhracına İlişkin SPK Onayı,ODA,https://www.kap.org.tr/tr/Bildirim/1523903
AKBNK,2025-12-05 18:10:09,Özel Durum Açıklaması (Genel),"İhale sonrası Devir ve Temlik İşlemlerinin tamamlanması hk.
",ODA,https://www.kap.org.tr/tr/Bildirim/1523873
EREGL,2025-12-05 17:41:00,Borçlanma Araçlarının / Kira Sertifikalarının İşlem Görmeye Başlaması,Borçlanma Araçlarının / Kira Sertifikalarının İşlem Görmeye Başlaması,DKB,https://www.kap.org.tr/tr/Bildirim/1523809
HALKB,2025-12-05 17:06:47,Borsada İşlem Gören Tipe Dönüşüm Duyurusu,DÖNÜŞÜM,DKB,https://www.kap.org.tr/tr/Bildirim/1523735
KONTR,2025-12-05 17:02:07,"Borçlanma Araçları, Yatırım Fonları ve Varant İtfa/Kupon/Getiri/ Nakdi Uzlaşı Ödeme İşlemleri","Borçlanma Araçları, Yatırım Fonları ve Varant İtfa/Kupon/Getiri/ Nakdi Uzlaşı Ödeme İşlemleri",DKB,https://www.kap.org.tr/tr/Bildirim/1523727
FROTO,2025-12-05 16:58:43,Pay Mali Hak Kullanım İşlemi - Nakit Ödeme,Hak Kullanım İşlemleri,DKB,https://www.kap.org.tr/tr/Bildirim/1523717
KONTR,2025-12-05 14:12:46,Pay Dışında Sermaye Piyasası Aracı İşlemlerine İlişkin Bildirim (Faiz İçeren),TRFKNTR32617 ISIN Kodlu Finansman Bonosunun 3. Kupon Ödemesi,ODA,https://www.kap.org.tr/tr/Bildirim/1523595
KONTR,2025-12-05 14:12:39,Pay Dışında Sermaye Piyasası Aracı İşlemlerine İlişkin Bildirim (Faiz İçeren),TRFKNTR32625 ISIN Kodlu Finansman Bonosunun 1. Kupon Ödemesi,ODA,https://www.kap.org.tr/tr/Bildirim/1523594
KONTR,2025-12-05 14:12:31,Pay Dışında Sermaye Piyasası Aracı İşlemlerine İlişkin Bildirim (Faiz İçeren),TRFKNTR92611 ISIN Kodlu Finansman Bonosunun 1. Kupon Ödemesi,ODA,https://www.kap.org.tr/tr/Bildirim/1523593
KONTR,2025-12-05 14:12:24,Pay Dışında Sermaye Piyasası Aracı İşlemlerine İlişkin Bildirim (Faiz İçeren),TRSKNTR32719 ISIN Kodlu Tahvilin 3. Kupon Ödemesi,ODA,https://www.kap.org.tr/tr/Bildirim/1523592
KONTR,2025-12-05 14:12:14,Pay Dışında Sermaye Piyasası Aracı İşlemlerine İlişkin Bildirim (Faiz İçeren),TRSKNTR32610 ISIN Kodlu Tahvilin 7. Kupon Ödemesi,ODA,https://www.kap.org.tr/tr/Bildirim/1523591
BIMAS,2025-12-04 22:15:17,Payların Geri Alınmasına İlişkin Bildirim,4 Aralık 2025 Tarihli Pay Geri Alım İşlemleri,ODA,https://www.kap.org.tr/tr/Bildirim/1523401
FROTO,2025-12-04 19:47:15,Esas Sözleşme,Esas Sözleşme,DG,https://www.kap.org.tr/tr/Bildirim/1523386
FROTO,2025-12-04 19:39:55,Kayıtlı Sermaye Tavanı İşlemlerine İlişkin Bildirim,Kayıtlı sermaye geçerlilik süresinin uzatılması ve tavan artırımı amaçlı esas sözleşme değişikliğinin tescili,ODA,https://www.kap.org.tr/tr/Bildirim/1523385
ARCLK,2025-12-04 19:14:19,İhraç Tavanına İlişkin Bildirim,Yurtiçinde borçlanma aracı ihraç edilmesi hakkında karar alınması ve SPK başvurusu,ODA,https://www.kap.org.tr/tr/Bildirim/1523383
YKBNK,2025-12-04 19:02:27,Pay Dışında Sermaye Piyasası Aracı İşlemlerine İlişkin Bildirim (Faiz İçeren),Yurtdışında sermaye benzeri tahvil ihracına ilişkin gelişmeler,ODA,https://www.kap.org.tr/tr/Bildirim/1523382
FROTO,2025-12-04 18:53:04,Genel Kurul İşlemlerine İlişkin Bildirim,Olağanüstü Genel Kurul Tescili Hakkında,ODA,https://www.kap.org.tr/tr/Bildirim/1523381
HALKB,2025-12-04 18:18:51,Pay Dışında Sermaye Piyasası Aracı İşlemlerine İlişkin Bildirim (Faiz İçeren),Yurtdışı Piyasalara İlave Ana Sermayeye Dahil Edilebilir Tahvil İhracına İlişkin SPK Başvurusu,ODA,https://www.kap.org.tr/tr/Bildirim/1523338
HALKB,2025-12-04 18:17:54,Özel Durum Açıklaması (Genel),Yurtdışı Piyasalara İlave Ana Sermayeye Dahil Edilebilir Tahvil İhracının Fiyatlanması,ODA,https://www.kap.org.tr/tr/Bildirim/1523337
TKFEN,2025-12-04 18:15:14,Kredi Derecelendirmesi,KREDİ DERECELENDİRME BİLDİRİMİ,ODA,https://www.kap.org.tr/tr/Bildirim/1523295
AKBNK,2025-12-04 18:12:43,Özel Durum Açıklaması (Genel),Tahsili Gecikmiş Alacak Portföyü Alımı - İhaleye Konu Alacakların Devrine Yönelik Sözleşmenin İmza Sürecinin Tamamlanması,ODA,https://www.kap.org.tr/tr/Bildirim/1523260
YKBNK,2025-12-04 17:47:16,Pay Bazında Devre Kesici Bildirimi,YKBNK.E İşlem Sırasında Devre Kesici Uygulaması Başlamıştır,DKB,https://www.kap.org.tr/tr/Bildirim/1523240
PETKM,2025-12-04 17:29:33,Borsada İşlem Gören Tipe Dönüşüm Duyurusu,DÖNÜŞÜM,DKB,https://www.kap.org.tr/tr/Bildirim/1523222
KONTR,2025-12-04 17:06:28,Pay Dışında Sermaye Piyasası Aracı İşlemlerine İlişkin Bildirim (Faiz İçeren),TRSKNTR32610 ISIN kodlu Tahvile İlişkin Kupon Oranının Açıklanması,ODA,https://www.kap.org.tr/tr/Bildirim/1523189
KONTR,2025-12-04 17:06:19,Pay Dışında Sermaye Piyasası Aracı İşlemlerine İlişkin Bildirim (Faiz İçeren),TRSKNTR32719 ISIN kodlu Tahvile İlişkin Kupon Oranının Açıklanması,ODA,https://www.kap.org.tr/tr/Bildirim/1523188
KONTR,2025-12-04 17:06:09,Pay Dışında Sermaye Piyasası Aracı İşlemlerine İlişkin Bildirim (Faiz İçeren),TRFKNTR92611 ISIN Kodlu Finansman Bonosunun Kupon Oranının Açıklanması,ODA,https://www.kap.org.tr/tr/Bildirim/1523187
KONTR,2025-12-04 17:06:00,Pay Dışında Sermaye Piyasası Aracı İşlemlerine İlişkin Bildirim (Faiz İçeren),TRFKNTR32625 ISIN Kodlu Finansman Bonosunun Kupon Oranının Açıklanması,ODA,https://www.kap.org.tr/tr/Bildirim/1523185
KONTR,2025-12-04 17:05:44,Pay Dışında Sermaye Piyasası Aracı İşlemlerine İlişkin Bildirim (Faiz İçeren),TRFKNTR32617 ISIN kodlu Finansman Bonosuna İlişkin Kupon Oranının Açıklanması,ODA,https://www.kap.org.tr/tr/Bildirim/1523184
EKGYO,2025-12-04 16:55:08,Pay Bazında Devre Kesici Bildirimi,EKGYO.E İşlem Sırasında Devre Kesici Uygulaması Başlamıştır,DKB,https://www.kap.org.tr/tr/Bildirim/1523165
YKBNK,2025-12-04 16:34:00,"Borçlanma Araçları, Yatırım Fonları ve Varant İtfa/Kupon/Getiri/ Nakdi Uzlaşı Ödeme İşlemleri","Borçlanma Araçları, Yatırım Fonları ve Varant İtfa/Kupon/Getiri/ Nakdi Uzlaşı Ödeme İşlemleri",DKB,https://www.kap.org.tr/tr/Bildirim/1523092
HALKB,2025-12-04 15:49:30,Pay Bazında Devre Kesici Bildirimi,HALKB.E İşlem Sırasında Devre Kesici Uygulaması Başlamıştır,DKB,https://www.kap.org.tr/tr/Bildirim/1523055
EKGYO,2025-12-04 15:18:59,Özel Durum Açıklaması (Genel),İstanbul Ataşehir Küçükbakkalköy 2. Oturum Tarihi,ODA,https://www.kap.org.tr/tr/Bildirim/1523020
GUBRF,2025-12-04 14:09:42,VİOP İşlem İptali Duyuruları,VİOP İşlem İptali Duyuruları,DKB,https://www.kap.org.tr/tr/Bildirim/1522975
EKGYO,2025-12-04 13:07:59,Pay Dışında Sermaye Piyasası Aracı İşlemlerine İlişkin Bildirim (Faizsiz),Yurtiçi Kira Sertifikası İtfa ve Getiri Ödemesi,ODA,https://www.kap.org.tr/tr/Bildirim/1522952
HALKB,2025-12-04 11:48:13,Özel Durum Açıklaması (Genel),Yurtdışı Piyasalara İlave Ana Sermayeye Dahil Edilebilir Tahvil İhracına İlişkin Bankaların Yetkilendirilmesi,ODA,https://www.kap.org.tr/tr/Bildirim/1522940
YKBNK,2025-12-04 11:10:34,Özel Durum Açıklaması (Genel),Yurtdışında sermaye benzeri tahvil ihracına ilişkin gelişmeler,ODA,https://www.kap.org.tr/tr/Bildirim/1522928
YKBNK,2025-12-04 10:59:25,Şirket Genel Bilgi Formu,,DG,https://www.kap.org.tr/tr/Bildirim/1522924
YKBNK,2025-12-04 10:59:15,Pay Dışında Sermaye Piyasası Aracı İşlemlerine İlişkin Bildirim (Faiz İçeren),Nitelikli yatırımcılara ihraç edilen borçlanma araçlarının itfası,ODA,https://www.kap.org.tr/tr/Bildirim/1522922
GARAN,2025-12-04 08:11:08,Özel Durum Açıklaması (Genel),Sendikasyon kredisi hakkında,ODA,https://www.kap.org.tr/tr/Bildirim/1522873
EKGYO,2025-12-03 18:21:16,Pay Dışında Sermaye Piyasası Aracı İşlemlerine İlişkin Bildirim (Faizsiz),Yurtiçi Kira Sertifikası İhracı Nitelikli Yatırımcıya Satışın Tamamlanması Hk.,ODA,https://www.kap.org.tr/tr/Bildirim/1522805
GUBRF,2025-12-03 18:11:20,BIST Pay Endeksleri,BIST Geri Alım Endeksi Dönemsel Endeks Değişiklikleri,DKB,https://www.kap.org.tr/tr/Bildirim/1522794
HALKB,2025-12-03 18:01:33,Şirket Genel Bilgi Formu,,DG,https://www.kap.org.tr/tr/Bildirim/1522785
EKGYO,2025-12-03 18:01:06,Özel Durum Açıklaması (Genel),Nişantaşı Koru Kısmi Kesin Kabulü ,ODA,https://www.kap.org.tr/tr/Bildirim/1522784
KONTR,2025-12-03 17:13:06,Pay Bazında Devre Kesici Bildirimi,KONTR.E İşlem Sırasında Devre Kesici Uygulaması Başlamıştır,DKB,https://www.kap.org.tr/tr/Bildirim/1522733
EKGYO,2025-12-03 16:37:18,Özel Durum Açıklaması (Genel),İstanbul Tuzla Aydınlı 1. Etap İhale İlanı,ODA,https://www.kap.org.tr/tr/Bildirim/1522684
TAVHL,2025-12-03 16:06:22,Özel Durum Açıklaması (Genel),Üst Yönetim Değişikliği,ODA,https://www.kap.org.tr/tr/Bildirim/1522626
TAVHL,2025-12-03 15:17:35,Esas Sözleşme Tadili,Esas Sözleşme Tadiline İlişkin SPK Onayı,ODA,https://www.kap.org.tr/tr/Bildirim/1522612
TAVHL,2025-12-03 15:17:14,Kayıtlı Sermaye Tavanı İşlemlerine İlişkin Bildirim,Kayıtlı Sermaye Tavanı Geçerlilik Süresinin Uzatılmasına İlişkin Esas Sözleşme Değişikliğine SPK Onayı,ODA,https://www.kap.org.tr/tr/Bildirim/1522611
BIMAS,2025-12-03 11:34:31,Pay Bazında Devre Kesici Bildirimi,BIMAS.E İşlem Sırasında Devre Kesici Uygulaması Başlamıştır,DKB,https://www.kap.org.tr/tr/Bildirim/1522543
MGROS,2025-12-03 11:29:09,Pay Bazında Devre Kesici Bildirimi,MGROS.E İşlem Sırasında Devre Kesici Uygulaması Başlamıştır,DKB,https://www.kap.org.tr/tr/Bildirim/1522540
ISCTR,2025-12-03 09:33:36,Pay Dışında Sermaye Piyasası Aracı İşlemlerine İlişkin Bildirim (Faiz İçeren),Nitelikli Yatırımcılara Finansman Bonosu Satışının Tamamlanması,ODA,https://www.kap.org.tr/tr/Bildirim/1522471
FROTO,2025-12-03 09:07:03,BISTECH Pay Piyasası Alım Satım Sistemi Duyurusu,Hak Kullanımı,DKB,https://www.kap.org.tr/tr/Bildirim/1522463
EKGYO,2025-12-03 09:00:54,Özel Durum Açıklaması (Genel),İstanbul Ataşehir Küçükbakkalköy 1. Oturum Sonucu,ODA,https://www.kap.org.tr/tr/Bildirim/1522457
PGSUS,2025-12-16 18:34:57,Kredi Derecelendirmesi,Kredi Derecelendirmesi - JCR,ODA,https://www.kap.org.tr/tr/Bildirim/1527194
EKGYO,2025-12-16 18:17:00,Pay Dışında Sermaye Piyasası Aracı İşlemlerine İlişkin Bildirim (Faizsiz),Yurtiçi Kira Sertifikası İhracı Nitelikli Yatırımcıya Satışın Tamamlanması Hk.,ODA,https://www.kap.org.tr/tr/Bildirim/1527173
EKGYO,2025-12-16 18:16:38,Pay Dışında Sermaye Piyasası Aracı İşlemlerine İlişkin Bildirim (Faizsiz),Yurtiçi Kira Sertifikası İhracı Nitelikli Yatırımcıya Satışın Tamamlanması Hk.,ODA,https://www.kap.org.tr/tr/Bildirim/1527172
PGSUS,2025-12-16 18:15:30,Kredi Derecelendirmesi,KREDİ DERECELENDİRME BİLDİRİMİ,ODA,https://www.kap.org.tr/tr/Bildirim/1527168
KCHOL,2025-12-16 18:13:39,Borsa İstanbul A.Ş. Duyurusu,Yatırımcı Bazında Tedbir Uygulanması,DKB,https://www.kap.org.tr/tr/Bildirim/1527163
EREGL,2025-12-16 18:13:39,Borsa İstanbul A.Ş. Duyurusu,Yatırımcı Bazında Tedbir Uygulanması,DKB,https://www.kap.org.tr/tr/Bildirim/1527163
SISE,2025-12-16 18:13:39,Borsa İstanbul A.Ş. Duyurusu,Yatırımcı Bazında Tedbir Uygulanması,DKB,https://www.kap.org.tr/tr/Bildirim/1527163
SAHOL,2025-12-16 18:13:39,Borsa İstanbul A.Ş. Duyurusu,Yatırımcı Bazında Tedbir Uygulanması,DKB,https://www.kap.org.tr/tr/Bildirim/1527163
HALKB,2025-12-16 18:11:48,Şirket Genel Bilgi Formu,,DG,https://www.kap.org.tr/tr/Bildirim/1527158
HALKB,2025-12-16 18:11:40,İhraç Tavanına İlişkin Bildirim,Yurt Dışında Borçlanma Araçları İhracına/Krediye İlişkin Genel Müdürlük Makamı'nın Yetkilendirilmesi,ODA,https://www.kap.org.tr/tr/Bildirim/1527157
EKGYO,2025-12-16 18:05:19,İhraç Tavanına İlişkin Bildirim,VDMK İhracına İlişkin Yönetim Kurulu Kararı,ODA,https://www.kap.org.tr/tr/Bildirim/1527155
HALKB,2025-12-16 17:58:53,Pay Bazında Devre Kesici Bildirimi,HALKB.E İşlem Sırasında Devre Kesici Uygulaması Başlamıştır,DKB,https://www.kap.org.tr/tr/Bildirim/1527153
EKGYO,2025-12-16 17:31:33,Özel Durum Açıklaması (Genel),İstanbul Ataşehir Kayışdağı İhale İlanı,ODA,https://www.kap.org.tr/tr/Bildirim/1527115
EKGYO,2025-12-16 17:30:47,Özel Durum Açıklaması (Genel),İstanbul Başakşehir Güney Ticaret 1.Etap İhalesi 1. Oturum Sonucu,ODA,https://www.kap.org.tr/tr/Bildirim/1527114
AKBNK,2025-12-16 17:14:12,Pay Dışında Sermaye Piyasası Aracı İşlemlerine İlişkin Bildirim (Faiz İçeren),Yurtdışı Piyasalara Tahvil İhracı,ODA,https://www.kap.org.tr/tr/Bildirim/1527103
BIMAS,2025-12-16 16:52:11,Hak Kullanımı,,DKB,https://www.kap.org.tr/tr/Bildirim/1527049
AKBNK,2025-12-16 14:47:35,Pay Dışında Sermaye Piyasası Aracı İşlemlerine İlişkin Bildirim (Faiz İçeren),Yurtdışı Piyasalara Tahvil İhracı,ODA,https://www.kap.org.tr/tr/Bildirim/1526942
SISE,2025-12-16 11:22:22,Kurumsal Yönetim İlkelerine Uyum Derecelendirmesi,Kurumsal Yönetim Derecelendirme Not Bildirimi,ODA,https://www.kap.org.tr/tr/Bildirim/1526876
VAKBN,2025-12-16 11:07:39,Özel Durum Açıklaması (Genel),Uluslararası İmar ve Kalkınma Bankası Kısmı Garantili Proje Onayı Hakkında,ODA,https://www.kap.org.tr/tr/Bildirim/1526866
MGROS,2025-12-16 10:00:10,Özel Durum Açıklaması (Genel),Migros CDP İklim ve Su Global Liderleri arasında,ODA,https://www.kap.org.tr/tr/Bildirim/1526839
KONTR,2025-12-16 08:54:14,Kamuyu Aydınlatma Platformu Duyurusu,Özel Durumlar Tebliği'nin 12-(4). maddesi gereğince yapılan açıklama,DKB,https://www.kap.org.tr/tr/Bildirim/1526820
KONTR,2025-12-16 08:47:44,Pay Alım Satım Bildirimi,Pay Alım Satım Bildirimi,DKB,https://www.kap.org.tr/tr/Bildirim/1526817
SISE,2025-12-16 08:36:28,Kurumsal Yönetim İlkelerine Uyum Derecelendirmesi,Kurumsal Yönetim İlkelerine Uyum Derecelendirilmesi,ODA,https://www.kap.org.tr/tr/Bildirim/1526814
SISE,2025-12-15 21:41:36,Kredi Derecelendirmesi,Şablon Güncellemesi - Kredi Derecelendirme Notu,ODA,https://www.kap.org.tr/tr/Bildirim/1526804
EKGYO,2025-12-15 21:26:12,Özel Durum Açıklaması (Genel),Adana Yüreğir Cumhuriyet 1. Etap İhale İlanı,ODA,https://www.kap.org.tr/tr/Bildirim/1526801
EKGYO,2025-12-15 20:17:34,İhraç Tavanına İlişkin Bildirim,VDMK İhracına İlişkin Yönetim Kurulu Kararı,ODA,https://www.kap.org.tr/tr/Bildirim/1526796
EKGYO,2025-12-15 20:15:03,Özel Durum Açıklaması (Genel),İstanbul Tuzla Aydınlı 1. Etap 2. Oturum Tarihi,ODA,https://www.kap.org.tr/tr/Bildirim/1526795
EKGYO,2025-12-15 20:14:43,Özel Durum Açıklaması (Genel),Tual Gölkaya Yapı Ruhsatı Tadilatı,ODA,https://www.kap.org.tr/tr/Bildirim/1526794
PGSUS,2025-12-15 18:40:28,Özel Durum Açıklaması (Genel),2025 yılı Kasım ayı trafik verileri ve karbon emisyonu istatistikleri ektedir.,ODA,https://www.kap.org.tr/tr/Bildirim/1526775
KONTR,2025-12-15 18:00:10,Özel Durum Açıklaması (Genel),Bağlı Ortaklığımızda Üst Yönetim Yapılanması,ODA,https://www.kap.org.tr/tr/Bildirim/1526731
AKBNK,2025-12-15 17:49:48,Pay Dışında Sermaye Piyasası Aracı İşlemlerine İlişkin Bildirim (Faiz İçeren),Yurtdışı Piyasalara Tahvil İhracı,ODA,https://www.kap.org.tr/tr/Bildirim/1526720
AKBNK,2025-12-15 17:49:37,Pay Dışında Sermaye Piyasası Aracı İşlemlerine İlişkin Bildirim (Faiz İçeren),Yurtdışı Piyasalara Tahvil İhracı,ODA,https://www.kap.org.tr/tr/Bildirim/1526719
KONTR,2025-12-15 17:00:06,Şirket Genel Bilgi Formu,,DG,https://www.kap.org.tr/tr/Bildirim/1526691
GARAN,2025-12-15 15:38:35,Kredi Derecelendirmesi,KREDİ DERECELENDİRME BİLDİRİMİ,ODA,https://www.kap.org.tr/tr/Bildirim/1526602
EKGYO,2025-12-15 10:14:06,Tertip İhraç Belgesi,Emlak Konut GYO 1.Tertip İhraç Belgesi,DG,https://www.kap.org.tr/tr/Bildirim/1526487
EKGYO,2025-12-15 10:13:57,Tertip İhraç Belgesi,Emlak Konut GYO 10.Tertip İhraç Belgesi,DG,https://www.kap.org.tr/tr/Bildirim/1526486
SAHOL,2025-12-15 08:30:47,Özel Durum Açıklaması (Genel),Çeşitli Basın Yayın Organları ve İnternet Sitelerinde Çıkan Haberler Hakkında Açıklama,ODA,https://www.kap.org.tr/tr/Bildirim/1526428
AKBNK,2025-12-12 18:44:01,Pay Dışında Sermaye Piyasası Aracı İşlemlerine İlişkin Bildirim (Faiz İçeren),XS3065229570 ISIN Kodlu İpotek Teminatlı Menkul Kıymet İhracının Kupon Ödemesi,ODA,https://www.kap.org.tr/tr/Bildirim/1526371
AKBNK,2025-12-12 18:43:46,Pay Dışında Sermaye Piyasası Aracı İşlemlerine İlişkin Bildirim (Faiz İçeren),Yurtdışı Piyasalara Tahvil İhracı,ODA,https://www.kap.org.tr/tr/Bildirim/1526369
GARAN,2025-12-12 18:17:06,Özel Durum Açıklaması (Genel),Tahsili gecikmiş alacak portföy satışı hk.,ODA,https://www.kap.org.tr/tr/Bildirim/1526349
GARAN,2025-12-12 18:12:57,Özel Durum Açıklaması (Genel),Tahsili Gecikmiş Alacak Portföyü Alımı,ODA,https://www.kap.org.tr/tr/Bildirim/1526346
GARAN,2025-12-12 18:11:35,Özel Durum Açıklaması (Genel),Tahsili Gecikmiş Alacak Portföyü Alımı,ODA,https://www.kap.org.tr/tr/Bildirim/1526345
YKBNK,2025-12-12 18:11:19,Özel Durum Açıklaması (Genel),Tahsili Gecikmiş Alacak Portföyü Alımı,ODA,https://www.kap.org.tr/tr/Bildirim/1526343
GARAN,2025-12-12 18:10:30,Özel Durum Açıklaması (Genel),Tahsili Gecikmiş Alacak Portföyü Alımı,ODA,https://www.kap.org.tr/tr/Bildirim/1526342
TKFEN,2025-12-12 16:47:09,Özel Durum Açıklaması (Genel),ARY Holding A.Ş. tarafından açılan yönetim kurulu üyelerinin seçiminin iptali davası hakkında,ODA,https://www.kap.org.tr/tr/Bildirim/1526285
KONTR,2025-12-12 15:54:27,Pay Bazında Devre Kesici Bildirimi,KONTR.E İşlem Sırasında Devre Kesici Uygulaması Başlamıştır,DKB,https://www.kap.org.tr/tr/Bildirim/1526248
EKGYO,2025-12-12 14:48:07,Özel Durum Açıklaması (Genel),İzmir Bayraklı 1. Etap İhale İlanı,ODA,https://www.kap.org.tr/tr/Bildirim/1526231
EKGYO,2025-12-12 11:33:43,Özel Durum Açıklaması (Genel),İstanbul Bakırköy Şenlik 2. Oturum Tarihi,ODA,https://www.kap.org.tr/tr/Bildirim/1526187
EKGYO,2025-12-12 09:23:52,Şirket Genel Bilgi Formu,,DG,https://www.kap.org.tr/tr/Bildirim/1526120
EKGYO,2025-12-12 09:23:41,Özel Durum Açıklaması (Genel),İzmir Çeşme Musalla 1.Etap İhale İlanı,ODA,https://www.kap.org.tr/tr/Bildirim/1526119
EKGYO,2025-12-12 09:23:29,Özel Durum Açıklaması (Genel),İstanbul Tuzla Aydınlı 1.Etap İhalesi 1. Oturum Sonucu,ODA,https://www.kap.org.tr/tr/Bildirim/1526118
KONTR,2025-12-12 09:00:02,Kamuyu Aydınlatma Platformu Duyurusu,Özel Durumlar Tebliği'nin 12-(4). maddesi gereğince yapılan açıklama,DKB,https://www.kap.org.tr/tr/Bildirim/1526100
KONTR,2025-12-12 00:31:34,Özel Durum Açıklaması (Genel),Dünya Bankası Grubu Tarafından Uygulanan Yaptırım Hakkında,ODA,https://www.kap.org.tr/tr/Bildirim/1526090
PGSUS,2025-12-12 00:20:54,Şirket Genel Bilgi Formu,,DG,https://www.kap.org.tr/tr/Bildirim/1526089
PGSUS,2025-12-12 00:20:34,Finansal Duran Varlık Edinimi,Yurt Dışında Bağlı Şirket Kuruluşu,ODA,https://www.kap.org.tr/tr/Bildirim/1526088
KCHOL,2025-12-11 22:14:54,Sermaye Artırımı - Azaltımı İşlemlerine İlişkin Bildirim,Tahsisli Sermaye Artırımında Satış Fiyatının Belirlenmesi ile İhraç Belgesinin Onaylanması için SPK?ya Başvurulması  ,ODA,https://www.kap.org.tr/tr/Bildirim/1526086
SISE,2025-12-11 20:55:30,Özel Durum Açıklaması (Genel),Kredi Derecelendirme Notu,ODA,https://www.kap.org.tr/tr/Bildirim/1526079
YKBNK,2025-12-11 18:45:25,Özel Durum Açıklaması (Genel),Tahsili Gecikmiş Alacak Portföyü Alımı ,ODA,https://www.kap.org.tr/tr/Bildirim/1526057
HALKB,2025-12-11 18:31:36,Pay Dışında Sermaye Piyasası Aracı İşlemlerine İlişkin Bildirim (Faiz İçeren),Yurtdışı Piyasalara İlave Ana Sermayeye Dahil Edilebilir Tahvil İhracının Tamamlanması,ODA,https://www.kap.org.tr/tr/Bildirim/1526050
YKBNK,2025-12-11 18:16:09,Şirket Genel Bilgi Formu,,DG,https://www.kap.org.tr/tr/Bildirim/1526040
YKBNK,2025-12-11 18:15:58,Pay Dışında Sermaye Piyasası Aracı İşlemlerine İlişkin Bildirim (Faiz İçeren),Yurtdışında sermaye benzeri tahvil ihracının tamamlanması,ODA,https://www.kap.org.tr/tr/Bildirim/1526038
YKBNK,2025-12-11 18:15:43,Pay Dışında Sermaye Piyasası Aracı İşlemlerine İlişkin Bildirim (Faiz İçeren),Yurtdışında sermaye benzeri tahvil ihracının tamamlanması,ODA,https://www.kap.org.tr/tr/Bildirim/1526037
GARAN,2025-12-11 18:10:13,Özel Durum Açıklaması (Genel),Üst Yönetim Değişiklikleri,ODA,https://www.kap.org.tr/tr/Bildirim/1526029
AKBNK,2025-12-11 17:45:12,Şirket Genel Bilgi Formu,,DG,https://www.kap.org.tr/tr/Bildirim/1526013
AKBNK,2025-12-11 17:44:58,Pay Dışında Sermaye Piyasası Aracı İşlemlerine İlişkin Bildirim (Faiz İçeren),Yurtdışı Piyasalara Tahvil İhracı,ODA,https://www.kap.org.tr/tr/Bildirim/1526011
AKBNK,2025-12-11 17:44:42,Pay Dışında Sermaye Piyasası Aracı İşlemlerine İlişkin Bildirim (Faiz İçeren),Yurtdışı Piyasalara Tahvil İhracı,ODA,https://www.kap.org.tr/tr/Bildirim/1526010
KONTR,2025-12-11 12:31:10,Merkezi Kayıt Kuruluşu A.Ş. Duyurusu,Hak Kullanım İşlemleri,DKB,https://www.kap.org.tr/tr/Bildirim/1525832
SASA,2025-12-11 09:20:30,Pay Alım Satım Bildirimi,Sürekli Bilgilere İlişkin Özel Durum Açıklaması,ODA,https://www.kap.org.tr/tr/Bildirim/1525775
THYAO,2025-12-10 17:49:08,Özel Durum Açıklaması (Genel),Yeni Hat Açılışı,ODA,https://www.kap.org.tr/tr/Bildirim/1525679
THYAO,2025-12-10 17:48:12,Özel Durum Açıklaması (Genel),Ortaklığımızın Stratejik Planı Çerçevesindeki Uçak Kiralamaları,ODA,https://www.kap.org.tr/tr/Bildirim/1525677
AKBNK,2025-12-10 17:38:08,Pay Dışında Sermaye Piyasası Aracı İşlemlerine İlişkin Bildirim (Faiz İçeren),Yurtdışı Piyasalara Tahvil İhracı,ODA,https://www.kap.org.tr/tr/Bildirim/1525665
AKBNK,2025-12-10 17:37:54,Pay Dışında Sermaye Piyasası Aracı İşlemlerine İlişkin Bildirim (Faiz İçeren),Yurtdışı Piyasalara Tahvil İhracı,ODA,https://www.kap.org.tr/tr/Bildirim/1525664
AKBNK,2025-12-10 17:37:37,Pay Dışında Sermaye Piyasası Aracı İşlemlerine İlişkin Bildirim (Faiz İçeren),Yurtdışı Piyasalara Tahvil İhracı,ODA,https://www.kap.org.tr/tr/Bildirim/1525663
AKBNK,2025-12-10 17:37:23,Pay Dışında Sermaye Piyasası Aracı İşlemlerine İlişkin Bildirim (Faiz İçeren),Yurtdışı Piyasalara Tahvil İhracı,ODA,https://www.kap.org.tr/tr/Bildirim/1525662
EKGYO,2025-12-10 17:25:47,Özel Durum Açıklaması (Genel),Köy 3. Etap Kesin Kabul,ODA,https://www.kap.org.tr/tr/Bildirim/1525639
EKGYO,2025-12-10 17:25:34,Özel Durum Açıklaması (Genel),Allsancak Kısmi Kesin Kabul,ODA,https://www.kap.org.tr/tr/Bildirim/1525638
EKGYO,2025-12-10 17:25:25,Özel Durum Açıklaması (Genel),İstanbul Çekmeköy 4. Etap 2. Kısım Kesin Kabulü,ODA,https://www.kap.org.tr/tr/Bildirim/1525635
EKGYO,2025-12-10 17:25:11,Özel Durum Açıklaması (Genel),İstanbul Bakırköy Şenlik İhalesi 1. Oturum Sonucu,ODA,https://www.kap.org.tr/tr/Bildirim/1525634
HALKB,2025-12-10 17:01:00,"Borçlanma Araçları, Yatırım Fonları ve Varant İtfa/Kupon/Getiri/ Nakdi Uzlaşı Ödeme İşlemleri","Borçlanma Araçları, Yatırım Fonları ve Varant İtfa/Kupon/Getiri/ Nakdi Uzlaşı Ödeme İşlemleri",DKB,https://www.kap.org.tr/tr/Bildirim/1525600
YKBNK,2025-12-10 17:01:00,"Borçlanma Araçları, Yatırım Fonları ve Varant İtfa/Kupon/Getiri/ Nakdi Uzlaşı Ödeme İşlemleri","Borçlanma Araçları, Yatırım Fonları ve Varant İtfa/Kupon/Getiri/ Nakdi Uzlaşı Ödeme İşlemleri",DKB,https://www.kap.org.tr/tr/Bildirim/1525600
ASELS,2025-12-10 14:03:39,Kurumsal Yönetim İlkelerine Uyum Derecelendirmesi,Kurumsal Yönetim Derecelendirme Not Bildirimi,ODA,https://www.kap.org.tr/tr/Bildirim/1525506
ASELS,2025-12-10 13:16:36,Kurumsal Yönetim İlkelerine Uyum Derecelendirmesi,Kurumsal Yönetim İlkelerine Uyum Derecelendirmesi,ODA,https://www.kap.org.tr/tr/Bildirim/1525490
ISCTR,2025-12-10 12:20:53,Pay Dışında Sermaye Piyasası Aracı İşlemlerine İlişkin Bildirim (Faiz İçeren),Yurtiçi TL cinsi katkı sermaye hesaplamasına dahil edilecek borçlanma aracı kupon ödemesi,ODA,https://www.kap.org.tr/tr/Bildirim/1525482
YKBNK,2025-12-10 12:06:46,Pay Dışında Sermaye Piyasası Aracı İşlemlerine İlişkin Bildirim (Faiz İçeren),Nitelikli yatırımcılara ihraç edilen borçlanma araçlarının itfası,ODA,https://www.kap.org.tr/tr/Bildirim/1525477
HALKB,2025-12-10 11:09:16,Pay Dışında Sermaye Piyasası Aracı İşlemlerine İlişkin Bildirim (Faiz İçeren),Yurtiçinde Nitelikli Yatırımcılara Sermaye Benzeri Tahvil Kupon İtfası,ODA,https://www.kap.org.tr/tr/Bildirim/1525458
SASA,2025-12-10 09:26:56,Pay Alım Satım Bildirimi,Sürekli Bilgilere İlişkin Özel Durum Açıklaması,ODA,https://www.kap.org.tr/tr/Bildirim/1525414
KONTR,2025-12-10 09:15:07,Pay Alım Satım Bildirimi,Pay Alım Satım Bildirimi,DKB,https://www.kap.org.tr/tr/Bildirim/1525406
KONTR,2025-12-10 08:58:20,Kamuyu Aydınlatma Platformu Duyurusu,Özel Durumlar Tebliği'nin 12-(4). maddesi gereğince yapılan açıklama,DKB,https://www.kap.org.tr/tr/Bildirim/1525401
EKGYO,2025-12-23 19:39:11,Özel Durum Açıklaması (Genel),Adana Yüreğir Cumhuriyet 1.Etap ihalesi 1. Oturum Sonucu,ODA,https://www.kap.org.tr/tr/Bildirim/1529088
EKGYO,2025-12-23 19:38:45,Özel Durum Açıklaması (Genel),İstanbul Esenler Atışalanı 4. Etap Arsa Satışı Karşılığı Gelir Paylaşımı İşi Sözleşme İmzalanması ,ODA,https://www.kap.org.tr/tr/Bildirim/1529087
EKGYO,2025-12-23 19:38:01,Özel Durum Açıklaması (Genel),İstanbul Başakşehir Güney Ticaret 1.Etap 2. Oturum Sonucu,ODA,https://www.kap.org.tr/tr/Bildirim/1529085
EKGYO,2025-12-23 19:37:34,Özel Durum Açıklaması (Genel),İzmir Çeşme Musalla 1. Etap İhalesi 2. Oturum Tarihi ,ODA,https://www.kap.org.tr/tr/Bildirim/1529084
TOASO,2025-12-23 18:47:22,Kredi Derecelendirmesi,JCR-ER Kredi Derecelendirme Notu,ODA,https://www.kap.org.tr/tr/Bildirim/1529064
TOASO,2025-12-23 18:15:48,Kredi Derecelendirmesi,KREDİ DERECELENDİRME BİLDİRİMİ,ODA,https://www.kap.org.tr/tr/Bildirim/1529035
KCHOL,2025-12-23 18:15:12,Özel Durum Açıklaması (Genel),Bağımsız Yönetim Kurulu Üye Adayına İlişkin SPK Başvurusu,ODA,https://www.kap.org.tr/tr/Bildirim/1529032
ARCLK,2025-12-23 18:12:19,Toptan Alış Satış İşlemi ,"Toptan Alış Satış İşlemi
",DKB,https://www.kap.org.tr/tr/Bildirim/1529026
KCHOL,2025-12-23 18:12:19,Toptan Alış Satış İşlemi ,"Toptan Alış Satış İşlemi
",DKB,https://www.kap.org.tr/tr/Bildirim/1529026
AKBNK,2025-12-23 17:59:09,Pay Dışında Sermaye Piyasası Aracı İşlemlerine İlişkin Bildirim (Faiz İçeren),XS2566874884 ISIN Kodlu Yeşil/Sürdürülebilir Temalı Tahvilin İtfası,ODA,https://www.kap.org.tr/tr/Bildirim/1529010
AKBNK,2025-12-23 17:58:39,Pay Dışında Sermaye Piyasası Aracı İşlemlerine İlişkin Bildirim (Faiz İçeren),XS2560028685 ISIN Kodlu Yeşil/Sürdürülebilir Temalı Tahvilin İtfası,ODA,https://www.kap.org.tr/tr/Bildirim/1529008
AKBNK,2025-12-23 17:58:23,Pay Dışında Sermaye Piyasası Aracı İşlemlerine İlişkin Bildirim (Faiz İçeren),XS3101396961 ISIN Kodlu Yurtdışı Piyasalara İhraç Edilen Tahvilin Kupon Ödemesi,ODA,https://www.kap.org.tr/tr/Bildirim/1529007
AKBNK,2025-12-23 17:58:07,Pay Dışında Sermaye Piyasası Aracı İşlemlerine İlişkin Bildirim (Faiz İçeren),Yurtdışı Piyasalara Tahvil İhracı,ODA,https://www.kap.org.tr/tr/Bildirim/1529006
AKBNK,2025-12-23 17:57:50,Pay Dışında Sermaye Piyasası Aracı İşlemlerine İlişkin Bildirim (Faiz İçeren),Yurtdışı Piyasalara Tahvil İhracı,ODA,https://www.kap.org.tr/tr/Bildirim/1529005
YKBNK,2025-12-23 17:02:19,Pay Dışında Sermaye Piyasası Aracı İşlemlerine İlişkin Bildirim (Faiz İçeren),Özkaynak hesaplamasına dahil edilebilir nitelikte yurtiçinde ihraç edilen borçlanma aracının kupon oranı,ODA,https://www.kap.org.tr/tr/Bildirim/1528964
GARAN,2025-12-23 12:52:07,Yatırım Kuruluşu Varant - Sertifika - Senetlerine İlişkin Bildirim,Yatırım Kuruluşu Varantlarının Yurt Dışı Resmi Tatili Sebebiyle İşlem Sıralarının Kapalı olacağı Tarihler,ODA,https://www.kap.org.tr/tr/Bildirim/1528856
GARAN,2025-12-23 10:31:39,Pay Dışında Sermaye Piyasası Aracı İşlemlerine İlişkin Bildirim (Faiz İçeren),MTN ihracı itfası ,ODA,https://www.kap.org.tr/tr/Bildirim/1528810
ISCTR,2025-12-23 10:17:48,Pay Dışında Sermaye Piyasası Aracı İşlemlerine İlişkin Bildirim (Faiz İçeren),23.12.2025 vadeli T. İş Bankası A.Ş. Finansman Bonosu İtfası Hakkında ,ODA,https://www.kap.org.tr/tr/Bildirim/1528805
KCHOL,2025-12-23 08:59:58,Kamuyu Aydınlatma Platformu Duyurusu,Özel Durumlar Tebliği'nin 12-(4). maddesi gereğince yapılan açıklama,DKB,https://www.kap.org.tr/tr/Bildirim/1528759
KONTR,2025-12-23 08:59:58,Kamuyu Aydınlatma Platformu Duyurusu,Özel Durumlar Tebliği'nin 12-(4). maddesi gereğince yapılan açıklama,DKB,https://www.kap.org.tr/tr/Bildirim/1528759
KONTR,2025-12-23 08:35:01,Özel Durum Açıklaması (Genel),Yatırımcı İlişkileri Departman Yapılanması,ODA,https://www.kap.org.tr/tr/Bildirim/1528752
VAKBN,2025-12-23 08:27:48,Özel Durum Açıklaması (Genel),Asya Altyapı Yatırım Bankası (AIIB) ile yapılan kredi anlaşması hakkında,ODA,https://www.kap.org.tr/tr/Bildirim/1528750
KONTR,2025-12-22 20:09:24,Şirket Genel Bilgi Formu,,DG,https://www.kap.org.tr/tr/Bildirim/1528736
KONTR,2025-12-22 19:53:40,Özel Durum Açıklaması (Genel),Yatırımcı İlişkileri Departman Yapılanması,ODA,https://www.kap.org.tr/tr/Bildirim/1528734
TAVHL,2025-12-22 19:08:53,Şirket Genel Bilgi Formu,,DG,https://www.kap.org.tr/tr/Bildirim/1528726
KCHOL,2025-12-22 19:03:12,Sermaye Artırımı - Azaltımı İşlemlerine İlişkin Bildirim,Tahsisli Sermaye Artırımında Payların Satışının Tamamlanması ,ODA,https://www.kap.org.tr/tr/Bildirim/1528725
TOASO,2025-12-22 18:23:28,Şirket Genel Bilgi Formu,,DG,https://www.kap.org.tr/tr/Bildirim/1528682
YKBNK,2025-12-22 18:15:20,Pay Dışında Sermaye Piyasası Aracı İşlemlerine İlişkin Bildirim (Faiz İçeren),Yurtdışında borçlanma aracı ihracının tamamlanması,ODA,https://www.kap.org.tr/tr/Bildirim/1528666
YKBNK,2025-12-22 18:15:09,Ortaklık Aleyhine Dava Açılması veya Davaya İlişkin Gelişmeler,Genel kurul kararı aleyhine açılan dava hk.,ODA,https://www.kap.org.tr/tr/Bildirim/1528665
KRDMD,2025-12-22 17:51:43,Şirket Genel Bilgi Formu,,DG,https://www.kap.org.tr/tr/Bildirim/1528638
VAKBN,2025-12-22 17:50:39,İhraç Tavanına İlişkin Bildirim,Borçlanma Aracı İhraç Limitine İlişkin SPK Başvurusu ,ODA,https://www.kap.org.tr/tr/Bildirim/1528637
VAKBN,2025-12-22 17:50:11,İhraç Tavanına İlişkin Bildirim,Yeşil / Sürdürülebilir Borçlanma Aracı İhraç Limiti SPK Başvurusu ,ODA,https://www.kap.org.tr/tr/Bildirim/1528636
AKBNK,2025-12-22 17:20:59,Pay Dışında Sermaye Piyasası Aracı İşlemlerine İlişkin Bildirim (Faiz İçeren),Yurtdışı Piyasalara Tahvil İhracı,ODA,https://www.kap.org.tr/tr/Bildirim/1528592
KONTR,2025-12-22 17:20:55,Pay Alım Satım Bildirimi,Pay Alım Satım Bildirimi,DKB,https://www.kap.org.tr/tr/Bildirim/1528591
AKBNK,2025-12-22 17:20:44,Pay Dışında Sermaye Piyasası Aracı İşlemlerine İlişkin Bildirim (Faiz İçeren),Yurtdışı Piyasalara Tahvil İhracı,ODA,https://www.kap.org.tr/tr/Bildirim/1528590
SISE,2025-12-22 17:07:10,"Borçlanma Araçları, Yatırım Fonları ve Varant İtfa/Kupon/Getiri/ Nakdi Uzlaşı Ödeme İşlemleri","Borçlanma Araçları, Yatırım Fonları ve Varant İtfa/Kupon/Getiri/ Nakdi Uzlaşı Ödeme İşlemleri",DKB,https://www.kap.org.tr/tr/Bildirim/1528583
KONTR,2025-12-22 16:19:44,Pay Bazında Devre Kesici Bildirimi,KONTR.E İşlem Sırasında Devre Kesici Uygulaması Başlamıştır,DKB,https://www.kap.org.tr/tr/Bildirim/1528547
TAVHL,2025-12-22 16:07:09,Şirket Genel Bilgi Formu,,DG,https://www.kap.org.tr/tr/Bildirim/1528539
EKGYO,2025-12-22 15:42:44,Özel Durum Açıklaması (Genel),İzmir Bayraklı 1. Etap İhalesi 1. Oturum Sonucu,ODA,https://www.kap.org.tr/tr/Bildirim/1528510
EKGYO,2025-12-22 15:42:09,Özel Durum Açıklaması (Genel),Cer İstanbul Yapı Ruhsatı Tadilatı,ODA,https://www.kap.org.tr/tr/Bildirim/1528505
VAKBN,2025-12-22 15:28:26,Pay Dışında Sermaye Piyasası Aracı İşlemlerine İlişkin Bildirim (Faiz İçeren),Borçlanma Araçlarına İlişkin SPK Başvurusu,ODA,https://www.kap.org.tr/tr/Bildirim/1528483
SISE,2025-12-22 15:18:40,Pay Dışında Sermaye Piyasası Aracı İşlemlerine İlişkin Bildirim (Faiz İçeren),TRSSISE32621 Numaralı Tahvilin Kupon Ödemesi,ODA,https://www.kap.org.tr/tr/Bildirim/1528464
TCELL,2025-12-22 14:00:28,Şirket Genel Bilgi Formu,,DG,https://www.kap.org.tr/tr/Bildirim/1528431
KONTR,2025-12-22 13:48:41,Pay Alım Satım Bildirimi,Pay Alım Satım Bildirimi,DKB,https://www.kap.org.tr/tr/Bildirim/1528429
KONTR,2025-12-22 13:43:45,Pay Alım Satım Bildirimi,Pay Alım Satım Bildirimi,DKB,https://www.kap.org.tr/tr/Bildirim/1528427
TAVHL,2025-12-22 13:01:37,Özel Durum Açıklaması (Genel),Özel Durum Açıklaması (Genel),DKB,https://www.kap.org.tr/tr/Bildirim/1528412
ARCLK,2025-12-22 12:26:51,Toptan Alış Satış İşlemi Bildirimi,Arçelik A.Ş. - Toptan Alış Satış İşlem Bildirimi,ODA,https://www.kap.org.tr/tr/Bildirim/1528402
KCHOL,2025-12-22 12:26:51,Toptan Alış Satış İşlemi Bildirimi,Arçelik A.Ş. - Toptan Alış Satış İşlem Bildirimi,ODA,https://www.kap.org.tr/tr/Bildirim/1528402
KONTR,2025-12-22 11:10:18,BISTECH Pay Piyasası Alım Satım Sistemi Duyurusu,Toptan Alış Satış İşlemi,DKB,https://www.kap.org.tr/tr/Bildirim/1528362
TAVHL,2025-12-22 09:09:44,Kamuyu Aydınlatma Platformu Duyurusu,Özel Durumlar Tebliği'nin 12-(4). maddesi gereğince yapılan açıklama,DKB,https://www.kap.org.tr/tr/Bildirim/1528300
KCHOL,2025-12-22 08:39:31,Özel Durum Açıklaması (Genel),Geri alım programı kapsamında edinilen paylara ilişkin işlemler,ODA,https://www.kap.org.tr/tr/Bildirim/1528289
ARCLK,2025-12-22 08:39:31,Özel Durum Açıklaması (Genel),Geri alım programı kapsamında edinilen paylara ilişkin işlemler,ODA,https://www.kap.org.tr/tr/Bildirim/1528289
ARCLK,2025-12-22 08:39:13,Finansal Duran Varlık Edinimi,Arçelik A.Ş. Paylarının Satın Alınması Hk. ,ODA,https://www.kap.org.tr/tr/Bildirim/1528288
KCHOL,2025-12-22 08:39:13,Finansal Duran Varlık Edinimi,Arçelik A.Ş. Paylarının Satın Alınması Hk. ,ODA,https://www.kap.org.tr/tr/Bildirim/1528288
BIMAS,2025-12-19 19:53:52,Kayıtlı Sermaye Tavanı İşlemlerine İlişkin Bildirim,Kayıtlı Sermaye Sistemine Geçiş ve Esas Sözleşme Tadiline İlişkin Genel Kurul Onayı,ODA,https://www.kap.org.tr/tr/Bildirim/1528228
KRDMD,2025-12-19 19:30:43,Özel Durum Açıklaması (Genel),Atama Hk,ODA,https://www.kap.org.tr/tr/Bildirim/1528226
EKGYO,2025-12-19 19:09:36,Özel Durum Açıklaması (Genel),İzmir Çeşme Musalla 1.Etap İhalesi 1. Oturum Sonucu,ODA,https://www.kap.org.tr/tr/Bildirim/1528221
VAKBN,2025-12-19 19:09:13,BIST Pay Endeksleri,"BIST 30, BIST 50, BIST 100, BIST 500, BIST Likit Banka, BIST Banka Dışı Likit 10, BIST Sürdürülebilirlik, BIST Sürdürülebilirlik 25 Dönemsel Endeks Değişiklikleri",DKB,https://www.kap.org.tr/tr/Bildirim/1528220
SISE,2025-12-19 19:09:13,BIST Pay Endeksleri,"BIST 30, BIST 50, BIST 100, BIST 500, BIST Likit Banka, BIST Banka Dışı Likit 10, BIST Sürdürülebilirlik, BIST Sürdürülebilirlik 25 Dönemsel Endeks Değişiklikleri",DKB,https://www.kap.org.tr/tr/Bildirim/1528220
SAHOL,2025-12-19 19:09:13,BIST Pay Endeksleri,"BIST 30, BIST 50, BIST 100, BIST 500, BIST Likit Banka, BIST Banka Dışı Likit 10, BIST Sürdürülebilirlik, BIST Sürdürülebilirlik 25 Dönemsel Endeks Değişiklikleri",DKB,https://www.kap.org.tr/tr/Bildirim/1528220
TKFEN,2025-12-19 19:09:13,BIST Pay Endeksleri,"BIST 30, BIST 50, BIST 100, BIST 500, BIST Likit Banka, BIST Banka Dışı Likit 10, BIST Sürdürülebilirlik, BIST Sürdürülebilirlik 25 Dönemsel Endeks Değişiklikleri",DKB,https://www.kap.org.tr/tr/Bildirim/1528220
CIMSA,2025-12-19 19:09:13,BIST Pay Endeksleri,"BIST 30, BIST 50, BIST 100, BIST 500, BIST Likit Banka, BIST Banka Dışı Likit 10, BIST Sürdürülebilirlik, BIST Sürdürülebilirlik 25 Dönemsel Endeks Değişiklikleri",DKB,https://www.kap.org.tr/tr/Bildirim/1528220
BIMAS,2025-12-19 19:06:54,Payların Geri Alınmasına İlişkin Bildirim,Pay Geri Alım Programının Olağanüstü Genel Kurul İle Birlikte Sonra Ermesi Hakkında,ODA,https://www.kap.org.tr/tr/Bildirim/1528218
SASA,2025-12-19 19:04:21,Pay Alım Satım Bildirimi,"Sürekli Bilgilere İlişkin Özel Durum Açıklaması
",ODA,https://www.kap.org.tr/tr/Bildirim/1528217
BIMAS,2025-12-19 18:56:28,Genel Kurul İşlemlerine İlişkin Bildirim,Olağanüstü Genel Kurul Toplantısı Sonucu,ODA,https://www.kap.org.tr/tr/Bildirim/1528212
KONTR,2025-12-19 18:36:23,Toptan Alış Satış İşlemi ,Toptan Alış Satış İşlemi ,DKB,https://www.kap.org.tr/tr/Bildirim/1528206
KRDMD,2025-12-19 18:34:01,Özel Durum Açıklaması (Genel),Görevden Ayrılma ve Atama,ODA,https://www.kap.org.tr/tr/Bildirim/1528203
SISE,2025-12-19 18:24:47,Pay Dışında Sermaye Piyasası Aracı İşlemlerine İlişkin Bildirim (Faiz İçeren),TRSSISE32621 ISIN Kodlu Tahvilin 7. Kupon Oranı,ODA,https://www.kap.org.tr/tr/Bildirim/1528191
ARCLK,2025-12-19 18:19:18,Kredi Derecelendirmesi,JCR-ER Kredi Derecelendirme Notu,ODA,https://www.kap.org.tr/tr/Bildirim/1528184
KCHOL,2025-12-19 18:15:37,Özel Durum Açıklaması (Genel),Bağımsız yönetim kurulu üye adayının belirlenmesi ,ODA,https://www.kap.org.tr/tr/Bildirim/1528177
ARCLK,2025-12-19 18:15:04,Kredi Derecelendirmesi,KREDİ DERECELENDİRME BİLDİRİMİ,ODA,https://www.kap.org.tr/tr/Bildirim/1528174
KCHOL,2025-12-19 18:13:11,Toptan Alış Satış İşlemi Duyurusu,Toptan Alış Satış İşlemi Duyurusu,DKB,https://www.kap.org.tr/tr/Bildirim/1528171
AKBNK,2025-12-19 17:24:58,Pay Dışında Sermaye Piyasası Aracı İşlemlerine İlişkin Bildirim (Faiz İçeren),Yurtdışı Piyasalara Tahvil İhracı,ODA,https://www.kap.org.tr/tr/Bildirim/1528138
VAKBN,2025-12-19 17:19:22,"Borçlanma Araçları, Yatırım Fonları ve Varant İtfa/Kupon/Getiri/ Nakdi Uzlaşı Ödeme İşlemleri","Borçlanma Araçları, Yatırım Fonları ve Varant İtfa/Kupon/Getiri/Nakdi Uzlaşı Ödeme İşlemleri",DKB,https://www.kap.org.tr/tr/Bildirim/1528136
BIMAS,2025-12-19 16:56:26,Pay Mali Hak Kullanım İşlemi - Nakit Ödeme,Hak Kullanım İşlemleri,DKB,https://www.kap.org.tr/tr/Bildirim/1528121
ASELS,2025-12-19 15:21:47,VİOP İşlem İptali Duyuruları,VİOP İşlem İptali Duyuruları,DKB,https://www.kap.org.tr/tr/Bildirim/1528057
VAKBN,2025-12-19 15:03:06,Pay Dışında Sermaye Piyasası Aracı İşlemlerine İlişkin Bildirim (Faiz İçeren),Yurt İçinde Nitelikli Yatırımcılara İhraç Edilen Sermaye Benzeri Tahvilin 25. Kupon Ödemesi,ODA,https://www.kap.org.tr/tr/Bildirim/1528052
ASELS,2025-12-19 14:00:26,Yeni İş İlişkisi,Sözleşme İmzalanması,ODA,https://www.kap.org.tr/tr/Bildirim/1528017
HALKB,2025-12-19 12:02:59,Pay Dışında Sermaye Piyasası Aracı İşlemlerine İlişkin Bildirim (Faizsiz),Yurtiçi Kira Sertifikası İtfa ve Getiri Ödemesi,ODA,https://www.kap.org.tr/tr/Bildirim/1527990
ISCTR,2025-12-19 11:06:11,Pay Dışında Sermaye Piyasası Aracı İşlemlerine İlişkin Bildirim (Faiz İçeren),Yeşil Özel Sektör Tahvili Kupon ve İtfa Ödemesi ,ODA,https://www.kap.org.tr/tr/Bildirim/1527965
KCHOL,2025-12-19 09:14:19,Kamuyu Aydınlatma Platformu Duyurusu,Özel Durumlar Tebliği'nin 12-(4). maddesi gereğince yapılan açıklama,DKB,https://www.kap.org.tr/tr/Bildirim/1527903
GARAN,2025-12-18 18:40:27,Özel Durum Açıklaması (Genel),"İhale sonrası Devir ve Temlik İşlemlerinin tamamlanması hk.
",ODA,https://www.kap.org.tr/tr/Bildirim/1527862
PGSUS,2025-12-18 18:21:25,Özel Durum Açıklaması (Genel),Boeing 737-10 Filosu İçin CFM Motor Tedarik ve Bakım Anlaşmaları,ODA,https://www.kap.org.tr/tr/Bildirim/1527851
SAHOL,2025-12-18 18:19:33,Payların Geri Alınmasına İlişkin Bildirim,Geri Alım Programının Sona Ermesi,ODA,https://www.kap.org.tr/tr/Bildirim/1527846
GARAN,2025-12-18 18:11:56,Özel Durum Açıklaması (Genel),Tahsili Gecikmiş Alacak Portföyü Alımı - İhaleye Konu Alacakların Devrine Yönelik Sözleşmenin İmza Sürecinin Tamamlanması,ODA,https://www.kap.org.tr/tr/Bildirim/1527839
VAKBN,2025-12-18 17:56:05,İhraç Tavanına İlişkin Bildirim,Borçlanma Aracı İhraç Limiti Yönetim Kurulu Kararı ,ODA,https://www.kap.org.tr/tr/Bildirim/1527801
TAVHL,2025-12-18 17:55:58,Özel Durum Açıklaması (Genel),Aeroports de Paris SA ile Tank ÖWA alpha GmbH?nın Birleşmesi,ODA,https://www.kap.org.tr/tr/Bildirim/1527800
VAKBN,2025-12-18 17:55:47,İhraç Tavanına İlişkin Bildirim,Yeşil / Sürdürülebilir Borçlanma Aracı İhraç Limiti Yönetim Kurulu Kararı ,ODA,https://www.kap.org.tr/tr/Bildirim/1527799
ISCTR,2025-12-18 17:38:11,Pay Dışında Sermaye Piyasası Aracı İşlemlerine İlişkin Bildirim (Faiz İçeren),Yeşil Özel Sektör Tahvili Kupon Oranı Açıklaması ,ODA,https://www.kap.org.tr/tr/Bildirim/1527783
ISCTR,2025-12-18 17:37:42,Yeşil veya Sürdürülebilir Temalı Sermaye Piyasası Aracına İlişkin Bildirim,Yurt İçi Yeşil Borçlanma Araçları Fon Kullanımı ve Etki Raporu,DG,https://www.kap.org.tr/tr/Bildirim/1527782
EKGYO,2025-12-18 17:28:17,Borsada İşlem Gören Tipe Dönüşüm Duyurusu,DÖNÜŞÜM,DKB,https://www.kap.org.tr/tr/Bildirim/1527770
KONTR,2025-12-18 17:28:17,Borsada İşlem Gören Tipe Dönüşüm Duyurusu,DÖNÜŞÜM,DKB,https://www.kap.org.tr/tr/Bildirim/1527770
TKFEN,2025-12-18 17:24:10,Yönetim Kurulu Komiteleri,Yönetim Kurulu Komite Üyeliklerinin Belirlenmesi,ODA,https://www.kap.org.tr/tr/Bildirim/1527767
TKFEN,2025-12-18 17:18:52,Genel Kurul İşlemlerine İlişkin Bildirim,Olağanüstü Genel Kurul Toplantı Sonucu,ODA,https://www.kap.org.tr/tr/Bildirim/1527757
VAKBN,2025-12-18 17:10:27,Pay Dışında Sermaye Piyasası Aracı İşlemlerine İlişkin Bildirim (Faiz İçeren),Yurt İçinde Nitelikli Yatırımcılara İhraç Edilen Sermaye Benzeri Tahvilin 26. Kuponunun Belirlenmesi,ODA,https://www.kap.org.tr/tr/Bildirim/1527752
KONTR,2025-12-18 16:51:21,Toptan Alış Satış İşlemi Bildirimi,Kontrolmatik Teknoloji Enerji ve Mühendislik A.Ş. Toptan Alış Satış İşlem Bildirimi,ODA,https://www.kap.org.tr/tr/Bildirim/1527739
AKBNK,2025-12-18 16:42:06,Şirket Genel Bilgi Formu,,DG,https://www.kap.org.tr/tr/Bildirim/1527733
AKBNK,2025-12-18 16:41:50,Pay Dışında Sermaye Piyasası Aracı İşlemlerine İlişkin Bildirim (Faiz İçeren),Yurtdışı Piyasalara Tahvil İhracı,ODA,https://www.kap.org.tr/tr/Bildirim/1527732
TAVHL,2025-12-18 16:35:47,Özel Durum Açıklaması (Genel),Özel Durum Açıklaması (Genel),DKB,https://www.kap.org.tr/tr/Bildirim/1527728
EKGYO,2025-12-18 16:27:01,Özel Durum Açıklaması (Genel),İstanbul Başakşehir Güney Ticaret   İhalesi 1. Etap 2. Oturum Tarihi,ODA,https://www.kap.org.tr/tr/Bildirim/1527723
TKFEN,2025-12-18 14:25:09,Pay Bazında Devre Kesici Bildirimi,TKFEN.E İşlem Sırasında Devre Kesici Uygulaması Başlamıştır,DKB,https://www.kap.org.tr/tr/Bildirim/1527653
KCHOL,2025-12-18 12:14:34,Toptan Alış Satış İşlemi Bildirimi,Marmaris Altınyunus Turistik Tesisler A.Ş. - Toptan Alış Satış İşlem Bildirimi,ODA,https://www.kap.org.tr/tr/Bildirim/1527631
ISCTR,2025-12-18 10:30:36,Pay Dışında Sermaye Piyasası Aracı İşlemlerine İlişkin Bildirim (Faiz İçeren),Yurtiçi TL cinsi katkı sermaye hesaplamasına dahil edilecek borçlanma aracı kupon ödemesi ,ODA,https://www.kap.org.tr/tr/Bildirim/1527599
TKFEN,2025-12-18 08:59:32,Kamuyu Aydınlatma Platformu Duyurusu,Özel Durumlar Tebliği'nin 12-(4). maddesi gereğince yapılan açıklama,DKB,https://www.kap.org.tr/tr/Bildirim/1527558
KCHOL,2025-12-17 18:54:07,Sermaye Artırımı - Azaltımı İşlemlerine İlişkin Bildirim,Tahsisli Sermaye Artırımı İhraç Belgesinin Onaylanması ,ODA,https://www.kap.org.tr/tr/Bildirim/1527530
ISCTR,2025-12-17 18:40:27,İhraç Tavanına İlişkin Bildirim,Yurt İçinde Borçlanma Aracı İhracına İlişkin SPK Başvurusu ,ODA,https://www.kap.org.tr/tr/Bildirim/1527526
ISCTR,2025-12-17 18:40:12,İhraç Tavanına İlişkin Bildirim,Yurt İçinde Sermaye Benzeri Tahvil İhracına İlişkin SPK Başvurusu,ODA,https://www.kap.org.tr/tr/Bildirim/1527525
ISCTR,2025-12-17 18:40:01,İhraç Tavanına İlişkin Bildirim,Yurtiçi Yeşil/Sürdürülebilir Borçlanma Aracı İhracına İlişkin SPK Başvurusu,ODA,https://www.kap.org.tr/tr/Bildirim/1527524
ISCTR,2025-12-17 18:39:50,İzahname (Özet-SPK Onayına Sunulan),-,DG,https://www.kap.org.tr/tr/Bildirim/1527523
ISCTR,2025-12-17 18:39:38,İzahname (Özet-SPK Onayına Sunulan),-,DG,https://www.kap.org.tr/tr/Bildirim/1527522
ISCTR,2025-12-17 18:39:27,İzahname (Sermaye Piyasası Aracı Notu-SPK Onayına Sunulan),-,DG,https://www.kap.org.tr/tr/Bildirim/1527521
ISCTR,2025-12-17 18:39:14,İzahname (Sermaye Piyasası Aracı Notu-SPK Onayına Sunulan),-,DG,https://www.kap.org.tr/tr/Bildirim/1527520
ISCTR,2025-12-17 18:39:03,İzahname (İhraççı Bilgi Dokümanı-SPK Onayına Sunulan),-,DG,https://www.kap.org.tr/tr/Bildirim/1527519
ISCTR,2025-12-17 18:38:50,İzahname (İhraççı Bilgi Dokümanı-SPK Onayına Sunulan),-,DG,https://www.kap.org.tr/tr/Bildirim/1527518
ARCLK,2025-12-17 18:27:38,Özel Durum Açıklaması (Genel),Grundig Markasının Yurtdışında Belirli Süre ile Lisanslamasına ilişkin Sözleşme İmzalanması,ODA,https://www.kap.org.tr/tr/Bildirim/1527513
EKGYO,2025-12-17 18:16:30,Özel Durum Açıklaması (Genel),İstanbul Tuzla Aydınlı 1. Etap 2. Oturum Sonucu,ODA,https://www.kap.org.tr/tr/Bildirim/1527503
GARAN,2025-12-17 18:09:28,Özel Durum Açıklaması (Genel),Tahsili Gecikmiş Alacak Portföyü Alımı-İhaleye Konu Alacakların Devrine Yönelik Sözleşmenin İmza Sürecinin Tamamlanması,ODA,https://www.kap.org.tr/tr/Bildirim/1527496
AKBNK,2025-12-17 18:09:13,Özel Durum Açıklaması (Genel),Tahsili Gecikmiş Alacak Portföyü Alımı,ODA,https://www.kap.org.tr/tr/Bildirim/1527495
AKBNK,2025-12-17 17:59:15,Pay Dışında Sermaye Piyasası Aracı İşlemlerine İlişkin Bildirim (Faiz İçeren),Yurtdışı Piyasalara Tahvil İhracı,ODA,https://www.kap.org.tr/tr/Bildirim/1527492
ODAS,2025-12-17 17:08:19,Özel Durum Açıklaması (Genel),Sürdürülebilirlik Güvence Denetimini Yapmak Üzere Bağımsız Denetim Kuruluşunun Genel Kurulda Onaylanması,ODA,https://www.kap.org.tr/tr/Bildirim/1527444
ODAS,2025-12-17 17:07:31,Bağımsız Denetim Kuruluşunun Belirlenmesi,Bağımsız Denetim Kuruluşu Seçiminin Genel Kurulda Onaylanması,ODA,https://www.kap.org.tr/tr/Bildirim/1527435
ODAS,2025-12-17 17:06:57,Kar Payı Dağıtım İşlemlerine İlişkin Bildirim,Kar Payı Dağıtım İşlemlerine İlişkin Genel Kurul Kararı,ODA,https://www.kap.org.tr/tr/Bildirim/1527434
ODAS,2025-12-17 17:00:20,Genel Kurul İşlemlerine İlişkin Bildirim,2024 Olağan Genel Kurul Toplantısı Sonucu,ODA,https://www.kap.org.tr/tr/Bildirim/1527425
MGROS,2025-12-17 16:55:48,Borsada İşlem Gören Tipe Dönüşüm Duyurusu,DÖNÜŞÜM,DKB,https://www.kap.org.tr/tr/Bildirim/1527423
YKBNK,2025-12-17 16:54:40,"Borçlanma Araçları, Yatırım Fonları ve Varant İtfa/Kupon/Getiri/ Nakdi Uzlaşı Ödeme İşlemleri","Borçlanma Araçları, Yatırım Fonları ve Varant İtfa/Kupon/Getiri/ Nakdi Uzlaşı Ödeme İşlemleri",DKB,https://www.kap.org.tr/tr/Bildirim/1527422
TCELL,2025-12-17 16:21:38,Şirket Genel Bilgi Formu,,DG,https://www.kap.org.tr/tr/Bildirim/1527410
EKGYO,2025-12-17 14:54:00,Pay Dışında Sermaye Piyasası Aracı İşlemlerine İlişkin Bildirim (Faizsiz),Yurtiçi Kira Sertifikası İtfa ve Getiri Ödemesi,ODA,https://www.kap.org.tr/tr/Bildirim/1527363
EKGYO,2025-12-17 14:53:40,Pay Dışında Sermaye Piyasası Aracı İşlemlerine İlişkin Bildirim (Faizsiz),Yurtiçi Kira Sertifikası İtfa ve Getiri Ödemesi,ODA,https://www.kap.org.tr/tr/Bildirim/1527362
YKBNK,2025-12-17 14:32:15,Şirket Genel Bilgi Formu,,DG,https://www.kap.org.tr/tr/Bildirim/1527356
YKBNK,2025-12-17 14:32:06,Pay Dışında Sermaye Piyasası Aracı İşlemlerine İlişkin Bildirim (Faiz İçeren),Nitelikli yatırımcılara ihraç edilen borçlanma araçlarının itfası,ODA,https://www.kap.org.tr/tr/Bildirim/1527355
KONTR,2025-12-17 14:10:44,Özel Durum Açıklaması (Genel),Uyum Politikası?nın Yayımlanması Hakkında,ODA,https://www.kap.org.tr/tr/Bildirim/1527350
ISCTR,2025-12-17 10:16:44,Pay Dışında Sermaye Piyasası Aracı İşlemlerine İlişkin Bildirim (Faiz İçeren),Nitelikli Yatırımcılara Finansman Bonosu Satışının Tamamlanması ,ODA,https://www.kap.org.tr/tr/Bildirim/1527289
KONTR,2025-12-17 09:13:49,BISTECH Pay Piyasası Alım Satım Sistemi Duyurusu,Devam Eden Yeni Pay Alma Hakkı,DKB,https://www.kap.org.tr/tr/Bildirim/1527253
GARAN,2025-12-17 09:11:40,Şirket Genel Bilgi Formu,,DG,https://www.kap.org.tr/tr/Bildirim/1527251
BIMAS,2025-12-17 09:07:08,BISTECH Pay Piyasası Alım Satım Sistemi Duyurusu,Hak Kullanımı,DKB,https://www.kap.org.tr/tr/Bildirim/1527248
TCELL,2025-12-30 21:41:14,Esas Sözleşme Tadili,Esas Sözleşme Tadili,ODA,https://www.kap.org.tr/tr/Bildirim/1531403
FROTO,2025-12-30 18:36:52,Yönetim Kurulu Komiteleri,Yönetim Kurulu Komitelerinin Çalışma Esasları Değişikliği Hakkında,ODA,https://www.kap.org.tr/tr/Bildirim/1531303
SAHOL,2025-12-30 18:35:02,Özel Durum Açıklaması (Genel),Organizasyonel Yapıda Değişiklik,ODA,https://www.kap.org.tr/tr/Bildirim/1531298
CIMSA,2025-12-30 18:35:02,Özel Durum Açıklaması (Genel),Organizasyonel Yapıda Değişiklik,ODA,https://www.kap.org.tr/tr/Bildirim/1531298
ARCLK,2025-12-30 18:17:38,SPK İşlem Yasağı Nedeniyle Pay Duyurusu,SPK İşlem Yasağı Nedeniyle Pay Duyurusu,DKB,https://www.kap.org.tr/tr/Bildirim/1531262
SISE,2025-12-30 18:17:38,SPK İşlem Yasağı Nedeniyle Pay Duyurusu,SPK İşlem Yasağı Nedeniyle Pay Duyurusu,DKB,https://www.kap.org.tr/tr/Bildirim/1531262
YKBNK,2025-12-30 18:17:38,SPK İşlem Yasağı Nedeniyle Pay Duyurusu,SPK İşlem Yasağı Nedeniyle Pay Duyurusu,DKB,https://www.kap.org.tr/tr/Bildirim/1531262
MGROS,2025-12-30 18:17:38,SPK İşlem Yasağı Nedeniyle Pay Duyurusu,SPK İşlem Yasağı Nedeniyle Pay Duyurusu,DKB,https://www.kap.org.tr/tr/Bildirim/1531262
BIMAS,2025-12-30 18:17:38,SPK İşlem Yasağı Nedeniyle Pay Duyurusu,SPK İşlem Yasağı Nedeniyle Pay Duyurusu,DKB,https://www.kap.org.tr/tr/Bildirim/1531262
SAHOL,2025-12-30 18:17:38,SPK İşlem Yasağı Nedeniyle Pay Duyurusu,SPK İşlem Yasağı Nedeniyle Pay Duyurusu,DKB,https://www.kap.org.tr/tr/Bildirim/1531262
GARAN,2025-12-30 18:17:38,SPK İşlem Yasağı Nedeniyle Pay Duyurusu,SPK İşlem Yasağı Nedeniyle Pay Duyurusu,DKB,https://www.kap.org.tr/tr/Bildirim/1531262
ISCTR,2025-12-30 18:17:38,SPK İşlem Yasağı Nedeniyle Pay Duyurusu,SPK İşlem Yasağı Nedeniyle Pay Duyurusu,DKB,https://www.kap.org.tr/tr/Bildirim/1531262
KCHOL,2025-12-30 18:17:38,SPK İşlem Yasağı Nedeniyle Pay Duyurusu,SPK İşlem Yasağı Nedeniyle Pay Duyurusu,DKB,https://www.kap.org.tr/tr/Bildirim/1531262
EREGL,2025-12-30 18:17:38,SPK İşlem Yasağı Nedeniyle Pay Duyurusu,SPK İşlem Yasağı Nedeniyle Pay Duyurusu,DKB,https://www.kap.org.tr/tr/Bildirim/1531262
TUPRS,2025-12-30 18:17:38,SPK İşlem Yasağı Nedeniyle Pay Duyurusu,SPK İşlem Yasağı Nedeniyle Pay Duyurusu,DKB,https://www.kap.org.tr/tr/Bildirim/1531262
SASA,2025-12-30 18:17:38,SPK İşlem Yasağı Nedeniyle Pay Duyurusu,SPK İşlem Yasağı Nedeniyle Pay Duyurusu,DKB,https://www.kap.org.tr/tr/Bildirim/1531262
HALKB,2025-12-30 17:19:59,"Borçlanma Araçları, Yatırım Fonları ve Varant İtfa/Kupon/Getiri/ Nakdi Uzlaşı Ödeme İşlemleri","Borçlanma Araçları, Yatırım Fonları ve Varant İtfa/Kupon/Getiri/Nakdi Uzlaşı Ödeme İşlemleri",DKB,https://www.kap.org.tr/tr/Bildirim/1531187
TKFEN,2025-12-30 17:13:17,Hak Kullanımı,,DKB,https://www.kap.org.tr/tr/Bildirim/1531178
TCELL,2025-12-30 17:11:15,Pay Mali Hak Kullanım İşlemi - Nakit Ödeme,Hak Kullanım İşlemleri,DKB,https://www.kap.org.tr/tr/Bildirim/1531174
EKGYO,2025-12-30 17:03:08,Özel Durum Açıklaması (Genel),İstanbul Ataşehir Kayışdağı İhalesi 2. Oturum Sonucu,ODA,https://www.kap.org.tr/tr/Bildirim/1531167
KONTR,2025-12-30 16:53:17,Sermaye Artırımı - Azaltımı İşlemlerine İlişkin Bildirim,Sermaye Artırımının Tamamlanması ve Toplanan Fon Miktarı Hakkında,ODA,https://www.kap.org.tr/tr/Bildirim/1531162
TUPRS,2025-12-30 16:23:30,Borsada İşlem Gören Tipe Dönüşüm Duyurusu,DÖNÜŞÜM,DKB,https://www.kap.org.tr/tr/Bildirim/1531094
KONTR,2025-12-30 14:02:26,Halka Arz İşlemlerinde Sermaye Piyasası Aracının % 5 inden Fazlasını Satın Alanlara İlişkin Bildirim,Kontrolmatik Teknoloji Enerji ve Mühendislik A.Ş.?nin yeni pay alma haklarının kullanılmasının ardından Birincil Piyasa da satışa sunulan payların %5 inden fazlasını satın alanlar,ODA,https://www.kap.org.tr/tr/Bildirim/1531002
KONTR,2025-12-30 14:01:21,Özel Durum Açıklaması (Genel),Kontrolmatik Teknoloji Enerji ve Mühendislik A.Ş. Rüçhan Haklarının Kullanılmasından Kalan Payların Birincil Piyasada Satışının Tamamlanması,ODA,https://www.kap.org.tr/tr/Bildirim/1531001
HALKB,2025-12-30 13:41:40,Pay Dışında Sermaye Piyasası Aracı İşlemlerine İlişkin Bildirim (Faiz İçeren),Yurtiçinde Nitelikli Yatırımcılara Sermaye Benzeri Tahvil Kupon İtfası,ODA,https://www.kap.org.tr/tr/Bildirim/1530997
EKGYO,2025-12-30 12:03:07,Pay Dışında Sermaye Piyasası Aracı İşlemlerine İlişkin Bildirim (Faizsiz),Yurtiçi Kira Sertifikası İtfa ve Getiri Ödemesi,ODA,https://www.kap.org.tr/tr/Bildirim/1530968
EKGYO,2025-12-30 10:24:08,Özel Durum Açıklaması (Genel),"Adana Yüreğir Cumhuriyet 1.Etap ihalesi 2. Oturum Tarihi
",ODA,https://www.kap.org.tr/tr/Bildirim/1530897
ARCLK,2025-12-30 10:16:02,Endekslerde Kullanılan Fiili Dolaşımdaki Pay Oranı Değişiklikleri,-,DKB,https://www.kap.org.tr/tr/Bildirim/1530894
AKBNK,2025-12-30 09:52:11,Pay Dışında Sermaye Piyasası Aracı İşlemlerine İlişkin Bildirim (Faiz İçeren),XS2942364733 ISIN Kodlu Yeşil/Sürdürülebilir Temalı Tahvilin İtfası,ODA,https://www.kap.org.tr/tr/Bildirim/1530884
THYAO,2025-12-29 19:21:18,Haber ve Söylentilere İlişkin Açıklama,Haber ve Söylentilere İlişkin Açıklama,ODA,https://www.kap.org.tr/tr/Bildirim/1530826
HALKB,2025-12-29 18:45:17,Pay Dışında Sermaye Piyasası Aracı İşlemlerine İlişkin Bildirim (Faiz İçeren),Yurtiçinde Nitelikli Yatırımcılara Sermaye Benzeri Tahvil Kupon Oranı,ODA,https://www.kap.org.tr/tr/Bildirim/1530807
FROTO,2025-12-29 18:32:25,Kredi Derecelendirmesi,JCR-ER Kredi Derecelendirme Notu,ODA,https://www.kap.org.tr/tr/Bildirim/1530799
EKGYO,2025-12-29 18:29:56,Pay Dışında Sermaye Piyasası Aracı İşlemlerine İlişkin Bildirim (Faizsiz),Yurtiçi Kira Sertifikası İhracı Nitelikli Yatırımcıya Satışın Tamamlanması Hk.,ODA,https://www.kap.org.tr/tr/Bildirim/1530794
TOASO,2025-12-29 18:20:26,Faaliyetlerin Kısmen veya Tamamen Durdurulması ya da İmkansız Hale Gelmesi,Yıl sonu envanter sayımı ve bakım çalışmaları nedeniyle üretime geçici olarak ara verilmesi,ODA,https://www.kap.org.tr/tr/Bildirim/1530788
FROTO,2025-12-29 18:19:11,Kredi Derecelendirmesi,KREDİ DERECELENDİRME BİLDİRİMİ,ODA,https://www.kap.org.tr/tr/Bildirim/1530783
GARAN,2025-12-29 18:14:48,Pay Dışında Sermaye Piyasası Aracı İşlemlerine İlişkin Bildirim (Faiz İçeren),Yurtdışı Piyasalara Tahvil İhracı SPK Onayı,ODA,https://www.kap.org.tr/tr/Bildirim/1530775
GARAN,2025-12-29 18:12:24,Pay Dışında Sermaye Piyasası Aracı İşlemlerine İlişkin Bildirim (Faiz İçeren),Yurtdışı Piyasalara Tahvil İhracı SPK Onayı,ODA,https://www.kap.org.tr/tr/Bildirim/1530770
GARAN,2025-12-29 18:12:09,Pay Dışında Sermaye Piyasası Aracı İşlemlerine İlişkin Bildirim (Faiz İçeren),Yurtdışı Piyasalara Tahvil İhracı SPK Onayı,ODA,https://www.kap.org.tr/tr/Bildirim/1530769
GARAN,2025-12-29 18:11:52,Pay Dışında Sermaye Piyasası Aracı İşlemlerine İlişkin Bildirim (Faiz İçeren),Yurtdışı Piyasalara Tahvil İhracı SPK Onayı,ODA,https://www.kap.org.tr/tr/Bildirim/1530767
AKBNK,2025-12-29 18:05:35,Özel Durum Açıklaması (Genel),"Tahsili Gecikmiş Alacak Portföyü Alımı-İhaleye Konu Alacakların Devrine Yönelik Sözleşmenin İmza Sürecinin Tamamlanması
",ODA,https://www.kap.org.tr/tr/Bildirim/1530762
ISCTR,2025-12-29 18:02:20,Yeşil veya Sürdürülebilir Temalı Sermaye Piyasası Aracına İlişkin Bildirim,Yurt Dışında Yeşil ve/veya Sürdürülebilir Tahvil ve/veya Finansman Bonosu Türünden Borçlanma Aracı İhracı,DG,https://www.kap.org.tr/tr/Bildirim/1530759
ISCTR,2025-12-29 18:02:07,İhraç Belgesi,Yurt Dışında Yeşil ve/veya Sürdürülebilir Tahvil ve/veya Finansman Bonosu Türünden Borçlanma Aracı İhracı,DG,https://www.kap.org.tr/tr/Bildirim/1530758
ISCTR,2025-12-29 18:01:51,İhraç Belgesi,Yurt Dışında Tahvil veya Bono İhracına İlişkin İhraç Belgesi,DG,https://www.kap.org.tr/tr/Bildirim/1530757
ISCTR,2025-12-29 18:01:32,İhraç Tavanına İlişkin Bildirim,Yurtdışında Yeşil ve/veya Sürdürülebilir Tahvil veya Bono İhracına İlişkin SPK Onayı Hakkında,ODA,https://www.kap.org.tr/tr/Bildirim/1530755
ISCTR,2025-12-29 18:01:06,İhraç Tavanına İlişkin Bildirim,Yurtdışında Tahvil ve/veya Bono İhracına İlişkin SPK Onayı Hakkında,ODA,https://www.kap.org.tr/tr/Bildirim/1530754
VAKBN,2025-12-29 17:39:14,Pay Dışında Sermaye Piyasası Aracı İşlemlerine İlişkin Bildirim (Faiz İçeren),GMTN Programı Çerçevesinde Türkiye Dışında Sürdürülebilir Borçlanma Aracı İhracı SPK Onayı ,ODA,https://www.kap.org.tr/tr/Bildirim/1530734
ISCTR,2025-12-29 16:59:46,Borsada İşlem Gören Tipe Dönüşüm Duyurusu,DÖNÜŞÜM,DKB,https://www.kap.org.tr/tr/Bildirim/1530702
THYAO,2025-12-29 16:11:36,Payların Geri Alınmasına İlişkin Bildirim,29.12.2025 Tarihli Hisse Geri Alım İşlemleri Hakkında Bildirim,ODA,https://www.kap.org.tr/tr/Bildirim/1530656
YKBNK,2025-12-29 16:03:56,Pay Dışında Sermaye Piyasası Aracı İşlemlerine İlişkin Bildirim (Faiz İçeren),Yurtdışında borçlanma aracı ihracının tamamlanması,ODA,https://www.kap.org.tr/tr/Bildirim/1530654
VAKBN,2025-12-29 14:50:28,Pay Dışında Sermaye Piyasası Aracı İşlemlerine İlişkin Bildirim (Faiz İçeren),GMTN Programı Çerçevesinde Türkiye Dışında Sürdürülebilir Borçlanma Aracı İhracı SPK Onayı ,ODA,https://www.kap.org.tr/tr/Bildirim/1530598
VAKBN,2025-12-29 13:55:14,Pay Dışında Sermaye Piyasası Aracı İşlemlerine İlişkin Bildirim (Faiz İçeren),GMTN Programı Çerçevesinde Türkiye Dışında Sürdürülebilir Borçlanma Aracı İhracı SPK Onayı ,ODA,https://www.kap.org.tr/tr/Bildirim/1530580
MGROS,2025-12-29 11:12:01,Kurumsal Yönetim İlkelerine Uyum Derecelendirmesi,Kurumsal Yönetim Derecelendirme Notu Bildirimi,ODA,https://www.kap.org.tr/tr/Bildirim/1530528
GARAN,2025-12-29 10:14:29,Şirket Genel Bilgi Formu,,DG,https://www.kap.org.tr/tr/Bildirim/1530493
SISE,2025-12-29 09:35:20,Şirket Genel Bilgi Formu,,DG,https://www.kap.org.tr/tr/Bildirim/1530474
PGSUS,2025-12-29 09:07:01,Özel Durum Açıklaması (Genel),Özel Durum Açıklaması (Genel),DKB,https://www.kap.org.tr/tr/Bildirim/1530458
GUBRF,2025-12-28 11:46:28,Bilgilendirme Politikası,Bilgilendirme Politikası Güncellemesi,ODA,https://www.kap.org.tr/tr/Bildirim/1530441
AKBNK,2025-12-26 21:56:56,Özel Durum Açıklaması (Genel),Ak Finansal Kiralama A.Ş. Sermaye Artırımının Tamamlanması,ODA,https://www.kap.org.tr/tr/Bildirim/1530427
EKGYO,2025-12-26 19:39:53,Özel Durum Açıklaması (Genel),Taşınmaz Alımı ve Finansmanı Hakkında,ODA,https://www.kap.org.tr/tr/Bildirim/1530403
EKGYO,2025-12-26 19:39:38,Özel Durum Açıklaması (Genel),İzmir Bayraklı 1. Etap 2. Oturum Sonucu,ODA,https://www.kap.org.tr/tr/Bildirim/1530402
EKGYO,2025-12-26 19:19:14,Özel Durum Açıklaması (Genel),İstanbul  Ataşehir Kayışdağı 2. Oturum Tarihi,ODA,https://www.kap.org.tr/tr/Bildirim/1530400
EKGYO,2025-12-26 19:16:53,Özel Durum Açıklaması (Genel),Barbaros 48 Geçici Kabulü,ODA,https://www.kap.org.tr/tr/Bildirim/1530399
SISE,2025-12-26 18:22:30,Finansal Duran Varlık Edinimi,ICRON Paylarının Satın Alınması,ODA,https://www.kap.org.tr/tr/Bildirim/1530372
TUPRS,2025-12-26 18:18:20,Kredi Derecelendirmesi,JCR-ER Kredi Derecelendirme Notu,ODA,https://www.kap.org.tr/tr/Bildirim/1530365
TUPRS,2025-12-26 18:15:37,Kredi Derecelendirmesi,KREDİ DERECELENDİRME BİLDİRİMİ,ODA,https://www.kap.org.tr/tr/Bildirim/1530350
YKBNK,2025-12-26 18:12:51,Özel Durum Açıklaması (Genel),Tahsili Gecikmiş Alacak Portföyü Alımı-İhaleye Konu Alacakların Devrine Yönelik Sözleşmenin İmza Sürecinin Tamamlanması,ODA,https://www.kap.org.tr/tr/Bildirim/1530333
YKBNK,2025-12-26 18:11:27,Özel Durum Açıklaması (Genel),"İhale sonrası Devir ve Temlik İşlemlerinin tamamlanması hk.
",ODA,https://www.kap.org.tr/tr/Bildirim/1530330
TUPRS,2025-12-26 18:05:22,SPK İşlem Yasağı Nedeniyle Pay Duyurusu,SPK İşlem Yasağı Nedeniyle Pay Duyurusu,DKB,https://www.kap.org.tr/tr/Bildirim/1530318
SAHOL,2025-12-26 18:05:22,SPK İşlem Yasağı Nedeniyle Pay Duyurusu,SPK İşlem Yasağı Nedeniyle Pay Duyurusu,DKB,https://www.kap.org.tr/tr/Bildirim/1530318
SASA,2025-12-26 18:05:22,SPK İşlem Yasağı Nedeniyle Pay Duyurusu,SPK İşlem Yasağı Nedeniyle Pay Duyurusu,DKB,https://www.kap.org.tr/tr/Bildirim/1530318
KCHOL,2025-12-26 17:59:23,Borsada İşlem Gören Tipe Dönüşüm Duyurusu,DÖNÜŞÜM,DKB,https://www.kap.org.tr/tr/Bildirim/1530314
VAKBN,2025-12-26 17:20:50,Pay Dışında Sermaye Piyasası Aracı İşlemlerine İlişkin Bildirim (Faiz İçeren),GMTN Programı Çerçevesinde Türkiye Dışında Sürdürülebilir Borçlanma Aracı İhracı SPK Onayı ,ODA,https://www.kap.org.tr/tr/Bildirim/1530277
VAKBN,2025-12-26 17:19:44,Pay Dışında Sermaye Piyasası Aracı İşlemlerine İlişkin Bildirim (Faiz İçeren),GMTN Programı Çerçevesinde Türkiye Dışında Sürdürülebilir Borçlanma Aracı İhracı SPK Onayı ,ODA,https://www.kap.org.tr/tr/Bildirim/1530276
TKFEN,2025-12-26 17:06:36,Pay Bazında Devre Kesici Bildirimi,TKFEN.E İşlem Sırasında Devre Kesici Uygulaması Başlamıştır,DKB,https://www.kap.org.tr/tr/Bildirim/1530271
YKBNK,2025-12-26 15:43:50,Kurumsal Yönetim İlkelerine Uyum Derecelendirmesi,Kurumsal Yönetim Derecelendirme Notu Bildirimi,ODA,https://www.kap.org.tr/tr/Bildirim/1530142
GUBRF,2025-12-26 15:08:27,Kredi Derecelendirmesi,KREDİ DERECELENDİRME BİLDİRİMİ,ODA,https://www.kap.org.tr/tr/Bildirim/1530105
YKBNK,2025-12-26 14:43:13,Kurumsal Yönetim İlkelerine Uyum Derecelendirmesi,Kurumsal Yönetim Derecelendirme Notu,ODA,https://www.kap.org.tr/tr/Bildirim/1530099
ISCTR,2025-12-26 14:19:52,Finansal Takvim,Finansal Takvim (2025 4. Çeyrek),DG,https://www.kap.org.tr/tr/Bildirim/1530090
MGROS,2025-12-26 11:45:09,Kurumsal Yönetim İlkelerine Uyum Derecelendirmesi,Kurumsal Yönetim Derecelendirmesi Dönem Revizyonu,ODA,https://www.kap.org.tr/tr/Bildirim/1530054
TKFEN,2025-12-26 10:39:23,Pay Bazında Devre Kesici Bildirimi,TKFEN.E İşlem Sırasında Devre Kesici Uygulaması Başlamıştır,DKB,https://www.kap.org.tr/tr/Bildirim/1530015
KONTR,2025-12-26 09:10:02,BISTECH Pay Piyasası Alım Satım Sistemi Duyurusu,Devam Eden Birincil Piyasa,DKB,https://www.kap.org.tr/tr/Bildirim/1529966
TCELL,2025-12-26 09:08:23,BISTECH Pay Piyasası Alım Satım Sistemi Duyurusu,Hak Kullanımı,DKB,https://www.kap.org.tr/tr/Bildirim/1529964
TKFEN,2025-12-25 20:05:32,Kurumsal Yönetim Bilgi Formu (Güncelleme) - Yönetim Kurulu-2,Kurumsal Yönetim Bilgi Formu,DG,https://www.kap.org.tr/tr/Bildirim/1529947
TKFEN,2025-12-25 20:04:43,Şirket Genel Bilgi Formu,,DG,https://www.kap.org.tr/tr/Bildirim/1529946
EKGYO,2025-12-25 18:24:42,Özel Durum Açıklaması (Genel),İzmir Çeşme Musalla 1. Etap 2. Oturum Sonucu,ODA,https://www.kap.org.tr/tr/Bildirim/1529919
PGSUS,2025-12-25 18:18:36,Özel Durum Açıklaması (Genel),8 Adet A321neo Uçağın Finansmanı,ODA,https://www.kap.org.tr/tr/Bildirim/1529915
ARCLK,2025-12-25 18:16:56,Özel Durum Açıklaması (Genel),Bağımsız yönetim kurulu üye adayının belirlenmesi ve SPK Başvurusu,ODA,https://www.kap.org.tr/tr/Bildirim/1529914
ISCTR,2025-12-25 18:12:20,Pay Alım Satım Bildirimi,Pay Alım Satım Bildirimi,DKB,https://www.kap.org.tr/tr/Bildirim/1529910
KONTR,2025-12-25 17:40:01,Yeni İş İlişkisi,Yeni İş İlişkisi Tesis Edilmesi,ODA,https://www.kap.org.tr/tr/Bildirim/1529808
YKBNK,2025-12-25 17:06:47,"Borçlanma Araçları, Yatırım Fonları ve Varant İtfa/Kupon/Getiri/ Nakdi Uzlaşı Ödeme İşlemleri","Borçlanma Araçları, Yatırım Fonları ve Varant İtfa/Kupon/Getiri/ Nakdi Uzlaşı Ödeme İşlemleri",DKB,https://www.kap.org.tr/tr/Bildirim/1529781
TCELL,2025-12-25 16:54:45,Hak Kullanımı,,DKB,https://www.kap.org.tr/tr/Bildirim/1529769
KRDMD,2025-12-25 14:57:28,Özel Durum Açıklaması (Genel),Satış Duyurusu Hk.,ODA,https://www.kap.org.tr/tr/Bildirim/1529692
VAKBN,2025-12-25 13:46:44,Pay Dışında Sermaye Piyasası Aracı İşlemlerine İlişkin Bildirim (Faiz İçeren),Borçlanma Araçlarına İlişkin Faiz Açıklaması,ODA,https://www.kap.org.tr/tr/Bildirim/1529664
SASA,2025-12-25 11:55:30,Özel Durum Açıklaması (Genel),Yatırımcı Sunumu Güncellemesi Hakkında,ODA,https://www.kap.org.tr/tr/Bildirim/1529605
ODAS,2025-12-25 11:47:21,Genel Kurul İşlemlerine İlişkin Bildirim,Olağan Genel Kurul Toplantısı Tescili,ODA,https://www.kap.org.tr/tr/Bildirim/1529598
YKBNK,2025-12-25 11:16:12,Pay Dışında Sermaye Piyasası Aracı İşlemlerine İlişkin Bildirim (Faiz İçeren),Özkaynak hesaplamasına dahil edilebilir nitelikte yurtiçinde ihraç edilen borçlanma aracının kupon ödemesi,ODA,https://www.kap.org.tr/tr/Bildirim/1529581
VAKBN,2025-12-25 10:58:32,Pay Dışında Sermaye Piyasası Aracı İşlemlerine İlişkin Bildirim (Faiz İçeren),Borçlanma Araçlarına İlişkin Faiz Açıklaması,ODA,https://www.kap.org.tr/tr/Bildirim/1529571
VAKBN,2025-12-25 10:57:14,İzahname-Özet (SPK Tarafından Onaylanan),İzahname- Özet,DG,https://www.kap.org.tr/tr/Bildirim/1529568
VAKBN,2025-12-25 10:57:01,İzahname-Sermaye Piyasası Aracı Notu (SPK Tarafından Onaylanan),İzahname- Sermaye Piyasası Aracı Notu,DG,https://www.kap.org.tr/tr/Bildirim/1529566
VAKBN,2025-12-25 10:56:44,İzahname-İhraççı Bİlgi Dokümanı (SPK Tarafından Onaylanan),İzahname- İhraççı Bilgi Dokümanı,DG,https://www.kap.org.tr/tr/Bildirim/1529565
ARCLK,2025-12-25 09:17:05,Kamuyu Aydınlatma Platformu Duyurusu,Özel Durumlar Tebliği'nin 12-(4). maddesi gereğince yapılan açıklama,DKB,https://www.kap.org.tr/tr/Bildirim/1529532
KONTR,2025-12-25 09:17:05,Kamuyu Aydınlatma Platformu Duyurusu,Özel Durumlar Tebliği'nin 12-(4). maddesi gereğince yapılan açıklama,DKB,https://www.kap.org.tr/tr/Bildirim/1529532
GARAN,2025-12-25 09:08:43,BISTECH Pay Piyasası Alım Satım Sistemi Duyurusu,Varant Sıralarının Geçici Olarak İşleme Kapatılması,DKB,https://www.kap.org.tr/tr/Bildirim/1529521
KONTR,2025-12-25 08:59:58,BISTECH Pay Piyasası Alım Satım Sistemi Duyurusu,İşleme Açılan Birincil Piyasa Sırası,DKB,https://www.kap.org.tr/tr/Bildirim/1529518
TOASO,2025-12-25 08:53:55,Şirket Genel Bilgi Formu,,DG,https://www.kap.org.tr/tr/Bildirim/1529517
TOASO,2025-12-25 08:52:38,Özel Durum Açıklaması (Genel),Yönetim Kurulu Üye Değişikliği Hakkında,ODA,https://www.kap.org.tr/tr/Bildirim/1529516
TOASO,2025-12-25 08:31:28,Özel Durum Açıklaması (Genel),Yönetim Kurulu Üyelerinin görev dağılımı hakkında,ODA,https://www.kap.org.tr/tr/Bildirim/1529513
ARCLK,2025-12-24 18:19:44,İhraç Belgesi,Yurtiçinde borçlanma aracı İhraç Belgesi,DG,https://www.kap.org.tr/tr/Bildirim/1529469
ARCLK,2025-12-24 18:19:36,İhraç Tavanına İlişkin Bildirim,Yurtiçinde borçlanma aracı İhraç Belgesinin SPK onayı,ODA,https://www.kap.org.tr/tr/Bildirim/1529467
ARCLK,2025-12-24 18:17:02,Geri Alınan Payların Elden Çıkarılması,Geri Alınan Payların Elden Çıkarılması,ODA,https://www.kap.org.tr/tr/Bildirim/1529463
KCHOL,2025-12-24 18:16:54,Şirket Genel Bilgi Formu,,DG,https://www.kap.org.tr/tr/Bildirim/1529462
YKBNK,2025-12-24 18:16:27,İhraç Tavanına İlişkin Bildirim,Yurtdışı borçlanma aracı ihraç limitine ilişkin Yönetim Kurulu kararı,ODA,https://www.kap.org.tr/tr/Bildirim/1529461
YKBNK,2025-12-24 18:16:18,Pay Dışında Sermaye Piyasası Aracı İşlemlerine İlişkin Bildirim (Faiz İçeren),Yurtdışında ihraç edilen sermaye benzeri tahvilin erken itfasına karar verilmesi hk.,ODA,https://www.kap.org.tr/tr/Bildirim/1529460
ISCTR,2025-12-24 18:16:06,Pay Alım Satım Bildirimi,Pay Alım Satım Bildirimi,DKB,https://www.kap.org.tr/tr/Bildirim/1529459
AKBNK,2025-12-24 18:02:03,Pay Dışında Sermaye Piyasası Aracı İşlemlerine İlişkin Bildirim (Faiz İçeren),XS3105542941 ISIN Kodlu Yurtdışı Piyasalara İhraç Edilen Tahvilin Kupon Ödemesi,ODA,https://www.kap.org.tr/tr/Bildirim/1529446
AKBNK,2025-12-24 18:01:45,Pay Dışında Sermaye Piyasası Aracı İşlemlerine İlişkin Bildirim (Faiz İçeren),XS3107199781 ISIN Kodlu Yurtdışı Piyasalara İhraç Edilen Tahvilin Kupon Ödemesi,ODA,https://www.kap.org.tr/tr/Bildirim/1529445
YKBNK,2025-12-24 17:32:22,Pay Dışında Sermaye Piyasası Aracı İşlemlerine İlişkin Bildirim (Faiz İçeren),Özkaynak hesaplamasına dahil edilebilir nitelikte yurtiçinde ihraç edilen borçlanma aracının kupon oranı,ODA,https://www.kap.org.tr/tr/Bildirim/1529418
YKBNK,2025-12-24 17:10:53,"Borçlanma Araçları, Yatırım Fonları ve Varant İtfa/Kupon/Getiri/ Nakdi Uzlaşı Ödeme İşlemleri","Borçlanma Araçları, Yatırım Fonları ve Varant İtfa/Kupon/Getiri/ Nakdi Uzlaşı Ödeme İşlemleri",DKB,https://www.kap.org.tr/tr/Bildirim/1529401
KONTR,2025-12-24 16:59:32,Tasarruf Sahiplerine Satış Duyurusu,Tasarruf Sahiplerine Satış Duyurusu,DG,https://www.kap.org.tr/tr/Bildirim/1529388
KONTR,2025-12-24 16:51:56,Birincil Piyasa Duyurusu - Kalan Paylar,Birincil Piyasa Duyurusu,DKB,https://www.kap.org.tr/tr/Bildirim/1529382
EKGYO,2025-12-24 16:46:20,Özel Durum Açıklaması (Genel),İstanbul Esenler Atışalanı 4. Etap Yer Teslimi ,ODA,https://www.kap.org.tr/tr/Bildirim/1529373
EKGYO,2025-12-24 16:44:52,Özel Durum Açıklaması (Genel),İzmir Bayraklı 1. Etap İhalesi 2. Oturum Tarihi ,ODA,https://www.kap.org.tr/tr/Bildirim/1529372
EKGYO,2025-12-24 16:44:08,Özel Durum Açıklaması (Genel),İstanbul Ataşehir Kayışdağı İhalesi 1. Oturum Sonucu,ODA,https://www.kap.org.tr/tr/Bildirim/1529371
KONTR,2025-12-24 16:14:19,Sermaye Artırımı - Azaltımı İşlemlerine İlişkin Bildirim,"Bedelli Sermaye Artırımında Kullanılmayan Paylar Hakkında,",ODA,https://www.kap.org.tr/tr/Bildirim/1529363
YKBNK,2025-12-24 10:57:10,Pay Dışında Sermaye Piyasası Aracı İşlemlerine İlişkin Bildirim (Faiz İçeren),Özkaynak hesaplamasına dahil edilebilir nitelikte yurtiçinde ihraç edilen borçlanma aracının kupon ödemesi,ODA,https://www.kap.org.tr/tr/Bildirim/1529173
ARCLK,2025-12-24 10:44:34,BISTECH Pay Piyasası Alım Satım Sistemi Duyurusu,Toptan Alış Satış İşlemi,DKB,https://www.kap.org.tr/tr/Bildirim/1529171
EKGYO,2025-12-24 10:27:45,Tertip İhraç Belgesi,Emlak Konut GYO 11.Tertip İhraç Belgesi,DG,https://www.kap.org.tr/tr/Bildirim/1529166
EKGYO,2025-12-24 09:23:37,Likidite Sağlayıcılık Kapsamındaki İşlemler,"Emlak Konut Damlakent Projesi Gayrimenkul Sertifikalarında (DMLKT.G) Likidite Sağlayacılık Kapsamında
Gerçekleştirilen İşlemler 08.12.2025-19.12.2025",DG,https://www.kap.org.tr/tr/Bildirim/1529130
SASA,2025-12-24 09:06:38,Özel Durum Açıklaması (Genel),PTA Yatırımı kredilerinin raporlanması hakkında,ODA,https://www.kap.org.tr/tr/Bildirim/1529115
BIMAS,2025-12-24 08:04:32,Özel Durum Açıklaması (Genel),Katılım Bankası Kurulmasına İlişkin Çalışmalar Hakkında,ODA,https://www.kap.org.tr/tr/Bildirim/1529099
EKGYO,2026-01-06 18:58:01,Değerleme Raporu ,İstanbul Avcılar Firuzköy Parselleri Yıl Sonu Gayrimenkul Değerleme Raporu,DG,https://www.kap.org.tr/tr/Bildirim/1533999
EKGYO,2026-01-06 18:57:47,Değerleme Raporu ,Muğla Milas Meşelik Arsa Satışı Karşılığı Gelir Paylaşımı İşi Yıl Sonu Gayrimenkul Değerleme Raporu  ,DG,https://www.kap.org.tr/tr/Bildirim/1533998
EKGYO,2026-01-06 18:57:26,Değerleme Raporu ,Zonguldak Merkez Terakki Parselleri Yıl Sonu Gayrimenkul Değerleme Raporu ,DG,https://www.kap.org.tr/tr/Bildirim/1533996
EKGYO,2026-01-06 18:57:16,Değerleme Raporu ,İstanbul Esenler Atışalanı 2. Etap ASKGPİ Yıl Sonu Gayrimenkul Değerleme Raporu,DG,https://www.kap.org.tr/tr/Bildirim/1533995
EKGYO,2026-01-06 18:57:07,Değerleme Raporu ,İstanbul Esenler Atışalanı 1. Etap ASKGPİ Yıl Sonu Gayrimenkul Değerleme Raporu,DG,https://www.kap.org.tr/tr/Bildirim/1533994
EKGYO,2026-01-06 18:56:56,Değerleme Raporu ,İstanbul Esenler Atışalanı (Kuzey) Parseli Yıl Sonu Gayrimenkul Değerleme Raporu ,DG,https://www.kap.org.tr/tr/Bildirim/1533993
EKGYO,2026-01-06 18:56:46,Değerleme Raporu ,İstanbul Esenler Atışalanı (Güney) Parseli Yıl Sonu Gayrimenkul  Değerleme Raporu ,DG,https://www.kap.org.tr/tr/Bildirim/1533992
EKGYO,2026-01-06 18:56:34,Değerleme Raporu ,İstanbul Başakşehir İkitelli-2 Parselleri Yıl Sonu Gayrimenkul Değerleme Raporu ,DG,https://www.kap.org.tr/tr/Bildirim/1533991
EKGYO,2026-01-06 18:56:23,Değerleme Raporu ,İstanbul Sarıyer İstinye Parselleri Yıl Sonu Gayrimenkul Değerleme Raporu ,DG,https://www.kap.org.tr/tr/Bildirim/1533990
EKGYO,2026-01-06 18:56:13,Değerleme Raporu ,İstanbul Başakşehir Tatarcık Parseli Yıl Sonu Gayrimenkul Değerleme Raporu ,DG,https://www.kap.org.tr/tr/Bildirim/1533989
EKGYO,2026-01-06 18:55:59,Özel Durum Açıklaması (Genel),Muğla Bodrum Ortakent 2. Etap Arsa Satışı Karşılığı Gelir Paylaşımı İşi Sözleşme İmzalanması ,ODA,https://www.kap.org.tr/tr/Bildirim/1533987
EKGYO,2026-01-06 18:55:07,Özel Durum Açıklaması (Genel),İstanbul Beşiktaş Dikilitaş Güney İhale İlanı,ODA,https://www.kap.org.tr/tr/Bildirim/1533986
BIMAS,2026-01-06 18:29:18,BIST Pay Endeksleri,BIST Geri Alım Endeksi Dönemsel Endeks Değişiklikleri,DKB,https://www.kap.org.tr/tr/Bildirim/1533920
KCHOL,2026-01-06 18:29:04,Sermaye Artırımı - Azaltımı İşlemlerine İlişkin Bildirim,Tahsisli Sermaye Artırımında Payların Satışının Tamamlanması Sonucunda Esas Sözleşmenin Değiştirilmesine İlişkin Yönetim Kurulu Kararı alınması ve SPK Başvurusu																		,ODA,https://www.kap.org.tr/tr/Bildirim/1533919
KCHOL,2026-01-06 18:15:34,Şirket Genel Bilgi Formu,,DG,https://www.kap.org.tr/tr/Bildirim/1533824
KCHOL,2026-01-06 18:15:16,Yönetim Kurulu Komiteleri,Denetimden Sorumlu Komite İçin Görevlendirme,ODA,https://www.kap.org.tr/tr/Bildirim/1533822
HALKB,2026-01-06 18:08:40,İhraç Tavanına İlişkin Bildirim,Yurt Dışında Borçlanma Araçları İhracına İlişkin SPK'ya Başvurusu Yapılması,ODA,https://www.kap.org.tr/tr/Bildirim/1533785
KONTR,2026-01-06 17:49:32,İhale Süreci / Sonucu,İhale Süreci,ODA,https://www.kap.org.tr/tr/Bildirim/1533768
KONTR,2026-01-06 16:49:15,Pay Bazında Devre Kesici Bildirimi,KONTR.E işlem sırasında Pay Bazında Devre Kesici Uygulaması devreye girmiştir,DKB,https://www.kap.org.tr/tr/Bildirim/1533661
SAHOL,2026-01-06 08:33:19,Esas Sözleşme Tadili,Esas Sözleşme Tadili,ODA,https://www.kap.org.tr/tr/Bildirim/1533232
SAHOL,2026-01-06 08:33:03,Kayıtlı Sermaye Tavanı İşlemlerine İlişkin Bildirim,Kayıtlı Sermaye Tavanının Artırılması ve Geçerlilik Süresinin Uzatılması,ODA,https://www.kap.org.tr/tr/Bildirim/1533230
MGROS,2026-01-05 20:45:45,Özel Durum Açıklaması (Genel),Aralık 2025 Mağaza Açılışları,ODA,https://www.kap.org.tr/tr/Bildirim/1533218
MGROS,2026-01-05 20:41:40,Finansal Takvim,Finansal Takvim,DG,https://www.kap.org.tr/tr/Bildirim/1533217
SAHOL,2026-01-05 19:23:44,Şirket Genel Bilgi Formu,,DG,https://www.kap.org.tr/tr/Bildirim/1533170
THYAO,2026-01-05 18:30:24,Özel Durum Açıklaması (Genel),Thai Airways ile Ortak İş Anlaşması,ODA,https://www.kap.org.tr/tr/Bildirim/1533135
YKBNK,2026-01-05 18:19:43,Finansal Takvim,2025 Finansal Takvim,DG,https://www.kap.org.tr/tr/Bildirim/1533071
ARCLK,2026-01-05 18:17:14,Pay Dışında Sermaye Piyasası Aracı İşlemlerine İlişkin Bildirim (Faiz İçeren),TRSARCL42610 ISIN kodlu Tahvilin Kupon Ödemesi,ODA,https://www.kap.org.tr/tr/Bildirim/1533059
HALKB,2026-01-05 18:07:47,Şirket Genel Bilgi Formu,,DG,https://www.kap.org.tr/tr/Bildirim/1533023
YKBNK,2026-01-05 17:26:38,Pay Dışında Sermaye Piyasası Aracı İşlemlerine İlişkin Bildirim (Faiz İçeren),Yurtdışında borçlanma aracı ihracının tamamlanması,ODA,https://www.kap.org.tr/tr/Bildirim/1532987
MGROS,2026-01-05 17:24:29,Borsada İşlem Gören Tipe Dönüşüm Duyurusu,DÖNÜŞÜM,DKB,https://www.kap.org.tr/tr/Bildirim/1532985
BIMAS,2026-01-05 17:24:29,Borsada İşlem Gören Tipe Dönüşüm Duyurusu,DÖNÜŞÜM,DKB,https://www.kap.org.tr/tr/Bildirim/1532985
AKBNK,2026-01-05 17:13:13,Pay Dışında Sermaye Piyasası Aracı İşlemlerine İlişkin Bildirim (Faiz İçeren),XS2948599340 ISIN Kodlu Sürdürülebilir Temalı Tahvilin İtfası,ODA,https://www.kap.org.tr/tr/Bildirim/1532934
ARCLK,2026-01-05 17:02:08,"Borçlanma Araçları, Yatırım Fonları ve Varant İtfa/Kupon/Getiri/ Nakdi Uzlaşı Ödeme İşlemleri","Borçlanma Araçları, Yatırım Fonları ve Varant İtfa/Kupon/Getiri/ Nakdi Uzlaşı Ödeme İşlemleri",DKB,https://www.kap.org.tr/tr/Bildirim/1532909
TKFEN,2026-01-05 16:59:02,Pay Mali Hak Kullanım İşlemi - Nakit Ödeme,Hak Kullanım İşlemleri,DKB,https://www.kap.org.tr/tr/Bildirim/1532907
BIMAS,2026-01-05 16:57:42,Esas Sözleşme,Güncel Esas Sözleşme,DG,https://www.kap.org.tr/tr/Bildirim/1532906
KRDMD,2026-01-05 12:10:24,Özel Durum Açıklaması (Genel),Satışlarımız Hk.,ODA,https://www.kap.org.tr/tr/Bildirim/1532661
EKGYO,2026-01-05 10:01:10,Likidite Sağlayıcılık Kapsamındaki İşlemler,Emlak Konut Damlakent Projesi Gayrimenkul Sertifikalarında (DMLKT.G) Likidite Sağlayacılık Kapsamında Gerçekleştirilen İşlemler 22.12.2025-02.01.2026,DG,https://www.kap.org.tr/tr/Bildirim/1532608
MGROS,2026-01-05 09:48:03,Özel Durum Açıklaması (Genel),BDDK onayı,ODA,https://www.kap.org.tr/tr/Bildirim/1532599
TOASO,2026-01-03 17:52:55,Şirket Genel Bilgi Formu,,DG,https://www.kap.org.tr/tr/Bildirim/1532565
BIMAS,2026-01-03 11:06:02,Esas Sözleşme Tadili,Güncel Esas Sözleşme ,ODA,https://www.kap.org.tr/tr/Bildirim/1532563
KCHOL,2026-01-02 20:34:09,Özel Durum Açıklaması (Genel),Bağımsız Yönetim Kurulu Üye Adayına İlişkin SPK Başvurusunun Sonuçlanması,ODA,https://www.kap.org.tr/tr/Bildirim/1532524
KONTR,2026-01-02 18:51:21,Şirket Genel Bilgi Formu,,DG,https://www.kap.org.tr/tr/Bildirim/1532467
KONTR,2026-01-02 18:41:26,Özel Durum Açıklaması (Genel),Üst Yönetim Görev Değişikliği,ODA,https://www.kap.org.tr/tr/Bildirim/1532464
CIMSA,2026-01-02 17:52:20,Şirket Genel Bilgi Formu,,DG,https://www.kap.org.tr/tr/Bildirim/1532410
ARCLK,2026-01-02 17:09:06,Borsada İşlem Gören Tipe Dönüşüm Duyurusu,DÖNÜŞÜM,DKB,https://www.kap.org.tr/tr/Bildirim/1532363
SISE,2026-01-02 17:09:06,Borsada İşlem Gören Tipe Dönüşüm Duyurusu,DÖNÜŞÜM,DKB,https://www.kap.org.tr/tr/Bildirim/1532363
GARAN,2026-01-02 17:09:06,Borsada İşlem Gören Tipe Dönüşüm Duyurusu,DÖNÜŞÜM,DKB,https://www.kap.org.tr/tr/Bildirim/1532363
KCHOL,2026-01-02 17:09:06,Borsada İşlem Gören Tipe Dönüşüm Duyurusu,DÖNÜŞÜM,DKB,https://www.kap.org.tr/tr/Bildirim/1532363
EREGL,2026-01-02 17:09:06,Borsada İşlem Gören Tipe Dönüşüm Duyurusu,DÖNÜŞÜM,DKB,https://www.kap.org.tr/tr/Bildirim/1532363
TUPRS,2026-01-02 17:09:06,Borsada İşlem Gören Tipe Dönüşüm Duyurusu,DÖNÜŞÜM,DKB,https://www.kap.org.tr/tr/Bildirim/1532363
KONTR,2026-01-02 16:02:56,Yeni İş İlişkisi,Yeni İş İlişkisi Tesis Edilmesi,ODA,https://www.kap.org.tr/tr/Bildirim/1532289
GARAN,2026-01-02 15:42:41,Şirket Genel Bilgi Formu,,DG,https://www.kap.org.tr/tr/Bildirim/1532280
KCHOL,2026-01-02 15:29:51,VİOP İşlem İptali Duyuruları,VİOP İşlem İptali Duyuruları,DKB,https://www.kap.org.tr/tr/Bildirim/1532265
TCELL,2026-01-02 09:02:12,Yeni İş İlişkisi,Turkcell Grup Şirketlerinden Alınan Sipariş hk.,ODA,https://www.kap.org.tr/tr/Bildirim/1532018
SASA,2026-01-02 08:26:44,Pay Alım Satım Bildirimi,Sürekli Bilgilere İlişkin Özel Durum Açıklaması,ODA,https://www.kap.org.tr/tr/Bildirim/1532000
BIMAS,2026-01-01 21:21:38,Kayıtlı Sermaye Tavanı İşlemlerine İlişkin Bildirim,Kayıtlı Sermaye Sistemine Geçiş ve Esas Sözleşme Tadiline İlişkin Genel Kurul Toplantısı Kararlarının Tescili,ODA,https://www.kap.org.tr/tr/Bildirim/1531999
BIMAS,2026-01-01 20:43:02,Genel Kurul İşlemlerine İlişkin Bildirim,Olağanüstü Genel Kurul Toplantısı Kararlarının Tescil Edilmesi,ODA,https://www.kap.org.tr/tr/Bildirim/1531998
TAVHL,2026-01-01 17:52:57,Şirket Genel Bilgi Formu,,DG,https://www.kap.org.tr/tr/Bildirim/1531997
SISE,2025-12-31 18:57:32,Şirket Genel Bilgi Formu,,DG,https://www.kap.org.tr/tr/Bildirim/1531922
SISE,2025-12-31 18:56:57,Finansal Duran Varlık Edinimi,ICRON Paylarının Sermaye Artırımı Yoluyla Edinimi,ODA,https://www.kap.org.tr/tr/Bildirim/1531921
ASELS,2025-12-31 18:27:35,Şirket Genel Bilgi Formu,,DG,https://www.kap.org.tr/tr/Bildirim/1531900
ASELS,2025-12-31 18:27:17,Finansal Duran Varlık Edinimi,Finansal Duran Varlık Edinimi,ODA,https://www.kap.org.tr/tr/Bildirim/1531899
ASELS,2025-12-31 18:26:51,Finansal Duran Varlık Edinimi,Finansal Duran Varlık Edinimi,ODA,https://www.kap.org.tr/tr/Bildirim/1531898
GARAN,2025-12-31 18:02:37,Şirket Genel Bilgi Formu,,DG,https://www.kap.org.tr/tr/Bildirim/1531841
GUBRF,2025-12-31 17:28:24,Özel Durum Açıklaması (Genel),Bilgi Sistemleri Uygulamaları Hk.,ODA,https://www.kap.org.tr/tr/Bildirim/1531818
SISE,2025-12-31 16:40:33,Borsada İşlem Gören Tipe Dönüşüm Duyurusu,DÖNÜŞÜM,DKB,https://www.kap.org.tr/tr/Bildirim/1531772
SAHOL,2025-12-31 16:40:33,Borsada İşlem Gören Tipe Dönüşüm Duyurusu,DÖNÜŞÜM,DKB,https://www.kap.org.tr/tr/Bildirim/1531772
EKGYO,2025-12-31 16:18:15,Özel Durum Açıklaması (Genel),Cer İstanbul Kısmi Geçici Kabulü,ODA,https://www.kap.org.tr/tr/Bildirim/1531741
TCELL,2025-12-31 15:31:03,Şirket Genel Bilgi Formu,,DG,https://www.kap.org.tr/tr/Bildirim/1531702
TCELL,2025-12-31 15:30:49,Birleşme İşlemlerine İlişkin Bildirim,Bağlı Ortaklığımız Artel Bilişim Servisleri A.Ş. ile Devralma Yoluyla Birleşmenin Tamamlanması,ODA,https://www.kap.org.tr/tr/Bildirim/1531701
VAKBN,2025-12-31 15:08:13,Pay Dışında Sermaye Piyasası Aracı İşlemlerine İlişkin Bildirim (Faiz İçeren),GMTN Programı Çerçevesinde Türkiye Dışında Sürdürülebilir Borçlanma Aracı İhracı SPK Onayı ,ODA,https://www.kap.org.tr/tr/Bildirim/1531682
AKBNK,2025-12-31 14:58:41,Şirket Genel Bilgi Formu,,DG,https://www.kap.org.tr/tr/Bildirim/1531664
AKBNK,2025-12-31 14:58:09,Özel Durum Açıklaması (Genel),Takipteki Kredi Alacakları Portföyünün Satışı,ODA,https://www.kap.org.tr/tr/Bildirim/1531663
ASELS,2025-12-31 14:35:12,Yeni İş İlişkisi,Sözleşme İmzalanması,ODA,https://www.kap.org.tr/tr/Bildirim/1531628
VAKBN,2025-12-31 11:42:23,Pay Dışında Sermaye Piyasası Aracı İşlemlerine İlişkin Bildirim (Faiz İçeren),GMTN Programı Çerçevesinde Türkiye Dışında Sürdürülebilir Borçlanma Aracı İhracı SPK Onayı ,ODA,https://www.kap.org.tr/tr/Bildirim/1531555
ISCTR,2025-12-31 09:20:27,Finansal Duran Varlık Satışı,Greeneco Enerji Elektrik Üretim A.Ş. Paylarının Devredilmesi Hakkında,ODA,https://www.kap.org.tr/tr/Bildirim/1531462
TKFEN,2025-12-31 09:08:40,BISTECH Pay Piyasası Alım Satım Sistemi Duyurusu,Hak Kullanımı,DKB,https://www.kap.org.tr/tr/Bildirim/1531455
SASA,2025-12-31 08:53:29,Kamuyu Aydınlatma Platformu Duyurusu,Özel Durumlar Tebliği'nin 12-(4). maddesi gereğince yapılan açıklama,DKB,https://www.kap.org.tr/tr/Bildirim/1531452
EKGYO,2026-01-13 19:04:11,Özel Durum Açıklaması (Genel),Şirketimizin 2026 Yılı Hedefleri Hakkında,ODA,https://www.kap.org.tr/tr/Bildirim/1541723
EKGYO,2026-01-13 19:01:50,Özel Durum Açıklaması (Genel),2025 Satış Raporu,ODA,https://www.kap.org.tr/tr/Bildirim/1541719
EKGYO,2026-01-13 18:16:19,Pay Dışında Sermaye Piyasası Aracı İşlemlerine İlişkin Bildirim (Faizsiz),Yurtiçi Kira Sertifikası İhracı Nitelikli Yatırımcıya Satışın Tamamlanması Hk.,ODA,https://www.kap.org.tr/tr/Bildirim/1541656
EKGYO,2026-01-13 15:20:59,Özel Durum Açıklaması (Genel),Ebruli Kayaşehir Geçici Kabulü,ODA,https://www.kap.org.tr/tr/Bildirim/1541389
SAHOL,2026-01-13 15:12:03,Finansal Takvim,Finansal Takvim,DG,https://www.kap.org.tr/tr/Bildirim/1541383
SASA,2026-01-13 11:37:48,Özel Durum Açıklaması (Genel),Özel Durum Açıklaması (Genel),DKB,https://www.kap.org.tr/tr/Bildirim/1541272
SASA,2026-01-13 09:08:01,Kamuyu Aydınlatma Platformu Duyurusu,Özel Durumlar Tebliği'nin 12-(4). maddesi gereğince yapılan açıklama,DKB,https://www.kap.org.tr/tr/Bildirim/1541116
SISE,2026-01-12 20:08:27,Kredi Derecelendirmesi,Kredi Derecelendirme Notu,ODA,https://www.kap.org.tr/tr/Bildirim/1541084
SISE,2026-01-12 19:37:09,Finansal Rapor,,FR,https://www.kap.org.tr/tr/Bildirim/1541081
GARAN,2026-01-12 18:13:48,Pay Dışında Sermaye Piyasası Aracı İşlemlerine İlişkin Bildirim (Faiz İçeren),MTN ihracı itfası ,ODA,https://www.kap.org.tr/tr/Bildirim/1541046
EREGL,2026-01-12 16:41:58,Borsada İşlem Gören Tipe Dönüşüm Duyurusu,DÖNÜŞÜM,DKB,https://www.kap.org.tr/tr/Bildirim/1540880
GARAN,2026-01-12 16:06:03,İzahname-Özet (SPK Tarafından Onaylanan),İzahname Özet,DG,https://www.kap.org.tr/tr/Bildirim/1540756
GARAN,2026-01-12 16:05:49,İzahname-Sermaye Piyasası Aracı Notu (SPK Tarafından Onaylanan),İzahname Sermaye Piyasası Aracı Notu,DG,https://www.kap.org.tr/tr/Bildirim/1540755
GARAN,2026-01-12 16:05:36,İzahname veya İzahnameyi Oluşturan Belgelerde Değişiklik - Ekleme,İzahname İhraçcı Bilgi Dökümanı karşılaştırmalı Tadil Metni,DG,https://www.kap.org.tr/tr/Bildirim/1540753
SISE,2026-01-12 15:04:24,Kredi Derecelendirmesi,Kredi Derecelendirme Notu,ODA,https://www.kap.org.tr/tr/Bildirim/1540684
SISE,2026-01-12 12:55:40,Özel Durum Açıklaması (Genel),Eurobond İhracına İlişkin Bildirim,ODA,https://www.kap.org.tr/tr/Bildirim/1540642
EKGYO,2026-01-12 11:02:04,Tertip İhraç Belgesi,"Emlak Konut GYO 3.Tertip İhraç Belgesi
",DG,https://www.kap.org.tr/tr/Bildirim/1540601
EKGYO,2026-01-12 09:40:12,Tertip İhraç Belgesi,"Emlak Konut GYO 2.Tertip İhraç Belgesi
",DG,https://www.kap.org.tr/tr/Bildirim/1540525
SASA,2026-01-12 08:57:10,Kamuyu Aydınlatma Platformu Duyurusu,Özel Durumlar Tebliği'nin 12-(4). maddesi gereğince yapılan açıklama,DKB,https://www.kap.org.tr/tr/Bildirim/1540513
SASA,2026-01-12 08:55:20,Özel Durum Açıklaması (Genel),Low-Melt Polyester Elyaf Üretim Tesisinin devreye alınması,ODA,https://www.kap.org.tr/tr/Bildirim/1540510
EKGYO,2026-01-09 21:03:11,Değerleme Raporu ,Muğla Bodrum Türkbükü Parseli Yıl sonu Gayrimenkul Değerleme Raporu ,DG,https://www.kap.org.tr/tr/Bildirim/1540130
EKGYO,2026-01-09 21:03:01,Değerleme Raporu ,Tual Gölyaka Yıl sonu Gayrimenkul Değerleme Raporu,DG,https://www.kap.org.tr/tr/Bildirim/1540129
EKGYO,2026-01-09 21:02:52,Değerleme Raporu ,Major Gölyaka Yıl Sonu Gayrimenkul Değerleme Raporu ,DG,https://www.kap.org.tr/tr/Bildirim/1540128
EKGYO,2026-01-09 21:02:44,Değerleme Raporu ,Gölyaka İstanbul Yıl Sonu Gayrimenkul Değerleme Raporu ,DG,https://www.kap.org.tr/tr/Bildirim/1540127
EKGYO,2026-01-09 21:02:35,Değerleme Raporu , Ebruli Kayaşehir Yıl Sonu Gayrimenkul Değerleme Raporu ,DG,https://www.kap.org.tr/tr/Bildirim/1540126
KONTR,2026-01-09 20:26:37,Sermaye Artırımı - Azaltımı İşlemlerine İlişkin Bildirim,Sermaye Artırımının Tamamlanması ve Esas Sözleşme Tadil Metni SPK Başvurusu Hakkında,ODA,https://www.kap.org.tr/tr/Bildirim/1540057
EKGYO,2026-01-09 20:23:20,Değerleme Raporu ,İzmir Çeşme Ovacık Parselleri Yıl Sonu Gayrimenkul Değerleme Raporu,DG,https://www.kap.org.tr/tr/Bildirim/1540054
EKGYO,2026-01-09 20:23:05,Değerleme Raporu ,Muğla Köyceğiz Parselleri Yıl Sonu Gayrimenkul Değerleme Raporu ,DG,https://www.kap.org.tr/tr/Bildirim/1540053
EKGYO,2026-01-09 20:22:53,Değerleme Raporu ,Muğla Bodrum Türkbükü ASKGPİ Yıl Sonu Gayrimenkul Değerleme Raporu,DG,https://www.kap.org.tr/tr/Bildirim/1540052
EKGYO,2026-01-09 20:22:41,Değerleme Raporu ,Muğla Bodrum Ortakent 353/190 Parseli Yıl Sonu Gayrimenkul Değerleme Raporu ,DG,https://www.kap.org.tr/tr/Bildirim/1540051
EKGYO,2026-01-09 20:22:30,Değerleme Raporu ,Muğla Bodrum Ortakent Parselleri Yıl sonu Gayrimenkul Değerleme Raporu,DG,https://www.kap.org.tr/tr/Bildirim/1540050
EKGYO,2026-01-09 20:22:17,Değerleme Raporu ,Muğla Bodrum Ortakent 1. Etap Yıl sonu Gayrimenkul Değerleme Raporu ,DG,https://www.kap.org.tr/tr/Bildirim/1540049
EKGYO,2026-01-09 20:22:02,Değerleme Raporu ,Muğla Bodrum Ortakent 2. Etap Yıl sonu Gayrimenkul Değerleme Raporu ,DG,https://www.kap.org.tr/tr/Bildirim/1540048
EKGYO,2026-01-09 20:14:58,Değerleme Raporu ,İstmarina Yıl Sonu Gayrimenkul Değerleme Raporu,DG,https://www.kap.org.tr/tr/Bildirim/1540009
EKGYO,2026-01-09 19:52:57,Değerleme Raporu ,İstanbul Ataşehir Parselleri Yıl Sonu Gayrimenkul Değerleme Raporu,DG,https://www.kap.org.tr/tr/Bildirim/1539956
EKGYO,2026-01-09 19:52:46,Değerleme Raporu ,İstanbul Kemerburgaz Parselleri Yıl Sonu Gayrimenkul Değerleme Raporu,DG,https://www.kap.org.tr/tr/Bildirim/1539955
EKGYO,2026-01-09 19:52:29,Değerleme Raporu ,Büyükyalı Yıl Sonu Gayrimenkul Değerleme Raporu,DG,https://www.kap.org.tr/tr/Bildirim/1539953
EKGYO,2026-01-09 19:52:17,Değerleme Raporu ,İzmir Çeşme Musalla Parselleri Yıl Sonu Gayrimenkul Değerleme Raporu ,DG,https://www.kap.org.tr/tr/Bildirim/1539952
EKGYO,2026-01-09 19:52:06,Değerleme Raporu ,İzmir Seferhisar Parselleri Yıl Sonu Gayrimenkul Değerleme Raporu,DG,https://www.kap.org.tr/tr/Bildirim/1539951
EKGYO,2026-01-09 19:41:38,Değerleme Raporu ,İstanbul Esenler Atışalanı 4. Etap ASKGPİ Yıl Sonu Gayrimenkul Değerleme Raporu,DG,https://www.kap.org.tr/tr/Bildirim/1539944
EKGYO,2026-01-09 19:41:27,Değerleme Raporu ,İstanbul Esenler Atışalanı 3. Etap ASKGPİ Yıl Sonu Gayrimenkul Değerleme Raporu,DG,https://www.kap.org.tr/tr/Bildirim/1539943
EKGYO,2026-01-09 19:41:17,Değerleme Raporu ,Park Yaşam Çınarköy Yıl Sonu Gayrimenkul Değerleme Raporu,DG,https://www.kap.org.tr/tr/Bildirim/1539942
EKGYO,2026-01-09 19:41:00,Değerleme Raporu ,İstanbul Çınarköy Satış Ofisi Yıl Sonu Gayrimenkul Değerleme Raporu,DG,https://www.kap.org.tr/tr/Bildirim/1539941
EKGYO,2026-01-09 19:36:30,Değerleme Raporu ,Nişantaşı Koru Yıl Sonu Gayrimenkul Değerleme Raporu,DG,https://www.kap.org.tr/tr/Bildirim/1539926
EKGYO,2026-01-09 19:36:06,Değerleme Raporu ,Fua Denizpark Yıl Sonu Gayrimenkul Değerleme Raporu,DG,https://www.kap.org.tr/tr/Bildirim/1539924
EKGYO,2026-01-09 19:33:48,Değerleme Raporu ,Ataşehir 173 Yıl Sonu Gayrimenkul Değerleme Raporu,DG,https://www.kap.org.tr/tr/Bildirim/1539913
EKGYO,2026-01-09 19:32:09,Özel Durum Açıklaması (Genel),İstanbul Ataşehir Küçükbakkalköy İhale İlanı,ODA,https://www.kap.org.tr/tr/Bildirim/1539912
SISE,2026-01-09 19:16:27,Finansal Tablo ve-veya Dipnot Değişikliği,30.09.2025 tarihi itibarıyla gerçekleştirilen özel amaçlı sınırlı bağımsız denetim nedeniyle finansal tablo ve dipnotların yeniden yayınlanması,ODA,https://www.kap.org.tr/tr/Bildirim/1539823
ISCTR,2026-01-09 18:18:18,İhraç Tavanına İlişkin Bildirim,Yurtiçinde Sermaye Benzeri Tahvil İhracına İlişkin SPK Onayı,ODA,https://www.kap.org.tr/tr/Bildirim/1539746
VAKBN,2026-01-09 17:34:17,Borçlanma Araçlarının / Kira Sertifikalarının İşlem Görmeye Başlaması,Borçlanma Araçlarının / Kira Sertifikalarının İşlem Görmeye Başlaması,DKB,https://www.kap.org.tr/tr/Bildirim/1539531
ISCTR,2026-01-09 16:50:35,Şirket Genel Bilgi Formu,,DG,https://www.kap.org.tr/tr/Bildirim/1539222
MGROS,2026-01-09 16:23:54,Borsada İşlem Gören Tipe Dönüşüm Duyurusu,DÖNÜŞÜM,DKB,https://www.kap.org.tr/tr/Bildirim/1539049
VAKBN,2026-01-09 14:37:58,Şirket Genel Bilgi Formu,,DG,https://www.kap.org.tr/tr/Bildirim/1538471
VAKBN,2026-01-09 14:36:12,Pay Dışında Sermaye Piyasası Aracı İşlemlerine İlişkin Bildirim (Faiz İçeren),TRFVKFB12615 ISIN kodlu T. Vakıflar Bankası T.A.O. Finansman Bonolarının İtfası,ODA,https://www.kap.org.tr/tr/Bildirim/1538452
AKBNK,2026-01-09 13:47:31,Finansal Takvim,Finansal Takvim (2025 4.Çeyrek),DG,https://www.kap.org.tr/tr/Bildirim/1538313
THYAO,2026-01-09 09:26:32,Özel Durum Açıklaması (Genel),Aralık 2025 Trafik Sonuçları,ODA,https://www.kap.org.tr/tr/Bildirim/1537896
EKGYO,2026-01-09 09:19:51,Değerleme Raporu ,Düşler Vadisi Yıl sonu Gayrimenkul Değerleme Raporu ,DG,https://www.kap.org.tr/tr/Bildirim/1537891
EKGYO,2026-01-09 09:19:33,Değerleme Raporu ,Yeni Fikirtepe 19. Etap Yıl Sonu Gayrimenkul Değerleme Raporu ,DG,https://www.kap.org.tr/tr/Bildirim/1537890
EKGYO,2026-01-09 08:51:05,Değerleme Raporu ,Yenişehir Evleri 11 Yıl Sonu Gayrimenkul Değerleme Raporu ,DG,https://www.kap.org.tr/tr/Bildirim/1537874
EKGYO,2026-01-09 08:50:50,Değerleme Raporu ,Yenişehir Evleri 12 Yıl Sonu Gayrimenkul Değerleme Raporu ,DG,https://www.kap.org.tr/tr/Bildirim/1537873
EKGYO,2026-01-09 08:50:41,Değerleme Raporu ,Yeni Fikirtepe 3. Etap 1. Kısım Yıl sonu Gayrimenkul Değerleme Raporu ,DG,https://www.kap.org.tr/tr/Bildirim/1537872
EKGYO,2026-01-09 08:50:31,Değerleme Raporu ,Yeni Fikirtepe 3. Etap 2. Kısım Yıl sonu Gayrimenkul Değerleme Raporu ,DG,https://www.kap.org.tr/tr/Bildirim/1537871
EKGYO,2026-01-09 08:50:14,Değerleme Raporu ,Yenişehir Evleri 10 Yıl Sonu Gayrimenkul Değerleme Raporu,DG,https://www.kap.org.tr/tr/Bildirim/1537870
EKGYO,2026-01-09 08:50:01,Değerleme Raporu ,Yeni Fikirtepe 17. Etap Yıl Sonu Gayrimenkul Değerleme Raporu,DG,https://www.kap.org.tr/tr/Bildirim/1537869
EKGYO,2026-01-09 08:49:49,Değerleme Raporu ,Yeni Fikirtepe 16. Etap Yıl Sonu Gayrimenkul Değerleme Raporu,DG,https://www.kap.org.tr/tr/Bildirim/1537868
EKGYO,2026-01-09 08:49:25,Değerleme Raporu ,İstanbul Tuzla Merkez Parselleri Yıl Sonu Değerleme Raporu ,DG,https://www.kap.org.tr/tr/Bildirim/1537867
EKGYO,2026-01-09 08:49:14,Değerleme Raporu ,Balıkesir Altıeylül Konut ve Ticaret İnşaatları İle Altyapı ve Çevre Düzenleme İşi Yıl Sonu Gayrimenkul Değerleme Raporu ,DG,https://www.kap.org.tr/tr/Bildirim/1537866
EKGYO,2026-01-09 08:49:04,Değerleme Raporu ,YENİŞEHİR EVLERİ  1 Yıl sonu Gayrimenkul Değerleme Raporu,DG,https://www.kap.org.tr/tr/Bildirim/1537865
EKGYO,2026-01-09 08:48:54,Değerleme Raporu ,YENİŞEHİR EVLERİ  2 Yıl sonu Gayrimenkul Değerleme Raporu ,DG,https://www.kap.org.tr/tr/Bildirim/1537864
EKGYO,2026-01-09 08:48:43,Değerleme Raporu ,YENİŞEHİR EVLERİ 3 Yıl sonu Gayrimenkul Değerleme Raporu,DG,https://www.kap.org.tr/tr/Bildirim/1537863
EKGYO,2026-01-09 08:48:33,Değerleme Raporu ,Hayat Flora 1. ETAP Yıl sonu Gayrimenkul Değerleme Raporu ,DG,https://www.kap.org.tr/tr/Bildirim/1537862
EKGYO,2026-01-09 08:48:22,Değerleme Raporu ,The Year End Real Estate Appraisal Report of YENİŞEHİR EVLERİ  4   ,DG,https://www.kap.org.tr/tr/Bildirim/1537861
EKGYO,2026-01-09 08:48:11,Değerleme Raporu ,"Hayat Flora 2. Etap Yıl sonu Gayrimenkul Değerleme Raporu
",DG,https://www.kap.org.tr/tr/Bildirim/1537860
EKGYO,2026-01-09 08:47:57,Değerleme Raporu ,İstanbul Tuzla Aydınlı Parselleri Yıl Sonu Değerleme Raporu ,DG,https://www.kap.org.tr/tr/Bildirim/1537859
EKGYO,2026-01-09 08:47:46,Değerleme Raporu ,Gaziantep Şehitkamil Parselleri Yıl Sonu Gayrimenkul Değerleme Raporu ,DG,https://www.kap.org.tr/tr/Bildirim/1537858
EKGYO,2026-01-09 08:47:30,Değerleme Raporu ,İzmir Urla Parselleri Yıl Sonu Gayrimenkul Değerleme Raporu ,DG,https://www.kap.org.tr/tr/Bildirim/1537857
EKGYO,2026-01-09 08:47:17,Değerleme Raporu ,Yeni Fikirtepe 13. Etap Yıl Sonu Gayrimenkul Değerleme Raporu ,DG,https://www.kap.org.tr/tr/Bildirim/1537856
EKGYO,2026-01-09 08:46:58,Değerleme Raporu ,Yeni Fikirtepe 8. Etap Yıl Sonu Gayrimenkul Değerleme Raporu ,DG,https://www.kap.org.tr/tr/Bildirim/1537855
EKGYO,2026-01-08 23:54:01,Değerleme Raporu ,Emlak Konut Vadi Evleri 2. Etap Yıl Sonu Gayrimenkul Değerleme Raporu,DG,https://www.kap.org.tr/tr/Bildirim/1537826
EKGYO,2026-01-08 23:53:51,Değerleme Raporu ,Evora Denizli 2. Etap Yıl Sonu Gayrimenkul Değerleme Raporu ,DG,https://www.kap.org.tr/tr/Bildirim/1537825
EKGYO,2026-01-08 23:53:41,Değerleme Raporu ,Yeni Fikirtepe 9. Etap Yıl Sonu Gayrimenkul Değerleme Raporu ,DG,https://www.kap.org.tr/tr/Bildirim/1537824
EKGYO,2026-01-08 23:53:33,Değerleme Raporu ,Yeni Fikirtepe 10. Etap Yıl Sonu Gayrimenkul Değerleme Raporu ,DG,https://www.kap.org.tr/tr/Bildirim/1537823
EKGYO,2026-01-08 23:53:24,Değerleme Raporu ,Yeni Fikirtepe 11. Etap Yıl Sonu Gayrimenkul Değerleme Raporu,DG,https://www.kap.org.tr/tr/Bildirim/1537822
EKGYO,2026-01-08 23:53:15,Değerleme Raporu ,Temaşehir Konya Projesi Yıl Sonu Gayrimenkul Değerleme Raporu ,DG,https://www.kap.org.tr/tr/Bildirim/1537821
EKGYO,2026-01-08 23:53:02,Değerleme Raporu ,Körfezkent Çarşı Yıl Sonu Gayrimenkul Değerleme Raporu ,DG,https://www.kap.org.tr/tr/Bildirim/1537820
EKGYO,2026-01-08 23:52:53,Değerleme Raporu ,Avrupark Hayat Yıl Sonu Gayrimenkul Değerleme Raporu ,DG,https://www.kap.org.tr/tr/Bildirim/1537819
EKGYO,2026-01-08 23:52:45,Değerleme Raporu ,Idealist Cadde Koru Yıl Sonu Gayrimenkul Değerleme Raporu ,DG,https://www.kap.org.tr/tr/Bildirim/1537818
EKGYO,2026-01-08 23:52:36,Değerleme Raporu ,Nidakule Ataşehir Yıl Sonu Gayrimenkul Değerleme Raporu ,DG,https://www.kap.org.tr/tr/Bildirim/1537817
EKGYO,2026-01-08 23:52:26,Değerleme Raporu ,Ayazma Emlak Konutları 1. Etap Yıl Sonu Gayrimenkul Değerleme Raporu ,DG,https://www.kap.org.tr/tr/Bildirim/1537816
EKGYO,2026-01-08 23:51:49,Değerleme Raporu ,Nidapark Küçükyalı Yıl Sonu Gayrimenkul Değerleme Raporu ,DG,https://www.kap.org.tr/tr/Bildirim/1537815
EKGYO,2026-01-08 23:51:38,Değerleme Raporu ,İstanbul Ümraniye Inkılap Yıl Sonu Gayrimenkul Değerleme Raporu,DG,https://www.kap.org.tr/tr/Bildirim/1537814
EKGYO,2026-01-08 23:51:29,Değerleme Raporu ,İzmir Allsancak Yıl Sonu Gayrimenkul Değerleme Raporu,DG,https://www.kap.org.tr/tr/Bildirim/1537813
EKGYO,2026-01-08 23:51:20,Değerleme Raporu ,Park Yaşam Antalya Yıl Sonu Gayrimenkul Değerleme Raporu,DG,https://www.kap.org.tr/tr/Bildirim/1537812
EKGYO,2026-01-08 23:51:10,Değerleme Raporu ,Meydan Başakşehir Yıl Sonu Gayrimenkul Değerleme Raporu ,DG,https://www.kap.org.tr/tr/Bildirim/1537811
EKGYO,2026-01-08 23:51:01,Değerleme Raporu ,İstanbul Başakşehir Kayabaşı 10. Etap Yıl Sonu Gayrimenkul Değerleme Raporu ,DG,https://www.kap.org.tr/tr/Bildirim/1537810
EKGYO,2026-01-08 23:50:51,Değerleme Raporu ,Antalya Mahmutlar Parseli Yıl Sonu Gayrimenkul Değerleme Raporu ,DG,https://www.kap.org.tr/tr/Bildirim/1537809
EKGYO,2026-01-08 23:50:44,Değerleme Raporu ,Evora İzmir Yıl Sonu Gayrimenkul Değerleme Raporu,DG,https://www.kap.org.tr/tr/Bildirim/1537808
EKGYO,2026-01-08 23:50:35,Değerleme Raporu ,Antalya Konyaaltı Yıl Sonu Gayrimenkul Değerleme Raporu ,DG,https://www.kap.org.tr/tr/Bildirim/1537807
EKGYO,2026-01-08 23:50:26,Değerleme Raporu ,Kuzey Esenler 1709/1 Parsel Yıl Sonu Gayrimenkul Değerleme Raporu,DG,https://www.kap.org.tr/tr/Bildirim/1537806
EKGYO,2026-01-08 23:50:18,Değerleme Raporu ,Maslak 1453 Yıl Sonu Gayrimenkul Değerleme Raporu ,DG,https://www.kap.org.tr/tr/Bildirim/1537805
EKGYO,2026-01-08 23:50:08,Değerleme Raporu ,Yeni Fikirtepe 2. Etap Yıl Sonu Gayrimenkul Değerleme Raporu,DG,https://www.kap.org.tr/tr/Bildirim/1537804
EKGYO,2026-01-08 23:49:58,Değerleme Raporu ,Yeni Fikirtepe 5. Etap Yıl Sonu Gayrimenkul Değerleme Raporu ,DG,https://www.kap.org.tr/tr/Bildirim/1537803
EKGYO,2026-01-08 23:49:48,Değerleme Raporu ,Yeni Fikirtepe 5. Etap Yıl Sonu Gayrimenkul Değerleme Raporu ,DG,https://www.kap.org.tr/tr/Bildirim/1537802
EKGYO,2026-01-08 23:48:39,Değerleme Raporu ,Yeni Fikirtepe 4. Etap Yıl Sonu Gayrimenkul Değerleme Raporu ,DG,https://www.kap.org.tr/tr/Bildirim/1537801
EKGYO,2026-01-08 23:48:29,Değerleme Raporu ,Yeni Fikirtepe 6. Etap Yıl Sonu Gayrimenkul Değerleme Raporu ,DG,https://www.kap.org.tr/tr/Bildirim/1537800
EKGYO,2026-01-08 23:48:18,Değerleme Raporu ,Kemerburgaz İSYV Parselleri Yıl Sonu Gayrimenkul Değerleme Raporu,DG,https://www.kap.org.tr/tr/Bildirim/1537799
EKGYO,2026-01-08 23:48:07,Değerleme Raporu ,Yeni Fikirtepe 7. Etap Yıl Sonu Gayrimenkul Değerleme Raporu ,DG,https://www.kap.org.tr/tr/Bildirim/1537798
EKGYO,2026-01-08 23:11:47,Değerleme Raporu ,Tekirdağ Çorlu Kazımiye Parselleri Yıl Sonu Gayrimenkul Değerleme Raporu ,DG,https://www.kap.org.tr/tr/Bildirim/1537796
EKGYO,2026-01-08 23:11:27,Değerleme Raporu ,Nevşehir Merkez Parselleri Yıl Sonu Yıl Sonu Gayrimenkul Değerleme Raporu,DG,https://www.kap.org.tr/tr/Bildirim/1537795
EKGYO,2026-01-08 23:10:22,Değerleme Raporu ,Nidapark İstinye Yıl Sonu Gayrimenkul Değerleme Raporu ,DG,https://www.kap.org.tr/tr/Bildirim/1537794
EKGYO,2026-01-08 23:10:10,Değerleme Raporu ,Çekmeköy Taşdelen Parselleri Yıl Sonu Gayrimenkul Değerleme Raporu ,DG,https://www.kap.org.tr/tr/Bildirim/1537793
EKGYO,2026-01-08 23:09:57,Değerleme Raporu ,Yenişehir Evleri 8 Yıl Sonu Gayrimenkul Değerleme Raporu ,DG,https://www.kap.org.tr/tr/Bildirim/1537792
EKGYO,2026-01-08 23:09:37,Değerleme Raporu ,Amasya Merkez Parseli Yıl Sonu Gayrimenkul Değerleme Raporu ,DG,https://www.kap.org.tr/tr/Bildirim/1537791
EKGYO,2026-01-08 23:09:23,Değerleme Raporu ,Seyir Çayyolu Vilları Yıl Sonu Gayrimenkul Değerleme Raporu,DG,https://www.kap.org.tr/tr/Bildirim/1537790
EKGYO,2026-01-08 23:08:49,Değerleme Raporu ,Yenişehir Evleri 5 Yıl Sonu Gayrimenkul Değerleme Raporu ,DG,https://www.kap.org.tr/tr/Bildirim/1537789
EKGYO,2026-01-08 23:08:31,Değerleme Raporu ,Merkez Ankara Yıl Sonu Gayrimenkul Değerleme Raporu,DG,https://www.kap.org.tr/tr/Bildirim/1537788
EKGYO,2026-01-08 23:08:16,Değerleme Raporu ,Yeni Levent Modern Yıl Sonu Gayrimenkul Değerleme Raporu ,DG,https://www.kap.org.tr/tr/Bildirim/1537787
EKGYO,2026-01-08 23:07:52,Değerleme Raporu ,Yeni Fikirtepe 12. Etap Yıl Sonu Gayrimenkul Değerleme Raporu ,DG,https://www.kap.org.tr/tr/Bildirim/1537786
EKGYO,2026-01-08 23:04:32,Değerleme Raporu ,Yenişehir Evleri 6 Yıl Sonu Gayrimenkul Değerleme Raporu ,DG,https://www.kap.org.tr/tr/Bildirim/1537748
EKGYO,2026-01-08 22:59:09,Değerleme Raporu ,Yeni Fikirtepe 14-15. Etap Yıl Sonu Gayrimenkul Değerleme Raporu ,DG,https://www.kap.org.tr/tr/Bildirim/1537722
SASA,2026-01-08 21:34:03,Pay Dışında Sermaye Piyasası Aracı İşlemlerine İlişkin Bildirim (Faiz İçeren),Paya Dönüştürülebilir Tahvil İhracının Tamamlanması ,ODA,https://www.kap.org.tr/tr/Bildirim/1537676
AKBNK,2026-01-08 17:41:26,Pay Dışında Sermaye Piyasası Aracı İşlemlerine İlişkin Bildirim (Faiz İçeren),XS2941367976 ISIN Kodlu Sürdürülebilir Temalı Tahvilin İtfası,ODA,https://www.kap.org.tr/tr/Bildirim/1537235
AKBNK,2026-01-08 17:41:08,Pay Dışında Sermaye Piyasası Aracı İşlemlerine İlişkin Bildirim (Faiz İçeren),Yurtdışı Piyasalara Tahvil İhracı,ODA,https://www.kap.org.tr/tr/Bildirim/1537234
VAKBN,2026-01-08 17:20:40,Pay Dışında Sermaye Piyasası Aracı İşlemlerine İlişkin Bildirim (Faiz İçeren),Borçlanma Araçlarına İlişkin Satış Sonuçları Açıklaması,ODA,https://www.kap.org.tr/tr/Bildirim/1537107
PETKM,2026-01-08 16:55:29,Şirket Genel Bilgi Formu,,DG,https://www.kap.org.tr/tr/Bildirim/1536959
PETKM,2026-01-08 16:55:18,Yönetim Kurulu Komiteleri,Yönetim Kurulu Üyesinin İstifası ve Yeni Yönetim Kurulu Üyesinin Atanması,ODA,https://www.kap.org.tr/tr/Bildirim/1536957
EKGYO,2026-01-08 16:27:26,Değerleme Raporu ,Semt Bahçekent 1-2 Yıl Sonu Gayrimenkul Değerleme Raporu ,DG,https://www.kap.org.tr/tr/Bildirim/1536819
EKGYO,2026-01-08 16:26:48,Değerleme Raporu ,Arnavutköy Parselleri 2 Yıl Sonu Gayrimenkul Değerleme Raporu ,DG,https://www.kap.org.tr/tr/Bildirim/1536809
EKGYO,2026-01-08 16:26:36,Değerleme Raporu ,Bizim Mahalle 1-1 Yıl Sonu Gayrimenkul Değerleme Raporu,DG,https://www.kap.org.tr/tr/Bildirim/1536806
HALKB,2026-01-08 16:26:29,Borsada İşlem Gören Tipe Dönüşüm Duyurusu,DÖNÜŞÜM,DKB,https://www.kap.org.tr/tr/Bildirim/1536805
EKGYO,2026-01-08 16:26:25,Değerleme Raporu ,Sarphan Finanspark Yıl Sonu Gayrimenkul Değerleme Raporu ,DG,https://www.kap.org.tr/tr/Bildirim/1536804
EKGYO,2026-01-08 16:26:15,Değerleme Raporu ,İstanbul Küçükçekmece Halkalı Sosyal Kültürel Tesis Alanı Yıl  Sonu Gayrimenkul Değerleme Raporu,DG,https://www.kap.org.tr/tr/Bildirim/1536803
EKGYO,2026-01-08 16:25:19,Değerleme Raporu ,Varyap Meridian Yıl Sonu Gayrimenkul Değerleme Raporu ,DG,https://www.kap.org.tr/tr/Bildirim/1536789
EKGYO,2026-01-08 16:24:44,Değerleme Raporu ,İstanbul Küçükçekmece Halkalı Parselleri Yıl sonu Gayrimenkul Değerleme Raporu,DG,https://www.kap.org.tr/tr/Bildirim/1536765
EKGYO,2026-01-08 16:24:30,Değerleme Raporu ,Arnavutköy Parselleri Yıl Sonu Gayrimenkul Değerleme Raporu,DG,https://www.kap.org.tr/tr/Bildirim/1536754
EKGYO,2026-01-08 16:23:51,Değerleme Raporu ,İstanbul Kartal Parselleri Yıl Sonu Gayrimenkul Değerleme Raporu ,DG,https://www.kap.org.tr/tr/Bildirim/1536739
EKGYO,2026-01-08 16:23:37,Değerleme Raporu ,Validebağ Konakları Yıl Sonu Gayrimenkul Değerleme Raporu ,DG,https://www.kap.org.tr/tr/Bildirim/1536738
EKGYO,2026-01-08 16:23:15,Değerleme Raporu ,Muğla Milas Kazıklı Yıl Sonu Gayrimenkul Değerleme Raporu,DG,https://www.kap.org.tr/tr/Bildirim/1536737
EKGYO,2026-01-08 16:23:03,Özel Durum Açıklaması (Genel),İstanbul Başakşehir Doğu 1. Etap İhale İlanı,ODA,https://www.kap.org.tr/tr/Bildirim/1536736
EKGYO,2026-01-08 16:22:50,Değerleme Raporu ,Komşu Finans Evleri Yıl Sonu Gayrimenkul Değerleme ,DG,https://www.kap.org.tr/tr/Bildirim/1536735
EKGYO,2026-01-08 16:22:35,Değerleme Raporu ,Bizim Mahalle 1-2 Yıl Sonu Gayrimenkul Değerleme Raporu ,DG,https://www.kap.org.tr/tr/Bildirim/1536734
EKGYO,2026-01-08 16:22:21,Değerleme Raporu ,Bizim Mahalle 1-4 Yıl Sonu Gayrimenkul Değerleme Raporu,DG,https://www.kap.org.tr/tr/Bildirim/1536733
EKGYO,2026-01-08 16:22:10,Değerleme Raporu ,"Kuzey Yakası 2. Etap Yıl Sonu Gayrimenkul Değerleme Raporu
",DG,https://www.kap.org.tr/tr/Bildirim/1536732
EKGYO,2026-01-08 16:21:57,Değerleme Raporu ,Bizim Mahalle 1-3 Yıl Sonu Gayrimenkul Değerleme Raporu,DG,https://www.kap.org.tr/tr/Bildirim/1536731
EKGYO,2026-01-08 16:21:42,Değerleme Raporu ,Aydın Didim Efeler Parseli Yıl sonu Değerleme Raporu ,DG,https://www.kap.org.tr/tr/Bildirim/1536730
EKGYO,2026-01-08 16:21:28,Değerleme Raporu ,"Vadi Panorama Yıl Sonu Gayrimenkul Değerleme Raporu
",DG,https://www.kap.org.tr/tr/Bildirim/1536725
EKGYO,2026-01-08 16:21:14,Değerleme Raporu ,Esenler Emlak Konutları 2. Etap Konut Kentsel Dönüşüm Yıl Sonu  Gayrimenkul Değerleme Raporu,DG,https://www.kap.org.tr/tr/Bildirim/1536723
EKGYO,2026-01-08 16:19:46,Değerleme Raporu ,Barbaros 48 Yıl Sonu Gayrimenkul Değerleme Raporu ,DG,https://www.kap.org.tr/tr/Bildirim/1536720
EKGYO,2026-01-08 16:19:32,Değerleme Raporu ,Karat 34 Yıl Sonu Gayrimenkul Değerleme Raporu ,DG,https://www.kap.org.tr/tr/Bildirim/1536719
EKGYO,2026-01-08 16:19:12,Değerleme Raporu ,Yalı Ataköy Yıl Sonu Gayrimenkul Değerleme Raporu ,DG,https://www.kap.org.tr/tr/Bildirim/1536717
EKGYO,2026-01-08 16:18:59,Değerleme Raporu ,Metropol İstanbul Yıl Sonu Gayrimenkul Değerleme Raporu,DG,https://www.kap.org.tr/tr/Bildirim/1536706
YKBNK,2026-01-08 15:25:52,Pay Dışında Sermaye Piyasası Aracı İşlemlerine İlişkin Bildirim (Faiz İçeren),Yurtdışında ihraç edilen borçlanma aracının itfası,ODA,https://www.kap.org.tr/tr/Bildirim/1536427
TAVHL,2026-01-08 14:48:50,Özel Durum Açıklaması (Genel),Yatırımcı Bülteni (Aralık 2025),ODA,https://www.kap.org.tr/tr/Bildirim/1536251
TAVHL,2026-01-08 14:47:52,Finansal Takvim,"2025 4. Çeyrek Finansal Takvim
",DG,https://www.kap.org.tr/tr/Bildirim/1536249
EKGYO,2026-01-08 14:42:56,Değerleme Raporu ,Batı Yakası 2. Etap Yıl Sonu Gayrimenkul Sonu Gayrimenkul Değerleme Raporu ,DG,https://www.kap.org.tr/tr/Bildirim/1536245
EKGYO,2026-01-08 14:42:39,Değerleme Raporu ,Emlak Konut Vadi Evleri 1. Etap Yıl Sonu Gayrimenkul Değerleme Raporu,DG,https://www.kap.org.tr/tr/Bildirim/1536244
EKGYO,2026-01-08 14:42:17,Değerleme Raporu ,Batı Yakası 1. Etap Yıl sonu Gayrimenkul Değerleme Raporu ,DG,https://www.kap.org.tr/tr/Bildirim/1536243
EKGYO,2026-01-08 14:41:56,Değerleme Raporu ,Muğla Köyceğiz Toparlar Yıl Sonu Gayrimenkul Değerleme Raporu,DG,https://www.kap.org.tr/tr/Bildirim/1536241
SASA,2026-01-08 10:04:46,Pay Bazında Devre Kesici Bildirimi,SASA.E işlem sırasında Pay Bazında Devre Kesici Uygulaması devreye girmiştir,DKB,https://www.kap.org.tr/tr/Bildirim/1535485
SASA,2026-01-08 04:57:26,İhraç Tavanına İlişkin Bildirim,Paya Dönüştürülebilir Tahvil İhraç ve Satışının Tamamlanması ,ODA,https://www.kap.org.tr/tr/Bildirim/1535380
EKGYO,2026-01-07 21:02:09,Özel Durum Açıklaması (Genel),Küçükbakkalköy Projesi'nin Yeniden İhale Edilmesi,ODA,https://www.kap.org.tr/tr/Bildirim/1535329
EKGYO,2026-01-07 21:01:14,Özel Durum Açıklaması (Genel),İstanbul Esenler Atışalanı Kuzey Bölgesi 1. Etap İhale İlanı,ODA,https://www.kap.org.tr/tr/Bildirim/1535326
SASA,2026-01-07 19:10:45,İhraç Tavanına İlişkin Bildirim,Yurt Dışında Paya Dönüştürülebilir Tahvil İhracına Başlanması,ODA,https://www.kap.org.tr/tr/Bildirim/1535154
TKFEN,2026-01-07 19:09:17,Genel Kurul İşlemlerine İlişkin Bildirim,Genel Kurul Kararlarının tescili,ODA,https://www.kap.org.tr/tr/Bildirim/1535152
GUBRF,2026-01-07 16:59:19,Özel Durum Açıklaması (Genel),Sürdürülebilirlik Raporu Güvence Denetim Hizmeti Hk.,ODA,https://www.kap.org.tr/tr/Bildirim/1534808
KONTR,2026-01-07 16:05:52,İhale Süreci / Sonucu,İhale Süreci,ODA,https://www.kap.org.tr/tr/Bildirim/1534723
AKBNK,2026-01-07 13:54:00,Pay Dışında Sermaye Piyasası Aracı İşlemlerine İlişkin Bildirim (Faiz İçeren),Yurtdışı Piyasalara Tahvil İhracı,ODA,https://www.kap.org.tr/tr/Bildirim/1534477
YKBNK,2026-01-07 12:07:12,İhraç Tavanına İlişkin Bildirim,Yurtdışı borçlanma aracı ihraç limitine ilişkin SPK başvurusu,ODA,https://www.kap.org.tr/tr/Bildirim/1534309
ISCTR,2026-01-07 10:06:26,Pay Dışında Sermaye Piyasası Aracı İşlemlerine İlişkin Bildirim (Faiz İçeren),Yurtdışı Piyasalara Sürdürülebilir Tahvil İhracı,ODA,https://www.kap.org.tr/tr/Bildirim/1534140
GARAN,2026-01-20 19:20:03,Pay Dışında Sermaye Piyasası Aracı İşlemlerine İlişkin Bildirim (Faiz İçeren),"Yurtdışı Piyasalara Tahvil İhracı SPK Onayı
",ODA,https://www.kap.org.tr/tr/Bildirim/1545209
GARAN,2026-01-20 19:19:13,Pay Dışında Sermaye Piyasası Aracı İşlemlerine İlişkin Bildirim (Faiz İçeren),MTN ihracı itfası ,ODA,https://www.kap.org.tr/tr/Bildirim/1545208
ARCLK,2026-01-20 18:27:16,Finansal Takvim,Finansal Takvim,DG,https://www.kap.org.tr/tr/Bildirim/1545174
KCHOL,2026-01-20 18:15:09,Finansal Takvim,2025 Finansal Takvim,DG,https://www.kap.org.tr/tr/Bildirim/1545156
EKGYO,2026-01-20 16:58:26,Özel Durum Açıklaması (Genel),İstanbul Başakşehir Doğu 1. Etap İhalesi 2. Oturum Tarihi,ODA,https://www.kap.org.tr/tr/Bildirim/1545068
EKGYO,2026-01-20 16:58:00,Özel Durum Açıklaması (Genel),İstanbul Ataşehir Küçükbakkalköy İhalesi 2. Oturum Tarihi,ODA,https://www.kap.org.tr/tr/Bildirim/1545067
FROTO,2026-01-20 16:56:58,Özel Durum Açıklaması (Genel),Grev Kararı Alınması Hk.,ODA,https://www.kap.org.tr/tr/Bildirim/1545066
AKBNK,2026-01-20 16:35:45,Pay Dışında Sermaye Piyasası Aracı İşlemlerine İlişkin Bildirim (Faiz İçeren),Yurtdışı Piyasalara Tahvil İhracı,ODA,https://www.kap.org.tr/tr/Bildirim/1545053
AKBNK,2026-01-20 16:35:24,Pay Dışında Sermaye Piyasası Aracı İşlemlerine İlişkin Bildirim (Faiz İçeren),XS2842188687 ISIN Kodlu Tahvilin Kupon Ödemesi,ODA,https://www.kap.org.tr/tr/Bildirim/1545052
AKBNK,2026-01-20 16:35:02,Pay Dışında Sermaye Piyasası Aracı İşlemlerine İlişkin Bildirim (Faiz İçeren),US00971YAL48 ISIN Kodlu Tahvilin Kupon Ödemesi,ODA,https://www.kap.org.tr/tr/Bildirim/1545050
SAHOL,2026-01-20 16:13:02,Kayıtlı Sermaye Tavanı İşlemlerine İlişkin Bildirim,Kayıtlı Sermaye Tavanı ile Esas Sözleşme?de Öngörülen Diğer Değişikliklere İlişkin Sermaye Piyasası Kurulu?na Başvuru Sonucu,ODA,https://www.kap.org.tr/tr/Bildirim/1545030
TOASO,2026-01-20 16:02:21,Özel Durum Açıklaması (Genel),Grev Kararı Alınması Hakkında,ODA,https://www.kap.org.tr/tr/Bildirim/1545010
YKBNK,2026-01-20 15:35:55,Pay Dışında Sermaye Piyasası Aracı İşlemlerine İlişkin Bildirim (Faiz İçeren),Yurtdışında borçlanma aracı ihracının tamamlanması,ODA,https://www.kap.org.tr/tr/Bildirim/1544994
ARCLK,2026-01-20 15:33:24,Özel Durum Açıklaması (Genel),Toplu İş Sözleşmesi görüşmeleri hakkında,ODA,https://www.kap.org.tr/tr/Bildirim/1544992
VAKBN,2026-01-20 15:14:44,Pay Dışında Sermaye Piyasası Aracı İşlemlerine İlişkin Bildirim (Faiz İçeren),GMTN Programı Çerçevesinde Türkiye Dışında Sürdürülebilir Borçlanma Aracı İhracı SPK Onayı ,ODA,https://www.kap.org.tr/tr/Bildirim/1544986
VAKBN,2026-01-20 15:14:09,İhraç Belgesi,Yeşil / Sürdürülebilir Borçlanma Aracı İhraç Limiti SPK Onayı,DG,https://www.kap.org.tr/tr/Bildirim/1544985
VAKBN,2026-01-20 15:13:59,İhraç Belgesi,Yurt dışı Borçlanma Aracı İhracı SPK Onayı ,DG,https://www.kap.org.tr/tr/Bildirim/1544984
EKGYO,2026-01-20 13:40:20,Özel Durum Açıklaması (Genel),İstanbul Ataşehir Küçükbakkalköy 1. Oturum Sonucu,ODA,https://www.kap.org.tr/tr/Bildirim/1544951
SASA,2026-01-20 10:59:12,Endekslerde Kullanılan Fiili Dolaşımdaki Pay Oranı Değişiklikleri,-,DKB,https://www.kap.org.tr/tr/Bildirim/1544906
SASA,2026-01-20 09:15:25,Özel Durum Açıklaması (Genel),Özel Durum Açıklaması (Genel),DKB,https://www.kap.org.tr/tr/Bildirim/1544844
SASA,2026-01-20 09:01:53,Özel Durum Açıklaması (Genel),Özel Durum Açıklaması (Genel),DKB,https://www.kap.org.tr/tr/Bildirim/1544837
AKBNK,2026-01-20 08:07:57,Kayıtlı Sermaye Tavanı İşlemlerine İlişkin Bildirim,Kayıtlı Sermaye Tavanının Artırılması ve Geçerlilik Süresinin Uzatılması İle İlgili SPK Onayı,ODA,https://www.kap.org.tr/tr/Bildirim/1544827
YKBNK,2026-01-19 19:29:24,Şirket Genel Bilgi Formu,,DG,https://www.kap.org.tr/tr/Bildirim/1544798
YKBNK,2026-01-19 19:29:04,Pay Dışında Sermaye Piyasası Aracı İşlemlerine İlişkin Bildirim (Faiz İçeren),Yurtdışında borçlanma aracı ihracının tamamlanması,ODA,https://www.kap.org.tr/tr/Bildirim/1544797
ARCLK,2026-01-19 18:20:58,SPK İşlem Yasağı Nedeniyle Pay Duyurusu,SPK İşlem Yasağı Nedeniyle Pay Duyurusu,DKB,https://www.kap.org.tr/tr/Bildirim/1544743
AKBNK,2026-01-19 18:20:58,SPK İşlem Yasağı Nedeniyle Pay Duyurusu,SPK İşlem Yasağı Nedeniyle Pay Duyurusu,DKB,https://www.kap.org.tr/tr/Bildirim/1544743
SISE,2026-01-19 18:20:58,SPK İşlem Yasağı Nedeniyle Pay Duyurusu,SPK İşlem Yasağı Nedeniyle Pay Duyurusu,DKB,https://www.kap.org.tr/tr/Bildirim/1544743
YKBNK,2026-01-19 18:20:58,SPK İşlem Yasağı Nedeniyle Pay Duyurusu,SPK İşlem Yasağı Nedeniyle Pay Duyurusu,DKB,https://www.kap.org.tr/tr/Bildirim/1544743
GARAN,2026-01-19 18:20:58,SPK İşlem Yasağı Nedeniyle Pay Duyurusu,SPK İşlem Yasağı Nedeniyle Pay Duyurusu,DKB,https://www.kap.org.tr/tr/Bildirim/1544743
THYAO,2026-01-19 18:20:58,SPK İşlem Yasağı Nedeniyle Pay Duyurusu,SPK İşlem Yasağı Nedeniyle Pay Duyurusu,DKB,https://www.kap.org.tr/tr/Bildirim/1544743
ISCTR,2026-01-19 18:20:58,SPK İşlem Yasağı Nedeniyle Pay Duyurusu,SPK İşlem Yasağı Nedeniyle Pay Duyurusu,DKB,https://www.kap.org.tr/tr/Bildirim/1544743
PGSUS,2026-01-19 18:20:58,SPK İşlem Yasağı Nedeniyle Pay Duyurusu,SPK İşlem Yasağı Nedeniyle Pay Duyurusu,DKB,https://www.kap.org.tr/tr/Bildirim/1544743
EREGL,2026-01-19 18:20:58,SPK İşlem Yasağı Nedeniyle Pay Duyurusu,SPK İşlem Yasağı Nedeniyle Pay Duyurusu,DKB,https://www.kap.org.tr/tr/Bildirim/1544743
PETKM,2026-01-19 18:20:58,SPK İşlem Yasağı Nedeniyle Pay Duyurusu,SPK İşlem Yasağı Nedeniyle Pay Duyurusu,DKB,https://www.kap.org.tr/tr/Bildirim/1544743
ARCLK,2026-01-19 18:18:46,Özel Durum Açıklaması (Genel),Bağımsız Yönetim Kurulu Üye Adayına İlişkin SPK Başvurusunun Sonuçlanması,ODA,https://www.kap.org.tr/tr/Bildirim/1544742
TUPRS,2026-01-19 18:11:44,Pay Dışında Sermaye Piyasası Aracı İşlemlerine İlişkin Bildirim (Faiz İçeren),TRSTPRS72614 ISIN Kodlu Tahvilin 6. Kupon Ödemesi ,ODA,https://www.kap.org.tr/tr/Bildirim/1544727
GARAN,2026-01-19 18:11:31,Pay Dışında Sermaye Piyasası Aracı İşlemlerine İlişkin Bildirim (Faiz İçeren),MTN ihracı itfası ,ODA,https://www.kap.org.tr/tr/Bildirim/1544725
BIMAS,2026-01-19 17:51:35,Pay Bazında Devre Kesici Bildirimi,BIMAS.E işlem sırasında Pay Bazında Devre Kesici Uygulaması devreye girmiştir,DKB,https://www.kap.org.tr/tr/Bildirim/1544704
TUPRS,2026-01-19 17:32:45,"Borçlanma Araçları, Yatırım Fonları ve Varant İtfa/Kupon/Getiri/ Nakdi Uzlaşı Ödeme İşlemleri","Borçlanma Araçları, Yatırım Fonları ve Varant İtfa/Kupon/Getiri/Nakdi Uzlaşı Ödeme İşlemleri",DKB,https://www.kap.org.tr/tr/Bildirim/1544696
ARCLK,2026-01-19 16:42:28,Borsada İşlem Gören Tipe Dönüşüm Duyurusu,DÖNÜŞÜM,DKB,https://www.kap.org.tr/tr/Bildirim/1544638
EREGL,2026-01-19 16:42:28,Borsada İşlem Gören Tipe Dönüşüm Duyurusu,DÖNÜŞÜM,DKB,https://www.kap.org.tr/tr/Bildirim/1544638
AKBNK,2026-01-19 16:42:28,Borsada İşlem Gören Tipe Dönüşüm Duyurusu,DÖNÜŞÜM,DKB,https://www.kap.org.tr/tr/Bildirim/1544638
YKBNK,2026-01-19 16:42:28,Borsada İşlem Gören Tipe Dönüşüm Duyurusu,DÖNÜŞÜM,DKB,https://www.kap.org.tr/tr/Bildirim/1544638
VAKBN,2026-01-19 15:32:41,İhraç Tavanına İlişkin Bildirim,Yurt dışı Borçlanma Aracı İhracı SPK Onayı ,ODA,https://www.kap.org.tr/tr/Bildirim/1544556
VAKBN,2026-01-19 15:32:28,İhraç Tavanına İlişkin Bildirim,Yeşil / Sürdürülebilir Borçlanma Aracı İhraç Limiti SPK Onayı ,ODA,https://www.kap.org.tr/tr/Bildirim/1544555
EKGYO,2026-01-19 11:15:08,Likidite Sağlayıcılık Kapsamındaki İşlemler,Emlak Konut Damlakent Projesi Gayrimenkul Sertifikalarında (DMLKT.G) Likidite Sağlayacılık Kapsamında Gerçekleştirilen İşlemler 05.01.2026-16.01.2026 ,DG,https://www.kap.org.tr/tr/Bildirim/1544469
VAKBN,2026-01-19 09:20:20,İhraç Tavanına İlişkin Bildirim,Yurt dışı Borçlanma Aracı İhracı SPK Onayı ,ODA,https://www.kap.org.tr/tr/Bildirim/1544381
VAKBN,2026-01-19 09:20:11,İhraç Tavanına İlişkin Bildirim,Yeşil / Sürdürülebilir Borçlanma Aracı İhraç Limiti SPK Onayı ,ODA,https://www.kap.org.tr/tr/Bildirim/1544380
TUPRS,2026-01-19 08:35:06,Pay Dışında Sermaye Piyasası Aracı İşlemlerine İlişkin Bildirim (Faiz İçeren),TRSTPRS72614 ISIN Kodlu Tahvilin 6. Kupon Faiz Oranının Belirlenmesi ,ODA,https://www.kap.org.tr/tr/Bildirim/1544374
EKGYO,2026-01-16 20:12:58,Özel Durum Açıklaması (Genel),İstanbul Esenler Atışalanı Kuzey Bölgesi 1. Etap 2. Oturum Tarihi,ODA,https://www.kap.org.tr/tr/Bildirim/1544364
EKGYO,2026-01-16 20:12:48,Özel Durum Açıklaması (Genel),İstanbul Beşiktaş Dikilitaş Güney İhalesi 2.Oturum Tarihi ,ODA,https://www.kap.org.tr/tr/Bildirim/1544363
MGROS,2026-01-16 20:05:11,Özel Durum Açıklaması (Genel),Toplu İş Sözleşmesi Görüşmelerine Başlanması hk.,ODA,https://www.kap.org.tr/tr/Bildirim/1544361
SISE,2026-01-16 18:33:10,Pay Dışında Sermaye Piyasası Aracı İşlemlerine İlişkin Bildirim (Faiz İçeren),2026 Vadeli Yurt Dışı Tahvillerin Erken İtfası,ODA,https://www.kap.org.tr/tr/Bildirim/1544342
GARAN,2026-01-16 18:13:39,Özel Durum Açıklaması (Genel),Tahsili gecikmiş alacak portföy satışı hk. ,ODA,https://www.kap.org.tr/tr/Bildirim/1544318
GARAN,2026-01-16 18:13:26,Pay Dışında Sermaye Piyasası Aracı İşlemlerine İlişkin Bildirim (Faiz İçeren),MTN ihracı itfası ,ODA,https://www.kap.org.tr/tr/Bildirim/1544317
ISCTR,2026-01-16 18:11:59,İhraç Belgesi,Yurtiçi Sermaye Benzeri Borçlanma Aracı İhracı SPK Onayı,DG,https://www.kap.org.tr/tr/Bildirim/1544312
ISCTR,2026-01-16 18:11:47,İzahname-Sermaye Piyasası Aracı Notu (SPK Tarafından Onaylanan),-,DG,https://www.kap.org.tr/tr/Bildirim/1544310
ISCTR,2026-01-16 18:11:36,İzahname-İhraççı Bİlgi Dokümanı (SPK Tarafından Onaylanan),-,DG,https://www.kap.org.tr/tr/Bildirim/1544309
ISCTR,2026-01-16 18:11:23,İhraç Tavanına İlişkin Bildirim,Yurtiçinde Borçlanma Aracı ve Yapılandırılmış Borçlanma Aracı İhraç Tavanı İle İlgili SPK Onayı ,ODA,https://www.kap.org.tr/tr/Bildirim/1544307
HALKB,2026-01-16 18:11:17,Şirket Genel Bilgi Formu,,DG,https://www.kap.org.tr/tr/Bildirim/1544306
ISCTR,2026-01-16 18:11:11,İzahname-Özet (SPK Tarafından Onaylanan),-,DG,https://www.kap.org.tr/tr/Bildirim/1544305
ISCTR,2026-01-16 18:10:59,İhraç Belgesi,Yurtiçinde Yapılandırılmış Borçlanma Aracı İhraç Limiti İle İlgili SPK Onayı,DG,https://www.kap.org.tr/tr/Bildirim/1544304
AKBNK,2026-01-16 17:48:38,Pay Dışında Sermaye Piyasası Aracı İşlemlerine İlişkin Bildirim (Faiz İçeren),Yurtdışı Piyasalara Tahvil İhracı,ODA,https://www.kap.org.tr/tr/Bildirim/1544289
SAHOL,2026-01-16 17:05:46,Kayıtlı Sermaye Tavanı İşlemlerine İlişkin Bildirim,Kayıtlı Sermaye Tavanı ile Esas Sözleşme?de Öngörülen Diğer Değişikliklere İlişkin Sermaye Piyasası Kurulu?na Başvuru,ODA,https://www.kap.org.tr/tr/Bildirim/1544263
ODAS,2026-01-16 16:57:02,Yönetim Kurulu Komiteleri,Yönetim Kurulu Komiteleri,ODA,https://www.kap.org.tr/tr/Bildirim/1544257
EKGYO,2026-01-16 16:09:33,Özel Durum Açıklaması (Genel),İstanbul Başakşehir Doğu 1. Etap İhalesi 1. Oturum Sonucu,ODA,https://www.kap.org.tr/tr/Bildirim/1544173
YKBNK,2026-01-16 12:53:52,Pay Dışında Sermaye Piyasası Aracı İşlemlerine İlişkin Bildirim (Faiz İçeren),Yurtdışında ihraç edilen borçlanma aracının itfası,ODA,https://www.kap.org.tr/tr/Bildirim/1544025
YKBNK,2026-01-16 12:53:38,Pay Dışında Sermaye Piyasası Aracı İşlemlerine İlişkin Bildirim (Faiz İçeren),Yurtdışında ihraç edilen borçlanma aracının itfası,ODA,https://www.kap.org.tr/tr/Bildirim/1544024
EKGYO,2026-01-16 11:57:55,Özel Durum Açıklaması (Genel),Damla Kent Projesi Gayrimenkul Sertifikası İnşaat İlerlemesi ve Asli Edim Gerçekleşmeleri,ODA,https://www.kap.org.tr/tr/Bildirim/1544013
EKGYO,2026-01-16 11:54:16,Pay Dışında Sermaye Piyasası Aracı İşlemlerine İlişkin Bildirim (Faizsiz),Yurtiçi Kira Sertifikası İtfa ve Getiri Ödemesi,ODA,https://www.kap.org.tr/tr/Bildirim/1544012
TUPRS,2026-01-16 09:28:32,Finansal Takvim,2025 4. Çeyrek Finansal Takvim,DG,https://www.kap.org.tr/tr/Bildirim/1543899
SASA,2026-01-16 09:18:25,Kamuyu Aydınlatma Platformu Duyurusu,Özel Durumlar Tebliği'nin 12-(4). maddesi gereğince yapılan açıklama,DKB,https://www.kap.org.tr/tr/Bildirim/1543895
BIMAS,2026-01-15 22:10:57,Şirket Genel Bilgi Formu,,DG,https://www.kap.org.tr/tr/Bildirim/1543834
BIMAS,2026-01-15 22:10:31,Özel Durum Açıklaması (Genel),Üst Düzey Yönetici Ataması,ODA,https://www.kap.org.tr/tr/Bildirim/1543833
SISE,2026-01-15 21:00:13,Özel Durum Açıklaması (Genel),Eurobond İhracı Konusunda Gelişmeler - Fiyatlama,ODA,https://www.kap.org.tr/tr/Bildirim/1543822
EKGYO,2026-01-15 18:49:01,Özel Durum Açıklaması (Genel),İstanbul Esenler Atışalanı Kuzey Bölgesi 1. Etap 1. Oturum Sonucu,ODA,https://www.kap.org.tr/tr/Bildirim/1543681
EKGYO,2026-01-15 18:47:16,Özel Durum Açıklaması (Genel),Adana Yüreğir Cumhuriyet 1.Etap ihalesi İptali,ODA,https://www.kap.org.tr/tr/Bildirim/1543680
GARAN,2026-01-15 18:40:37,İhraç Tavanına İlişkin Bildirim,Borçlanma Aracı İhraç Limiti Yönetim Kurulu Kararı ,ODA,https://www.kap.org.tr/tr/Bildirim/1543673
AKBNK,2026-01-15 18:38:18,Kayıtlı Sermaye Tavanı İşlemlerine İlişkin Bildirim,Kayıtlı Sermaye Tavanının Artırılması ve Geçerlilik Süresinin Uzatılması Resmi Kurum Başvuruları,ODA,https://www.kap.org.tr/tr/Bildirim/1543670
AKBNK,2026-01-15 18:37:08,Pay Dışında Sermaye Piyasası Aracı İşlemlerine İlişkin Bildirim (Faiz İçeren),XS2949348556 ISIN Kodlu Sürdürülebilir Temalı Tahvilin İtfası,ODA,https://www.kap.org.tr/tr/Bildirim/1543668
EKGYO,2026-01-15 18:16:55,Pay Dışında Sermaye Piyasası Aracı İşlemlerine İlişkin Bildirim (Faizsiz),Yurtiçi Kira Sertifikası İhracı Nitelikli Yatırımcıya Satışın Tamamlanması Hk.,ODA,https://www.kap.org.tr/tr/Bildirim/1543636
PGSUS,2026-01-15 18:12:01,Özel Durum Açıklaması (Genel),2025 yılı Aralık ayı trafik verileri ve karbon emisyonu istatistikleri ektedir.,ODA,https://www.kap.org.tr/tr/Bildirim/1543631
ISCTR,2026-01-15 18:10:45,İhraç Tavanına İlişkin Bildirim,Yurtiçi Sermaye Benzeri Borçlanma Aracı İhracı SPK Onayı,ODA,https://www.kap.org.tr/tr/Bildirim/1543627
VAKBN,2026-01-15 18:10:14,Özel Durum Açıklaması (Genel),Bankalarda İyi Ücretlendirme Uygulamalarına İlişkin Rehber kapsamında geri alınan paylar,ODA,https://www.kap.org.tr/tr/Bildirim/1543625
TAVHL,2026-01-15 17:39:50,Özel Durum Açıklaması (Genel),Tiflis Havalimanı İmtiyaz Süre Uzatımı,ODA,https://www.kap.org.tr/tr/Bildirim/1543593
YKBNK,2026-01-15 17:26:22,Pay Dışında Sermaye Piyasası Aracı İşlemlerine İlişkin Bildirim (Faiz İçeren),Yurtdışında borçlanma aracı ihracının tamamlanması,ODA,https://www.kap.org.tr/tr/Bildirim/1543583
YKBNK,2026-01-15 17:26:02,Pay Dışında Sermaye Piyasası Aracı İşlemlerine İlişkin Bildirim (Faiz İçeren),Yurtdışında ihraç edilen borçlanma aracının itfası,ODA,https://www.kap.org.tr/tr/Bildirim/1543582
EKGYO,2026-01-15 16:23:54,Özel Durum Açıklaması (Genel),Ankara Çankaya Alacaatlı İhale İlanı,ODA,https://www.kap.org.tr/tr/Bildirim/1543539
TAVHL,2026-01-15 16:19:03,Özel Durum Açıklaması (Genel),Tiflis Havalimanı İmtiyaz Süre Uzatımı,ODA,https://www.kap.org.tr/tr/Bildirim/1543528
GARAN,2026-01-15 15:02:17,İhraç Tavanına İlişkin Bildirim,Yurtiçinde Sermaye Benzeri Tahvil İçin Karar Alınması ve Genel Müdürlüğe Yetki Verilmesi,ODA,https://www.kap.org.tr/tr/Bildirim/1543353
GARAN,2026-01-15 15:01:26,İhraç Tavanına İlişkin Bildirim,Borçlanma Aracı İhracı İçin Karar Alınması ve Genel Müdürlüğe Yetki Verilmesi,ODA,https://www.kap.org.tr/tr/Bildirim/1543351
EKGYO,2026-01-15 11:19:12,Pay Dışında Sermaye Piyasası Aracı İşlemlerine İlişkin Bildirim (Faizsiz),Yurtiçi Kira Sertifikası İtfa ve Getiri Ödemesi,ODA,https://www.kap.org.tr/tr/Bildirim/1543108
YKBNK,2026-01-14 18:16:11,Özel Durum Açıklaması (Genel),Yurtdışında sermaye benzeri tahvil ihracına ilişkin gelişmeler (ek ihraç),ODA,https://www.kap.org.tr/tr/Bildirim/1542571
AKBNK,2026-01-14 17:49:47,Kayıtlı Sermaye Tavanı İşlemlerine İlişkin Bildirim,Kayıtlı Sermaye Tavanının Artırılması ve Geçerlilik Süresinin Uzatılması,ODA,https://www.kap.org.tr/tr/Bildirim/1542512
AKBNK,2026-01-14 17:49:26,Pay Dışında Sermaye Piyasası Aracı İşlemlerine İlişkin Bildirim (Faiz İçeren),Yurtdışı Piyasalara Tahvil İhracı,ODA,https://www.kap.org.tr/tr/Bildirim/1542510
VAKBN,2026-01-14 17:39:25,Pay Dışında Sermaye Piyasası Aracı İşlemlerine İlişkin Bildirim (Faiz İçeren),GMTN Programı Çerçevesinde Türkiye Dışında Sürdürülebilir Borçlanma Aracı İhracı SPK Onayı ,ODA,https://www.kap.org.tr/tr/Bildirim/1542478
KCHOL,2026-01-14 17:15:40,Borsada İşlem Gören Tipe Dönüşüm Duyurusu,DÖNÜŞÜM,DKB,https://www.kap.org.tr/tr/Bildirim/1542418
EKGYO,2026-01-14 15:37:41,Özel Durum Açıklaması (Genel),İstanbul Eyüpsultan Hasdal 1. Etap İhale İlanı,ODA,https://www.kap.org.tr/tr/Bildirim/1542185
EKGYO,2026-01-14 15:37:01,Özel Durum Açıklaması (Genel),İstanbul Beşiktaş Dikilitaş Güney İhalesi 1.Oturum Sonucu,ODA,https://www.kap.org.tr/tr/Bildirim/1542184
EKGYO,2026-01-14 14:14:42,Pay Dışında Sermaye Piyasası Aracı İşlemlerine İlişkin Bildirim (Faizsiz),Yurtiçi Kira Sertifikası İtfa ve Getiri Ödemesi,ODA,https://www.kap.org.tr/tr/Bildirim/1542147
SASA,2026-01-14 09:07:40,Özel Durum Açıklaması (Genel),Özel Durum Açıklaması (Genel),DKB,https://www.kap.org.tr/tr/Bildirim/1541954
GUBRF,2026-01-27 18:20:06,Özel Durum Açıklaması (Genel),Yarımca Tesisleri Depo Yatırımları Hk.,ODA,https://www.kap.org.tr/tr/Bildirim/1547382
YKBNK,2026-01-27 18:16:36,Özel Durum Açıklaması (Genel),Yurtdışında sermaye benzeri tahvil ihracının tamamlanması (ek ihraç),ODA,https://www.kap.org.tr/tr/Bildirim/1547363
AKBNK,2026-01-27 18:13:26,Özel Durum Açıklaması (Genel),Tahsili Gecikmiş Alacak Portföyü Alımı ,ODA,https://www.kap.org.tr/tr/Bildirim/1547348
AKBNK,2026-01-27 18:11:15,Özel Durum Açıklaması (Genel),Tahsili Gecikmiş Alacak Portföyü Alımı,ODA,https://www.kap.org.tr/tr/Bildirim/1547342
AKBNK,2026-01-27 18:02:07,Kayıtlı Sermaye Tavanı İşlemlerine İlişkin Bildirim,Kayıtlı Sermaye Tavanının Artırılması ve Geçerlilik Süresinin Uzatılmasına İlişkin Ana Sözleşme Değişikliği Ticaret Bakanlığı İzni,ODA,https://www.kap.org.tr/tr/Bildirim/1547333
AKBNK,2026-01-27 18:01:32,Pay Dışında Sermaye Piyasası Aracı İşlemlerine İlişkin Bildirim (Faiz İçeren),XS3101428756 ISIN Kodlu Yurtdışı Piyasalara İhraç Edilen Tahvilin Kupon Ödemesi,ODA,https://www.kap.org.tr/tr/Bildirim/1547332
AKBNK,2026-01-27 18:01:13,Pay Dışında Sermaye Piyasası Aracı İşlemlerine İlişkin Bildirim (Faiz İçeren),Yurtdışı Piyasalara Tahvil İhracı,ODA,https://www.kap.org.tr/tr/Bildirim/1547331
ISCTR,2026-01-27 17:44:31,Pay Dışında Sermaye Piyasası Aracı İşlemlerine İlişkin Bildirim (Faiz İçeren),Yurt Dışında Katkı Sermayeye Dâhil Edilebilir Borçlanma Aracı İhracı SPK Onayı,ODA,https://www.kap.org.tr/tr/Bildirim/1547324
SAHOL,2026-01-27 17:44:12,VİOP İşlem İptali Duyuruları,VİOP İşlem İptali Duyuruları,DKB,https://www.kap.org.tr/tr/Bildirim/1547323
TCELL,2026-01-27 17:31:36,Özel Durum Açıklaması (Genel),Kira Sertifikası İhraç Kararı,ODA,https://www.kap.org.tr/tr/Bildirim/1547276
AKBNK,2026-01-27 15:56:01,VİOP İşlem İptali Duyuruları,VİOP İşlem İptali Duyuruları,DKB,https://www.kap.org.tr/tr/Bildirim/1547193
VAKBN,2026-01-27 15:24:53,Pay Dışında Sermaye Piyasası Aracı İşlemlerine İlişkin Bildirim (Faiz İçeren),GMTN Programı Çerçevesinde Türkiye Dışında Sürdürülebilir Borçlanma Aracı İhracı SPK Onayı ,ODA,https://www.kap.org.tr/tr/Bildirim/1547149
ASELS,2026-01-27 15:07:12,Pay Bazında Devre Kesici Bildirimi,ASELS.E işlem sırasında Pay Bazında Devre Kesici Uygulaması devreye girmiştir,DKB,https://www.kap.org.tr/tr/Bildirim/1547114
MGROS,2026-01-27 11:53:37,Özel Durum Açıklaması (Genel),Dağıtım merkezi çalışanlarının Migros bünyesine katılması,ODA,https://www.kap.org.tr/tr/Bildirim/1547046
ISCTR,2026-01-27 10:42:20,Pay Dışında Sermaye Piyasası Aracı İşlemlerine İlişkin Bildirim (Faiz İçeren),Yurt Dışında Katkı Sermayeye Dâhil Edilebilir Borçlanma Aracı İhracı Hakkında,ODA,https://www.kap.org.tr/tr/Bildirim/1547010
ISCTR,2026-01-27 10:25:21,Pay Dışında Sermaye Piyasası Aracı İşlemlerine İlişkin Bildirim (Faiz İçeren),Yurtiçi TL cinsi katkı sermaye hesaplamasına dahil edilecek borçlanma aracı kupon ödemesi,ODA,https://www.kap.org.tr/tr/Bildirim/1547001
ISCTR,2026-01-27 10:24:54,Pay Dışında Sermaye Piyasası Aracı İşlemlerine İlişkin Bildirim (Faiz İçeren),Nitelikli Yatırımcılara Finansman Bonosu Satışının Tamamlanması,ODA,https://www.kap.org.tr/tr/Bildirim/1547000
KRDMD,2026-01-27 09:00:29,Şirket Genel Bilgi Formu,,DG,https://www.kap.org.tr/tr/Bildirim/1546972
EKGYO,2026-01-26 19:15:32,Özel Durum Açıklaması (Genel),İstanbul Başakşehir Doğu 1. Etap İhalesi 2. Oturum Sonucu,ODA,https://www.kap.org.tr/tr/Bildirim/1546941
EKGYO,2026-01-26 19:15:23,İhraç Tavanına İlişkin Bildirim,VDMK İhracına İlişkin Sermaye Piyasası Kurulu onayı,ODA,https://www.kap.org.tr/tr/Bildirim/1546940
ISCTR,2026-01-26 17:35:04,İhraç Tavanına İlişkin Bildirim,Yurt İçi Yeşil/Sürdürülebilir Borçlanma Aracı İhraç Tavanı SPK Onayı,ODA,https://www.kap.org.tr/tr/Bildirim/1546876
SISE,2026-01-26 16:33:50,Borsada İşlem Gören Tipe Dönüşüm Duyurusu,DÖNÜŞÜM,DKB,https://www.kap.org.tr/tr/Bildirim/1546739
PGSUS,2026-01-26 16:33:50,Borsada İşlem Gören Tipe Dönüşüm Duyurusu,DÖNÜŞÜM,DKB,https://www.kap.org.tr/tr/Bildirim/1546739
AKBNK,2026-01-26 14:56:20,Pay Dışında Sermaye Piyasası Aracı İşlemlerine İlişkin Bildirim (Faiz İçeren),Yurtdışı Piyasalara Tahvil İhracı,ODA,https://www.kap.org.tr/tr/Bildirim/1546639
ISCTR,2026-01-26 12:24:26,Pay Dışında Sermaye Piyasası Aracı İşlemlerine İlişkin Bildirim (Faiz İçeren),Nitelikli Yatırımcılara Finansman Bonosu Satışının Tamamlanması,ODA,https://www.kap.org.tr/tr/Bildirim/1546557
ARCLK,2026-01-26 12:02:57,Kurumsal Yönetim İlkelerine Uyum Derecelendirmesi,Kurumsal Yönetim Derecelendirme Sözleşmesinin Yenilenmesi,ODA,https://www.kap.org.tr/tr/Bildirim/1546550
ISCTR,2026-01-26 11:35:14,Özel Durum Açıklaması (Genel),Yurt Dışında Yapılacak Katkı Sermaye Nitelikli Borçlanma Aracı İhracı Hakkında,ODA,https://www.kap.org.tr/tr/Bildirim/1546533
ASELS,2026-01-26 09:27:31,Yeni İş İlişkisi,Sözleşme İmzalanması ,ODA,https://www.kap.org.tr/tr/Bildirim/1546415
SAHOL,2026-01-26 09:00:36,Kayıtlı Sermaye Tavanı İşlemlerine İlişkin Bildirim,Kayıtlı Sermaye Tavanı ve Esas Sözleşme?de Öngörülen Diğer Değişikliklere İlişkin Ticaret Bakanlığı Başvurusunun Sonuçlanması,ODA,https://www.kap.org.tr/tr/Bildirim/1546403
EKGYO,2026-01-23 21:37:33,Özel Durum Açıklaması (Genel),İstanbul Ataşehir Küçükbakkalköy İhalesi 2. Oturum Sonucu,ODA,https://www.kap.org.tr/tr/Bildirim/1546328
EKGYO,2026-01-23 21:37:23,Özel Durum Açıklaması (Genel),Ankara Çankaya Alacaatlı İhalesi 1. Oturum Sonucu,ODA,https://www.kap.org.tr/tr/Bildirim/1546327
ARCLK,2026-01-23 19:29:31,Bağımsız Denetim Kuruluşunun Belirlenmesi,Bağımsız Denetim Kuruluşu Seçimi,ODA,https://www.kap.org.tr/tr/Bildirim/1546322
KRDMD,2026-01-23 18:44:13,Özel Durum Açıklaması (Genel),Görevden Ayrılma ve Atamalar hk.,ODA,https://www.kap.org.tr/tr/Bildirim/1546312
EREGL,2026-01-23 18:11:25,Pay Dışında Sermaye Piyasası Aracı İşlemlerine İlişkin Bildirim (Faiz İçeren),XS2861686041 ISIN Kodlu Tahvilin 3.Kupon Ödemesi,ODA,https://www.kap.org.tr/tr/Bildirim/1546292
AKBNK,2026-01-23 17:31:37,Pay Dışında Sermaye Piyasası Aracı İşlemlerine İlişkin Bildirim (Faiz İçeren),Yurtdışı Piyasalara Tahvil İhracı,ODA,https://www.kap.org.tr/tr/Bildirim/1546264
AKBNK,2026-01-23 16:31:51,Borsada İşlem Gören Tipe Dönüşüm Duyurusu,DÖNÜŞÜM,DKB,https://www.kap.org.tr/tr/Bildirim/1546228
SISE,2026-01-23 16:20:25,Özel Durum Açıklaması (Genel),Eurobond İhracı Konusunda Gelişmeler- İhracın Tamamlanması,ODA,https://www.kap.org.tr/tr/Bildirim/1546223
GUBRF,2026-01-23 16:17:35,Özel Durum Açıklaması (Genel),Yönetim Kurulu Bağımsız Üye Adaylarının Belirlenmesi,ODA,https://www.kap.org.tr/tr/Bildirim/1546221
ISCTR,2026-01-23 11:23:15,Pay Dışında Sermaye Piyasası Aracı İşlemlerine İlişkin Bildirim (Faiz İçeren),Nitelikli Yatırımcılara Finansman Bonosu Satışının Tamamlanması,ODA,https://www.kap.org.tr/tr/Bildirim/1546069
ISCTR,2026-01-23 09:55:33,Pay Dışında Sermaye Piyasası Aracı İşlemlerine İlişkin Bildirim (Faiz İçeren),Yurtdışı Piyasalara Mavi Tahvil İhracı,ODA,https://www.kap.org.tr/tr/Bildirim/1546023
AKBNK,2026-01-23 09:54:47,Kayıtlı Sermaye Tavanı İşlemlerine İlişkin Bildirim,Kayıtlı Sermaye Tavanının Artırılması ve Geçerlilik Süresinin Uzatılması İle İlgili BDDK Onayı,ODA,https://www.kap.org.tr/tr/Bildirim/1546022
GARAN,2026-01-23 09:34:18,BISTECH Pay Piyasası Alım Satım Sistemi Duyurusu,Yeni Açılan Varantlar,DKB,https://www.kap.org.tr/tr/Bildirim/1546004
VAKBN,2026-01-23 09:08:58,Bağımsız Denetim Kuruluşunun Belirlenmesi,Bağımsız Denetim Firması Seçimi Hakkında ,ODA,https://www.kap.org.tr/tr/Bildirim/1545996
EKGYO,2026-01-22 22:11:02,Özel Durum Açıklaması (Genel),İstanbul Eyüpsultan Hasdal 1. Etap İhalesi 1. Oturum Sonucu,ODA,https://www.kap.org.tr/tr/Bildirim/1545980
EKGYO,2026-01-22 22:10:53,Özel Durum Açıklaması (Genel),İstanbul Esenler Atışalanı Kuzey Bölgesi 1. Etap 2. Oturum Sonucu,ODA,https://www.kap.org.tr/tr/Bildirim/1545979
KONTR,2026-01-22 18:40:13,Şirket Genel Bilgi Formu,,DG,https://www.kap.org.tr/tr/Bildirim/1545967
ARCLK,2026-01-22 18:20:15,Şirket Genel Bilgi Formu,,DG,https://www.kap.org.tr/tr/Bildirim/1545953
ARCLK,2026-01-22 18:19:57,Yönetim Kurulu Komiteleri,Denetimden Sorumlu Komite ve Kurumsal Yönetim Komitesi için Görevlendirme,ODA,https://www.kap.org.tr/tr/Bildirim/1545952
YKBNK,2026-01-22 18:18:36,Şirket Genel Bilgi Formu,,DG,https://www.kap.org.tr/tr/Bildirim/1545951
YKBNK,2026-01-22 18:18:27,Pay Dışında Sermaye Piyasası Aracı İşlemlerine İlişkin Bildirim (Faiz İçeren),Yurtdışında ihraç edilen sermaye benzeri tahvilin erken itfası,ODA,https://www.kap.org.tr/tr/Bildirim/1545950
GARAN,2026-01-22 18:14:40,Pay Dışında Sermaye Piyasası Aracı İşlemlerine İlişkin Bildirim (Faiz İçeren),MTN ihracı itfası ,ODA,https://www.kap.org.tr/tr/Bildirim/1545947
GARAN,2026-01-22 18:14:27,Pay Dışında Sermaye Piyasası Aracı İşlemlerine İlişkin Bildirim (Faiz İçeren),Yurtdışı Piyasalara Tahvil İhracı SPK Onayı,ODA,https://www.kap.org.tr/tr/Bildirim/1545945
TUPRS,2026-01-22 18:14:09,Bağımsız Denetim Kuruluşunun Belirlenmesi,Bağımsız Denetim Kuruluşu Seçimi,ODA,https://www.kap.org.tr/tr/Bildirim/1545944
KONTR,2026-01-22 18:10:53,Özel Durum Açıklaması (Genel),Yönetim Kurulu Üyesi İstifası ve Yönetim Kurulu Üyesi Atanması,ODA,https://www.kap.org.tr/tr/Bildirim/1545939
VAKBN,2026-01-22 17:51:10,Özel Durum Açıklaması (Genel),Macaristan?da şube açılması hk.,ODA,https://www.kap.org.tr/tr/Bildirim/1545933
AKBNK,2026-01-22 17:50:42,Pay Dışında Sermaye Piyasası Aracı İşlemlerine İlişkin Bildirim (Faiz İçeren),Yurtdışı Piyasalara Tahvil İhracı,ODA,https://www.kap.org.tr/tr/Bildirim/1545932
AKBNK,2026-01-22 17:24:57,Pay Dışında Sermaye Piyasası Aracı İşlemlerine İlişkin Bildirim (Faiz İçeren),Yurtdışı Piyasalara Tahvil İhracı,ODA,https://www.kap.org.tr/tr/Bildirim/1545909
EKGYO,2026-01-22 16:00:02,Özel Durum Açıklaması (Genel),İstanbul Beşiktaş Dikilitaş Güney İhalesi 2. Oturum Sonucu,ODA,https://www.kap.org.tr/tr/Bildirim/1545848
EKGYO,2026-01-22 15:59:30,Özel Durum Açıklaması (Genel),Aydın Didim Fevzipaşa 1. Etap Arsa Satışı Karşılığı Gelir Paylaşımı İşi Sözleşme İmzalanması ,ODA,https://www.kap.org.tr/tr/Bildirim/1545847
TAVHL,2026-01-22 15:42:41,Pay Alım Satım Bildirimi,Pay Alım Satım Bildirimi,DKB,https://www.kap.org.tr/tr/Bildirim/1545844
GARAN,2026-01-22 15:37:22,Varantların veya Sertifikaların İşlem Görmeye Başlaması,-,DKB,https://www.kap.org.tr/tr/Bildirim/1545802
ISCTR,2026-01-22 11:49:42,Pay Dışında Sermaye Piyasası Aracı İşlemlerine İlişkin Bildirim (Faiz İçeren),Nitelikli Yatırımcılara Finansman Bonosu Satışının Tamamlanması,ODA,https://www.kap.org.tr/tr/Bildirim/1545631
GARAN,2026-01-22 11:45:57,Yatırım Kuruluşu Varant - Sertifika - Senetlerine İlişkin Bildirim,Yatırım Kuruluşu Varantları İlk Satış Fiyatları ,ODA,https://www.kap.org.tr/tr/Bildirim/1545628
FROTO,2026-01-22 09:47:43,Özel Durum Açıklaması (Genel),Toplu İş Sözleşmesi Sürecinde Anlaşmaya Varılması,ODA,https://www.kap.org.tr/tr/Bildirim/1545584
TOASO,2026-01-22 09:46:49,Özel Durum Açıklaması (Genel),Toplu İş Sözleşmesi Sürecinde Anlaşmaya Varılması,ODA,https://www.kap.org.tr/tr/Bildirim/1545583
ARCLK,2026-01-22 09:30:47,Özel Durum Açıklaması (Genel),Toplu İş Sözleşmesi Sürecinde Anlaşmaya Varılması,ODA,https://www.kap.org.tr/tr/Bildirim/1545569
FROTO,2026-01-22 09:22:16,Finansal Takvim,Finansal Takvim,DG,https://www.kap.org.tr/tr/Bildirim/1545566
YKBNK,2026-01-21 18:46:30,Pay Dışında Sermaye Piyasası Aracı İşlemlerine İlişkin Bildirim (Faiz İçeren),Yurtdışında borçlanma aracı ihracının tamamlanması,ODA,https://www.kap.org.tr/tr/Bildirim/1545539
YKBNK,2026-01-21 18:46:07,Pay Dışında Sermaye Piyasası Aracı İşlemlerine İlişkin Bildirim (Faiz İçeren),Yurtdışında borçlanma aracı ihracının tamamlanması,ODA,https://www.kap.org.tr/tr/Bildirim/1545538
CIMSA,2026-01-21 18:19:40,BIST Pay Endeksleri,BIST Temettü ve BIST Temettü 25 Endeksleri Dönemsel Endeks Değişiklikleri,DKB,https://www.kap.org.tr/tr/Bildirim/1545515
KRDMD,2026-01-21 18:17:25,Kayıtlı Sermaye Tavanı İşlemlerine İlişkin Bildirim,Kayıtlı Sermaye Tavanı Geçerlilik Süresi Değişikliği Hk.,ODA,https://www.kap.org.tr/tr/Bildirim/1545514
YKBNK,2026-01-21 17:25:11,"Borçlanma Araçları, Yatırım Fonları ve Varant İtfa/Kupon/Getiri/ Nakdi Uzlaşı Ödeme İşlemleri","Borçlanma Araçları, Yatırım Fonları ve Varant İtfa/Kupon/Getiri/Nakdi Uzlaşı Ödeme İşlemleri",DKB,https://www.kap.org.tr/tr/Bildirim/1545485
GARAN,2026-01-21 16:54:43,Borsada İşlem Gören Tipe Dönüşüm Duyurusu,DÖNÜŞÜM,DKB,https://www.kap.org.tr/tr/Bildirim/1545476
ISCTR,2026-01-21 15:00:20,Pay Dışında Sermaye Piyasası Aracı İşlemlerine İlişkin Bildirim (Faiz İçeren),Nitelikli Yatırımcılara Finansman Bonosu Satışının Tamamlanması,ODA,https://www.kap.org.tr/tr/Bildirim/1545407
ISCTR,2026-01-21 14:59:51,Pay Dışında Sermaye Piyasası Aracı İşlemlerine İlişkin Bildirim (Faiz İçeren),Nitelikli Yatırımcılara Finansman Bonosu Satışının Tamamlanması,ODA,https://www.kap.org.tr/tr/Bildirim/1545406
TUPRS,2026-01-21 14:10:58,Pay Bazında Devre Kesici Bildirimi,TUPRS.E işlem sırasında Pay Bazında Devre Kesici Uygulaması devreye girmiştir,DKB,https://www.kap.org.tr/tr/Bildirim/1545380
EKGYO,2026-01-21 14:02:54,Özel Durum Açıklaması (Genel),Nidapark İstinye Kısmi Geçici Kabul ,ODA,https://www.kap.org.tr/tr/Bildirim/1545379
EKGYO,2026-01-21 14:02:26,Özel Durum Açıklaması (Genel),Trabzon Ortahisar Sanayi İhale İlanı ,ODA,https://www.kap.org.tr/tr/Bildirim/1545378
YKBNK,2026-01-21 13:52:59,Pay Dışında Sermaye Piyasası Aracı İşlemlerine İlişkin Bildirim (Faiz İçeren),Nitelikli yatırımcılara ihraç edilen borçlanma aracının kupon ödemesi ve itfası,ODA,https://www.kap.org.tr/tr/Bildirim/1545374
ASELS,2026-01-21 12:27:13,Pay Bazında Devre Kesici Bildirimi,ASELS.E işlem sırasında Pay Bazında Devre Kesici Uygulaması devreye girmiştir,DKB,https://www.kap.org.tr/tr/Bildirim/1545368
ASELS,2026-01-21 12:10:31,VİOP Gün İçi Fiyat Limiti Değişikliği Duyuruları,VİOP Gün İçi Fiyat Limiti Değişikliği Duyuruları,DKB,https://www.kap.org.tr/tr/Bildirim/1545365
ASELS,2026-01-21 10:36:30,Pay Bazında Devre Kesici Bildirimi,ASELS.E işlem sırasında Pay Bazında Devre Kesici Uygulaması devreye girmiştir,DKB,https://www.kap.org.tr/tr/Bildirim/1545323
MGROS,2026-02-03 21:06:11,Özel Durum Açıklaması (Genel),Ocak 2026 Mağaza Açılışları,ODA,https://www.kap.org.tr/tr/Bildirim/1552228
CIMSA,2026-02-03 18:24:37,Özel Durum Açıklaması (Genel),Toplu İş Görüşmeleri Sonucu,ODA,https://www.kap.org.tr/tr/Bildirim/1552073
GARAN,2026-02-03 17:42:20,İhraç Tavanına İlişkin Bildirim,Yeşil/Sürdürülebilir Borçlanma Aracı SPK Başvurusu,ODA,https://www.kap.org.tr/tr/Bildirim/1552021
YKBNK,2026-02-03 17:19:12,Şirket Genel Bilgi Formu,,DG,https://www.kap.org.tr/tr/Bildirim/1551984
AKBNK,2026-02-03 16:51:32,Pay Dışında Sermaye Piyasası Aracı İşlemlerine İlişkin Bildirim (Faiz İçeren),XS3087166438 ISIN Kodlu Yurtdışı Piyasalara İhraç Edilen Tahvilin Kupon Ödemesi,ODA,https://www.kap.org.tr/tr/Bildirim/1551957
YKBNK,2026-02-03 16:44:56,Pay Dışında Sermaye Piyasası Aracı İşlemlerine İlişkin Bildirim (Faiz İçeren),Yurtdışında borçlanma aracı ihracının tamamlanması,ODA,https://www.kap.org.tr/tr/Bildirim/1551924
KONTR,2026-02-03 15:42:00,Sermaye Artırımı - Azaltımı İşlemlerine İlişkin Bildirim,Esas Sözleşmenin Sermaye Maddesinin Tadiline İlişkin SPK Onayı Hakkında,ODA,https://www.kap.org.tr/tr/Bildirim/1551855
YKBNK,2026-02-03 12:47:20,Pay Dışında Sermaye Piyasası Aracı İşlemlerine İlişkin Bildirim (Faiz İçeren),Yurtdışında ihraç edilen borçlanma aracının itfası,ODA,https://www.kap.org.tr/tr/Bildirim/1551807
YKBNK,2026-02-03 12:46:57,İhraç Belgesi,Yurtiçinde yapılandırılmış borçlanma aracı ihracına ilişkin ihraç belgesi,DG,https://www.kap.org.tr/tr/Bildirim/1551806
YKBNK,2026-02-03 12:46:32,İhraç Tavanına İlişkin Bildirim,Yurtiçi borçlanma aracı ihracına ilişkin SPK tarafından onaylanan izahnameyi oluşturan dokümanların Kamuyu Aydınlatma Platformu'nda (KAP) ilanı,ODA,https://www.kap.org.tr/tr/Bildirim/1551805
YKBNK,2026-02-03 12:46:10,İzahname-Özet (SPK Tarafından Onaylanan),Yurtiçi borçlanma aracı ihracına ilişkin SPK tarafından onaylanan Özet,DG,https://www.kap.org.tr/tr/Bildirim/1551804
YKBNK,2026-02-03 12:45:40,İzahname-Sermaye Piyasası Aracı Notu (SPK Tarafından Onaylanan),Yurtiçi borçlanma aracı ihracına ilişkin SPK tarafından onaylanan Sermaye Piyasası Aracı Notu,DG,https://www.kap.org.tr/tr/Bildirim/1551803
YKBNK,2026-02-03 12:45:28,İzahname-İhraççı Bİlgi Dokümanı (SPK Tarafından Onaylanan),Yurtiçi borçlanma aracı ihracına ilişkin SPK tarafından onaylanan İhraççı Bilgi Dokümanı,DG,https://www.kap.org.tr/tr/Bildirim/1551802
VAKBN,2026-02-02 20:18:49,Pay Dışında Sermaye Piyasası Aracı İşlemlerine İlişkin Bildirim (Faiz İçeren),GMTN Programı Çerçevesinde Türkiye Dışında Sürdürülebilir Borçlanma Aracı İhracı SPK Onayı ,ODA,https://www.kap.org.tr/tr/Bildirim/1551635
EKGYO,2026-02-02 19:46:59,Özel Durum Açıklaması (Genel),İstanbul Eyüpsultan Kemerburgaz 1. Etap İhale İlanı,ODA,https://www.kap.org.tr/tr/Bildirim/1551629
EKGYO,2026-02-02 19:45:48,Özel Durum Açıklaması (Genel),2026 Yılı Gayrimenkul Değerleme Şirketinin Seçimi,ODA,https://www.kap.org.tr/tr/Bildirim/1551628
AKBNK,2026-02-02 19:31:36,Geleceğe Dönük Değerlendirmeler,2026 Beklentiler,ODA,https://www.kap.org.tr/tr/Bildirim/1551618
AKBNK,2026-02-02 18:27:36,Sorumluluk Beyanı (Konsolide Olmayan),31-12-2025 Akbank Konsolide Olmayan Sorumluluk Beyanı,FR,https://www.kap.org.tr/tr/Bildirim/1551577
AKBNK,2026-02-02 18:27:24,Finansal Rapor,,FR,https://www.kap.org.tr/tr/Bildirim/1551576
AKBNK,2026-02-02 18:25:46,Finansal Rapor,,FR,https://www.kap.org.tr/tr/Bildirim/1551575
AKBNK,2026-02-02 18:24:44,Sorumluluk Beyanı (Konsolide),31-12-2025 Akbank Konsolide Sorumluluk Beyanı,FR,https://www.kap.org.tr/tr/Bildirim/1551574
GARAN,2026-02-02 18:11:43,İhraç Tavanına İlişkin Bildirim,Yeşil/Sürdürülebilir Borçlanma Aracı SPK Başvurusu,ODA,https://www.kap.org.tr/tr/Bildirim/1551558
THYAO,2026-02-02 18:09:30,VİOP İşlem İptali Duyuruları,VİOP İşlem İptali Duyuruları,DKB,https://www.kap.org.tr/tr/Bildirim/1551554
YKBNK,2026-02-02 18:04:59,Pay Dışında Sermaye Piyasası Aracı İşlemlerine İlişkin Bildirim (Faiz İçeren),Yurtdışında borçlanma aracı ihracının tamamlanması,ODA,https://www.kap.org.tr/tr/Bildirim/1551553
HALKB,2026-02-02 18:02:38,Şirket Genel Bilgi Formu,,DG,https://www.kap.org.tr/tr/Bildirim/1551551
HALKB,2026-02-02 18:01:36,İhraç Belgesi,Yurt Dışında Borçlanma Araçları İhraç Tavanına İlişkin İhraç Belgesi,DG,https://www.kap.org.tr/tr/Bildirim/1551550
YKBNK,2026-02-02 16:52:58,Pay Dışında Sermaye Piyasası Aracı İşlemlerine İlişkin Bildirim (Faiz İçeren),Yurtdışında ihraç edilen borçlanma aracının itfası,ODA,https://www.kap.org.tr/tr/Bildirim/1551430
YKBNK,2026-02-02 16:52:34,Pay Dışında Sermaye Piyasası Aracı İşlemlerine İlişkin Bildirim (Faiz İçeren),Yurtdışında ihraç edilen borçlanma aracının itfası,ODA,https://www.kap.org.tr/tr/Bildirim/1551427
YKBNK,2026-02-02 16:52:10,Pay Dışında Sermaye Piyasası Aracı İşlemlerine İlişkin Bildirim (Faiz İçeren),Yurtdışında ihraç edilen borçlanma aracının itfası,ODA,https://www.kap.org.tr/tr/Bildirim/1551424
TUPRS,2026-02-02 16:35:26,Borsada İşlem Gören Tipe Dönüşüm Duyurusu,DÖNÜŞÜM,DKB,https://www.kap.org.tr/tr/Bildirim/1551352
THYAO,2026-02-02 16:35:26,Borsada İşlem Gören Tipe Dönüşüm Duyurusu,DÖNÜŞÜM,DKB,https://www.kap.org.tr/tr/Bildirim/1551352
TUPRS,2026-02-02 11:08:16,Pay Bazında Devre Kesici Bildirimi,TUPRS.E işlem sırasında Pay Bazında Devre Kesici Uygulaması devreye girmiştir,DKB,https://www.kap.org.tr/tr/Bildirim/1551045
EKGYO,2026-02-02 09:49:26,Likidite Sağlayıcılık Kapsamındaki İşlemler,Emlak Konut Damlakent Projesi Gayrimenkul Sertifikalarında (DMLKT.G) Likidite Sağlayacılık Kapsamında Gerçekleştirilen İşlemler 19.01.2026-30.01.2026,DG,https://www.kap.org.tr/tr/Bildirim/1550981
SASA,2026-02-02 09:08:02,Pay Alım Satım Bildirimi,Pay Alım Satım Bildirimi,DKB,https://www.kap.org.tr/tr/Bildirim/1550941
AKBNK,2026-01-31 12:44:46,Pay Dışında Sermaye Piyasası Aracı İşlemlerine İlişkin Bildirim (Faiz İçeren),Yurtdışı Piyasalara Tahvil İhracı,ODA,https://www.kap.org.tr/tr/Bildirim/1550899
GARAN,2026-01-30 19:44:20,Yatırım Kuruluşu Varant - Sertifika - Senetlerine İlişkin Bildirim,Yatırım Kuruluşu Varantları İtfa Fiyatları ,ODA,https://www.kap.org.tr/tr/Bildirim/1550652
ARCLK,2026-01-30 18:21:39,Şirket Genel Bilgi Formu,,DG,https://www.kap.org.tr/tr/Bildirim/1550381
ARCLK,2026-01-30 18:21:31,Geleceğe Dönük Değerlendirmeler,2025 Yılı Mali Sonuçlarımız ve 2026 Yılı Beklentilerimiz,ODA,https://www.kap.org.tr/tr/Bildirim/1550380
ARCLK,2026-01-30 18:21:23,Katılım Finansı İlkeleri Bilgi Formu ,,DG,https://www.kap.org.tr/tr/Bildirim/1550377
ARCLK,2026-01-30 18:21:13,Finansal Rapor,,FR,https://www.kap.org.tr/tr/Bildirim/1550376
ARCLK,2026-01-30 18:20:55,Sorumluluk Beyanı (Konsolide),Sorumluluk Beyanı,FR,https://www.kap.org.tr/tr/Bildirim/1550375
SISE,2026-01-30 18:17:19,Özel Durum Açıklaması (Genel),Bulgaristan Kaplamalı Cam Hattı Yatırımının Tamamlanması,ODA,https://www.kap.org.tr/tr/Bildirim/1550347
SISE,2026-01-30 18:17:00,Şirket Genel Bilgi Formu,,DG,https://www.kap.org.tr/tr/Bildirim/1550328
SISE,2026-01-30 18:16:26,Özel Durum Açıklaması (Genel),Üst Düzey Yönetici Atamaları,ODA,https://www.kap.org.tr/tr/Bildirim/1550323
ISCTR,2026-01-30 18:12:15,Özel Durum Açıklaması (Genel),Yurt Dışında Şube Açılması Hakkında,ODA,https://www.kap.org.tr/tr/Bildirim/1550292
HALKB,2026-01-30 18:03:28,İhraç Tavanına İlişkin Bildirim,Yurt Dışında Borçlanma Araçları İhraç Tavanına İlişkin SPK Onayı,ODA,https://www.kap.org.tr/tr/Bildirim/1550238
KRDMD,2026-01-30 17:59:39,Kayıtlı Sermaye Tavanı İşlemlerine İlişkin Bildirim,Kayıtlı Sermaye Tavanı Geçerlilik Süresi Değişikliği SPK onayı Hk,ODA,https://www.kap.org.tr/tr/Bildirim/1550207
EKGYO,2026-01-30 17:46:44,Özel Durum Açıklaması (Genel),İstanbul Eyüpsultan Hasdal 1. Etap  2. Oturum Sonucu,ODA,https://www.kap.org.tr/tr/Bildirim/1550158
KONTR,2026-01-30 17:22:57,İhraç Tavanına İlişkin Bildirim,Borçlanma Aracı İhraç Tavanı için SPK Başvurusu,ODA,https://www.kap.org.tr/tr/Bildirim/1550000
HALKB,2026-01-30 17:02:23,"Borçlanma Araçları, Yatırım Fonları ve Varant İtfa/Kupon/Getiri/ Nakdi Uzlaşı Ödeme İşlemleri","Borçlanma Araçları, Yatırım Fonları ve Varant İtfa/Kupon/Getiri/ Nakdi Uzlaşı Ödeme İşlemleri",DKB,https://www.kap.org.tr/tr/Bildirim/1549892
ISCTR,2026-01-30 16:40:57,Borsada İşlem Gören Tipe Dönüşüm Duyurusu,DÖNÜŞÜM,DKB,https://www.kap.org.tr/tr/Bildirim/1549850
ODAS,2026-01-30 16:32:34,Pay Bazında Devre Kesici Bildirimi,ODAS.E işlem sırasında Pay Bazında Devre Kesici Uygulaması devreye girmiştir,DKB,https://www.kap.org.tr/tr/Bildirim/1549830
ISCTR,2026-01-30 16:13:01,Pay Dışında Sermaye Piyasası Aracı İşlemlerine İlişkin Bildirim (Faiz İçeren),Yurt Dışında Katkı Sermayeye Dahil Edilebilir Borçlanma Aracı İhracının Tamamlanması,ODA,https://www.kap.org.tr/tr/Bildirim/1549798
YKBNK,2026-01-30 15:04:50,Pay Dışında Sermaye Piyasası Aracı İşlemlerine İlişkin Bildirim (Faiz İçeren),Yurtdışında ihraç edilen borçlanma aracının itfası,ODA,https://www.kap.org.tr/tr/Bildirim/1549607
VAKBN,2026-01-30 14:26:38,Şirket Genel Bilgi Formu,,DG,https://www.kap.org.tr/tr/Bildirim/1549544
HALKB,2026-01-30 12:19:09,Pay Dışında Sermaye Piyasası Aracı İşlemlerine İlişkin Bildirim (Faiz İçeren),Yurtiçinde Nitelikli Yatırımcılara Sermaye Benzeri Tahvil Kupon İtfası,ODA,https://www.kap.org.tr/tr/Bildirim/1549398
YKBNK,2026-01-30 10:36:15,İhraç Tavanına İlişkin Bildirim,Yurtiçinde yapılandırılmış borçlanma aracı ihracına ilişkin limit başvurumuzun SPK tarafından onaylanması,ODA,https://www.kap.org.tr/tr/Bildirim/1549248
YKBNK,2026-01-30 10:36:04,İhraç Tavanına İlişkin Bildirim,Yurtiçi borçlanma aracı ihracına ilişkin limit başvurumuzun SPK tarafından onaylanması,ODA,https://www.kap.org.tr/tr/Bildirim/1549246
TUPRS,2026-01-30 09:39:14,Özel Durum Açıklaması (Genel),İzmit Rafinerimizdeki Alevlenme Hakkında ,ODA,https://www.kap.org.tr/tr/Bildirim/1549131
AKBNK,2026-01-30 09:36:10,Pay Dışında Sermaye Piyasası Aracı İşlemlerine İlişkin Bildirim (Faiz İçeren),Yurtdışı Piyasalara Tahvil İhracı,ODA,https://www.kap.org.tr/tr/Bildirim/1549128
TOASO,2026-01-30 08:23:09,Finansal Takvim,Finansal Takvim,DG,https://www.kap.org.tr/tr/Bildirim/1549100
CIMSA,2026-01-29 18:30:58,İlişkili Taraf İşlemleri,İlişkili Taraf İşlemlerine ilişkin Olarak Hazırlanan Yönetim Kurulu Raporu Hakkında,ODA,https://www.kap.org.tr/tr/Bildirim/1548961
CIMSA,2026-01-29 18:30:38,İlişkili Taraf İşlemleri,İlişkili Taraf İşlemlerine ilişkin Olarak Hazırlanan Yönetim Kurulu Raporu Hakkında,ODA,https://www.kap.org.tr/tr/Bildirim/1548959
KCHOL,2026-01-29 18:27:57,VİOP İşlem İptali Duyuruları,VİOP İşlem İptali Duyuruları,DKB,https://www.kap.org.tr/tr/Bildirim/1548950
HALKB,2026-01-29 17:59:20,Pay Dışında Sermaye Piyasası Aracı İşlemlerine İlişkin Bildirim (Faiz İçeren),Yurtiçinde Nitelikli Yatırımcılara Sermaye Benzeri Tahvil Kupon Oranı,ODA,https://www.kap.org.tr/tr/Bildirim/1548815
GARAN,2026-01-29 17:17:45,Borsada İşlem Gören Tipe Dönüşüm Duyurusu,DÖNÜŞÜM,DKB,https://www.kap.org.tr/tr/Bildirim/1548752
AKBNK,2026-01-29 17:17:45,Borsada İşlem Gören Tipe Dönüşüm Duyurusu,DÖNÜŞÜM,DKB,https://www.kap.org.tr/tr/Bildirim/1548752
AKBNK,2026-01-29 17:14:13,Kredi Derecelendirmesi,Fitch Ratings Derecelendirme Notları,ODA,https://www.kap.org.tr/tr/Bildirim/1548730
GARAN,2026-01-29 17:05:07,Kredi Derecelendirmesi,"Fitch Ratings kredi derecelendirme notları hakkında
",ODA,https://www.kap.org.tr/tr/Bildirim/1548724
KONTR,2026-01-29 17:01:12,"Borçlanma Araçları, Yatırım Fonları ve Varant İtfa/Kupon/Getiri/ Nakdi Uzlaşı Ödeme İşlemleri","Borçlanma Araçları, Yatırım Fonları ve Varant İtfa/Kupon/Getiri/ Nakdi Uzlaşı Ödeme İşlemleri",DKB,https://www.kap.org.tr/tr/Bildirim/1548721
KONTR,2026-01-29 16:49:38,Pay Dışında Sermaye Piyasası Aracı İşlemlerine İlişkin Bildirim (Faiz İçeren),TRFKNTR12619 ISIN Kodlu Finansman Bonosunun 4. Kupon Ödemesi ve İtfası,ODA,https://www.kap.org.tr/tr/Bildirim/1548713
GUBRF,2026-01-29 15:29:39,Pay Bazında Devre Kesici Bildirimi,GUBRF.E işlem sırasında Pay Bazında Devre Kesici Uygulaması devreye girmiştir,DKB,https://www.kap.org.tr/tr/Bildirim/1548409
ISCTR,2026-01-29 11:51:49,Kredi Derecelendirmesi,Derecelendirme Notuna İlişkin,ODA,https://www.kap.org.tr/tr/Bildirim/1548222
ODAS,2026-01-29 10:43:39,Pay Bazında Devre Kesici Bildirimi,ODAS.E işlem sırasında Pay Bazında Devre Kesici Uygulaması devreye girmiştir,DKB,https://www.kap.org.tr/tr/Bildirim/1548177
YKBNK,2026-01-29 10:38:10,Kredi Derecelendirmesi,Fitch Ratings kredi derecelendirme notları hakkında,ODA,https://www.kap.org.tr/tr/Bildirim/1548174
KONTR,2026-01-29 09:53:23,Özel Durum Açıklaması (Genel),Yeni Siparişler,ODA,https://www.kap.org.tr/tr/Bildirim/1548145
HALKB,2026-01-29 09:52:06,Kredi Derecelendirmesi,Fitch Ratings Notu-Revize,ODA,https://www.kap.org.tr/tr/Bildirim/1548143
KCHOL,2026-01-29 09:39:33,Sermaye Artırımı - Azaltımı İşlemlerine İlişkin Bildirim,Tahsisli Sermaye Artırımı Sonucunda Esas Sözleşme Değişikliği SPK Onayı	,ODA,https://www.kap.org.tr/tr/Bildirim/1548136
VAKBN,2026-01-29 08:33:59,Kredi Derecelendirmesi,Fitch Ratings Derecelendirme Notları hakkında,ODA,https://www.kap.org.tr/tr/Bildirim/1548110
SISE,2026-01-29 08:26:14,Şirket Genel Bilgi Formu,,DG,https://www.kap.org.tr/tr/Bildirim/1548108
EKGYO,2026-01-28 19:02:58,Özel Durum Açıklaması (Genel),Yeni Levent Kısmi Kesin Kabul,ODA,https://www.kap.org.tr/tr/Bildirim/1548071
YKBNK,2026-01-28 18:34:55,Pay Dışında Sermaye Piyasası Aracı İşlemlerine İlişkin Bildirim (Faiz İçeren),Yurtdışında borçlanma aracı ihracının tamamlanması,ODA,https://www.kap.org.tr/tr/Bildirim/1548047
GUBRF,2026-01-28 18:19:47,Özel Durum Açıklaması (Genel),İşveren Sendika Üyeliğinin Sona Ermesi,ODA,https://www.kap.org.tr/tr/Bildirim/1548037
KONTR,2026-01-28 18:14:39,SPK İşlem Yasağı Nedeniyle Pay Duyurusu,SPK İşlem Yasağı Nedeniyle Pay Duyurusu,DKB,https://www.kap.org.tr/tr/Bildirim/1548030
ISCTR,2026-01-28 18:14:39,SPK İşlem Yasağı Nedeniyle Pay Duyurusu,SPK İşlem Yasağı Nedeniyle Pay Duyurusu,DKB,https://www.kap.org.tr/tr/Bildirim/1548030
THYAO,2026-01-28 18:14:39,SPK İşlem Yasağı Nedeniyle Pay Duyurusu,SPK İşlem Yasağı Nedeniyle Pay Duyurusu,DKB,https://www.kap.org.tr/tr/Bildirim/1548030
EREGL,2026-01-28 18:14:39,SPK İşlem Yasağı Nedeniyle Pay Duyurusu,SPK İşlem Yasağı Nedeniyle Pay Duyurusu,DKB,https://www.kap.org.tr/tr/Bildirim/1548030
SASA,2026-01-28 18:14:39,SPK İşlem Yasağı Nedeniyle Pay Duyurusu,SPK İşlem Yasağı Nedeniyle Pay Duyurusu,DKB,https://www.kap.org.tr/tr/Bildirim/1548030
KONTR,2026-01-28 18:10:29,Pay Dışında Sermaye Piyasası Aracı İşlemlerine İlişkin Bildirim (Faiz İçeren),Değişken Getirili 364 Gün Vadeli TRFKNTR12619 ISIN kodlu Finansman Bonosunun Kupon Oranının Açıklanması,ODA,https://www.kap.org.tr/tr/Bildirim/1548025
ISCTR,2026-01-28 18:04:02,İzahname-İhraççı Bİlgi Dokümanı (SPK Tarafından Onaylanan),-,DG,https://www.kap.org.tr/tr/Bildirim/1548020
ISCTR,2026-01-28 18:03:44,İzahname-Sermaye Piyasası Aracı Notu (SPK Tarafından Onaylanan),-,DG,https://www.kap.org.tr/tr/Bildirim/1548019
ISCTR,2026-01-28 18:03:28,İzahname-Özet (SPK Tarafından Onaylanan),-,DG,https://www.kap.org.tr/tr/Bildirim/1548017
ISCTR,2026-01-28 18:02:57,Yeşil veya Sürdürülebilir Temalı Sermaye Piyasası Aracına İlişkin Bildirim,-,DG,https://www.kap.org.tr/tr/Bildirim/1548016
AKBNK,2026-01-28 16:54:29,Borsada İşlem Gören Tipe Dönüşüm Duyurusu,DÖNÜŞÜM,DKB,https://www.kap.org.tr/tr/Bildirim/1547935
YKBNK,2026-01-28 16:54:29,Borsada İşlem Gören Tipe Dönüşüm Duyurusu,DÖNÜŞÜM,DKB,https://www.kap.org.tr/tr/Bildirim/1547935
GARAN,2026-01-28 16:54:29,Borsada İşlem Gören Tipe Dönüşüm Duyurusu,DÖNÜŞÜM,DKB,https://www.kap.org.tr/tr/Bildirim/1547935
ISCTR,2026-01-28 16:54:29,Borsada İşlem Gören Tipe Dönüşüm Duyurusu,DÖNÜŞÜM,DKB,https://www.kap.org.tr/tr/Bildirim/1547935
THYAO,2026-01-28 16:54:29,Borsada İşlem Gören Tipe Dönüşüm Duyurusu,DÖNÜŞÜM,DKB,https://www.kap.org.tr/tr/Bildirim/1547935
ISCTR,2026-01-28 16:04:01,Özel Durum Açıklaması (Genel),Toplu İş Sözleşmesi,ODA,https://www.kap.org.tr/tr/Bildirim/1547916
KCHOL,2026-01-28 15:45:26,VİOP İşlem İptali Duyuruları,VİOP İşlem İptali Duyuruları,DKB,https://www.kap.org.tr/tr/Bildirim/1547900
SAHOL,2026-01-28 08:30:40,Özel Durum Açıklaması (Genel),Akçansa Paylarının Satın Alınmasına İlişkin Bağlayıcı Teklif Alınması,ODA,https://www.kap.org.tr/tr/Bildirim/1547498
KONTR,2026-02-10 19:17:30,Esas Sözleşme,Güncel Esas Sözleşme,DG,https://www.kap.org.tr/tr/Bildirim/1555552
KONTR,2026-02-10 19:17:00,Sermaye Artırımı - Azaltımı İşlemlerine İlişkin Bildirim,Esas Sözleşme Tadil Metni Tescili Hakkında,ODA,https://www.kap.org.tr/tr/Bildirim/1555551
TOASO,2026-02-10 18:53:30,Katılım Finansı İlkeleri Bilgi Formu ,,DG,https://www.kap.org.tr/tr/Bildirim/1555549
AKBNK,2026-02-10 18:29:03,Pay Dışında Sermaye Piyasası Aracı İşlemlerine İlişkin Bildirim (Faiz İçeren),XS3144157792 ISIN Kodlu Yurtdışı Piyasalara İhraç Edilen Tahvilin Kupon Ödemesi,ODA,https://www.kap.org.tr/tr/Bildirim/1555527
SISE,2026-02-10 18:25:03,Finansal Takvim,2025 Yıllık Finansal Sonuçların Açıklanma Tarihi,DG,https://www.kap.org.tr/tr/Bildirim/1555519
EKGYO,2026-02-10 18:20:11,Pay Dışında Sermaye Piyasası Aracı İşlemlerine İlişkin Bildirim (Faizsiz),Yurtiçi Kira Sertifikası İhracı Nitelikli Yatırımcıya Satışın Tamamlanması Hk.,ODA,https://www.kap.org.tr/tr/Bildirim/1555500
EKGYO,2026-02-10 18:20:00,Pay Dışında Sermaye Piyasası Aracı İşlemlerine İlişkin Bildirim (Faizsiz),Yurtiçi Kira Sertifikası İhracı Nitelikli Yatırımcıya Satışın Tamamlanması Hk.,ODA,https://www.kap.org.tr/tr/Bildirim/1555498
SISE,2026-02-10 18:14:47,SPK İşlem Yasağı Nedeniyle Pay Duyurusu,SPK İşlem Yasağı Nedeniyle Pay Duyurusu,DKB,https://www.kap.org.tr/tr/Bildirim/1555494
FROTO,2026-02-10 18:14:47,SPK İşlem Yasağı Nedeniyle Pay Duyurusu,SPK İşlem Yasağı Nedeniyle Pay Duyurusu,DKB,https://www.kap.org.tr/tr/Bildirim/1555494
KONTR,2026-02-10 18:14:47,SPK İşlem Yasağı Nedeniyle Pay Duyurusu,SPK İşlem Yasağı Nedeniyle Pay Duyurusu,DKB,https://www.kap.org.tr/tr/Bildirim/1555494
THYAO,2026-02-10 18:14:47,SPK İşlem Yasağı Nedeniyle Pay Duyurusu,SPK İşlem Yasağı Nedeniyle Pay Duyurusu,DKB,https://www.kap.org.tr/tr/Bildirim/1555494
ISCTR,2026-02-10 18:14:47,SPK İşlem Yasağı Nedeniyle Pay Duyurusu,SPK İşlem Yasağı Nedeniyle Pay Duyurusu,DKB,https://www.kap.org.tr/tr/Bildirim/1555494
PGSUS,2026-02-10 18:14:47,SPK İşlem Yasağı Nedeniyle Pay Duyurusu,SPK İşlem Yasağı Nedeniyle Pay Duyurusu,DKB,https://www.kap.org.tr/tr/Bildirim/1555494
EREGL,2026-02-10 18:14:47,SPK İşlem Yasağı Nedeniyle Pay Duyurusu,SPK İşlem Yasağı Nedeniyle Pay Duyurusu,DKB,https://www.kap.org.tr/tr/Bildirim/1555494
KRDMD,2026-02-10 18:14:47,SPK İşlem Yasağı Nedeniyle Pay Duyurusu,SPK İşlem Yasağı Nedeniyle Pay Duyurusu,DKB,https://www.kap.org.tr/tr/Bildirim/1555494
TUPRS,2026-02-10 18:14:47,SPK İşlem Yasağı Nedeniyle Pay Duyurusu,SPK İşlem Yasağı Nedeniyle Pay Duyurusu,DKB,https://www.kap.org.tr/tr/Bildirim/1555494
PETKM,2026-02-10 18:14:47,SPK İşlem Yasağı Nedeniyle Pay Duyurusu,SPK İşlem Yasağı Nedeniyle Pay Duyurusu,DKB,https://www.kap.org.tr/tr/Bildirim/1555494
SASA,2026-02-10 18:14:47,SPK İşlem Yasağı Nedeniyle Pay Duyurusu,SPK İşlem Yasağı Nedeniyle Pay Duyurusu,DKB,https://www.kap.org.tr/tr/Bildirim/1555494
HALKB,2026-02-10 18:06:15,Bağımsız Denetim Kuruluşunun Belirlenmesi,Sürdürülebilirlik Denetimi için Bağımsız Denetim Kuruluşunun Belirlenmesi,ODA,https://www.kap.org.tr/tr/Bildirim/1555472
SISE,2026-02-10 17:03:36,"Borçlanma Araçları, Yatırım Fonları ve Varant İtfa/Kupon/Getiri/ Nakdi Uzlaşı Ödeme İşlemleri","Borçlanma Araçları, Yatırım Fonları ve Varant İtfa/Kupon/Getiri/Nakdi Uzlaşı Ödeme İşlemleri",DKB,https://www.kap.org.tr/tr/Bildirim/1555411
THYAO,2026-02-10 15:50:27,Özel Durum Açıklaması (Genel),Yeni Hat Açılışı,ODA,https://www.kap.org.tr/tr/Bildirim/1555365
YKBNK,2026-02-10 15:20:37,Pay Dışında Sermaye Piyasası Aracı İşlemlerine İlişkin Bildirim (Faiz İçeren),Yurtdışında ihraç edilen borçlanma aracının itfası,ODA,https://www.kap.org.tr/tr/Bildirim/1555358
YKBNK,2026-02-10 15:20:15,Pay Dışında Sermaye Piyasası Aracı İşlemlerine İlişkin Bildirim (Faiz İçeren),Yurtdışında ihraç edilen borçlanma aracının itfası,ODA,https://www.kap.org.tr/tr/Bildirim/1555357
YKBNK,2026-02-10 15:19:49,İhraç Belgesi,Yurtiçinde özkaynak hesaplamasına dahil edilecek nitelikte borçlanma aracı ihraç tavanına ilişkin ihraç belgesi,DG,https://www.kap.org.tr/tr/Bildirim/1555356
YKBNK,2026-02-10 15:19:38,İhraç Belgesi,Yurtdışı borçlanma aracı ihraç limitine ilişkin İhraç Belgesi,DG,https://www.kap.org.tr/tr/Bildirim/1555355
YKBNK,2026-02-10 15:19:17,İhraç Belgesi,Yurtdışı sürdürülebilir/yeşil borçlanma aracı ihraç limitine ilişkin İhraç Belgesi,DG,https://www.kap.org.tr/tr/Bildirim/1555354
YKBNK,2026-02-10 15:18:57,Yeşil veya Sürdürülebilir Temalı Sermaye Piyasası Aracına İlişkin Bildirim,Yurtdışı sürdürülebilir/yeşil borçlanma aracı ihraç limitine ilişkin İhraç Belgesi,DG,https://www.kap.org.tr/tr/Bildirim/1555353
EKGYO,2026-02-10 14:49:40,Özel Durum Açıklaması (Genel),İstanbul Eyüpsultan Kemerburgaz 1.  Etap Arsa Satışı Karşılığı Gelir Paylaşımı İhalesi 1. Oturumu Hakkında,ODA,https://www.kap.org.tr/tr/Bildirim/1555338
SISE,2026-02-10 14:36:46,Pay Dışında Sermaye Piyasası Aracı İşlemlerine İlişkin Bildirim (Faiz İçeren),TRSSISE52611 Numaralı Tahvilin Kupon Ödemesi,ODA,https://www.kap.org.tr/tr/Bildirim/1555326
FROTO,2026-02-10 01:14:59,Şirket Genel Bilgi Formu,,DG,https://www.kap.org.tr/tr/Bildirim/1555152
FROTO,2026-02-10 01:11:28,Bağımsız Denetim Kuruluşunun Belirlenmesi,Bağımsız Denetim Kuruluşu Seçimi,ODA,https://www.kap.org.tr/tr/Bildirim/1555149
FROTO,2026-02-10 01:10:40,Katılım Finansı İlkeleri Bilgi Formu ,,DG,https://www.kap.org.tr/tr/Bildirim/1555148
FROTO,2026-02-10 01:10:04,Geleceğe Dönük Değerlendirmeler,Finansal Sonuç Bülteninin ve Sunumunun Şirket Web Sitesinde Yayınlanması,ODA,https://www.kap.org.tr/tr/Bildirim/1555147
FROTO,2026-02-10 01:09:29,Sorumluluk Beyanı (Konsolide),Sorumluluk Beyanı-31.12.2025,FR,https://www.kap.org.tr/tr/Bildirim/1555146
FROTO,2026-02-10 01:09:06,Finansal Rapor,,FR,https://www.kap.org.tr/tr/Bildirim/1555145
TOASO,2026-02-09 23:33:08,Geleceğe Dönük Değerlendirmeler,2025 yılı sonuçlarımız ve 2026 yılı beklentilerimiz,ODA,https://www.kap.org.tr/tr/Bildirim/1555142
TOASO,2026-02-09 23:32:50,Sorumluluk Beyanı (Konsolide),Sermaye Piyasası Kurulunun İlgili Tebliği gereğince hazırlanan Sorumluluk Beyanı,FR,https://www.kap.org.tr/tr/Bildirim/1555141
TOASO,2026-02-09 23:32:34,Finansal Rapor,,FR,https://www.kap.org.tr/tr/Bildirim/1555140
TAVHL,2026-02-09 20:18:34,Özel Durum Açıklaması (Genel),Yatırımcı Bülteni (Ocak 2026),ODA,https://www.kap.org.tr/tr/Bildirim/1555044
VAKBN,2026-02-09 18:26:54,Sorumluluk Beyanı (Konsolide Olmayan),31 Aralık 2025 Konsolide Olmayan Sorumluluk Beyanı,FR,https://www.kap.org.tr/tr/Bildirim/1554979
VAKBN,2026-02-09 18:26:23,Finansal Rapor,,FR,https://www.kap.org.tr/tr/Bildirim/1554978
TUPRS,2026-02-09 18:20:12,Katılım Finansı İlkeleri Bilgi Formu ,,DG,https://www.kap.org.tr/tr/Bildirim/1554974
KCHOL,2026-02-09 18:18:37,Özel Durum Açıklaması (Genel),Bağlı Ortaklık Sermaye Artırımına Katılım,ODA,https://www.kap.org.tr/tr/Bildirim/1554973
TUPRS,2026-02-09 18:18:05,Pay Dışında Sermaye Piyasası Aracı İşlemlerine İlişkin Bildirim (Faiz İçeren),TRSTPRS82613 ISIN Kodlu Tahvilin 6. Kupon Ödemesi ,ODA,https://www.kap.org.tr/tr/Bildirim/1554972
YKBNK,2026-02-09 18:03:51,Pay Dışında Sermaye Piyasası Aracı İşlemlerine İlişkin Bildirim (Faiz İçeren),Yurtdışında borçlanma aracı ihracının tamamlanması,ODA,https://www.kap.org.tr/tr/Bildirim/1554950
THYAO,2026-02-09 17:36:19,Özel Durum Açıklaması (Genel),"Ocak 2026 Trafik Sonuçları
",ODA,https://www.kap.org.tr/tr/Bildirim/1554930
AKBNK,2026-02-09 17:33:05,Pay Dışında Sermaye Piyasası Aracı İşlemlerine İlişkin Bildirim (Faiz İçeren),XS3144966986 ISIN Kodlu Yurtdışı Piyasalara İhraç Edilen Tahvilin Kupon Ödemesi,ODA,https://www.kap.org.tr/tr/Bildirim/1554924
AKBNK,2026-02-09 17:32:50,Pay Dışında Sermaye Piyasası Aracı İşlemlerine İlişkin Bildirim (Faiz İçeren),XS3147461555 ISIN Kodlu Yurtdışı Piyasalara İhraç Edilen Tahvilin Kupon Ödemesi,ODA,https://www.kap.org.tr/tr/Bildirim/1554923
AKBNK,2026-02-09 17:32:32,Pay Dışında Sermaye Piyasası Aracı İşlemlerine İlişkin Bildirim (Faiz İçeren),XS3144727305 ISIN Kodlu Yurtdışı Piyasalara İhraç Edilen Tahvilin Kupon Ödemesi,ODA,https://www.kap.org.tr/tr/Bildirim/1554922
TUPRS,2026-02-09 17:04:22,"Borçlanma Araçları, Yatırım Fonları ve Varant İtfa/Kupon/Getiri/ Nakdi Uzlaşı Ödeme İşlemleri","Borçlanma Araçları, Yatırım Fonları ve Varant İtfa/Kupon/Getiri/ Nakdi Uzlaşı Ödeme İşlemleri",DKB,https://www.kap.org.tr/tr/Bildirim/1554888
SISE,2026-02-09 16:31:43,Borsada İşlem Gören Tipe Dönüşüm Duyurusu,DÖNÜŞÜM,DKB,https://www.kap.org.tr/tr/Bildirim/1554851
FROTO,2026-02-09 16:31:43,Borsada İşlem Gören Tipe Dönüşüm Duyurusu,DÖNÜŞÜM,DKB,https://www.kap.org.tr/tr/Bildirim/1554851
KONTR,2026-02-09 16:31:43,Borsada İşlem Gören Tipe Dönüşüm Duyurusu,DÖNÜŞÜM,DKB,https://www.kap.org.tr/tr/Bildirim/1554851
ISCTR,2026-02-09 16:31:43,Borsada İşlem Gören Tipe Dönüşüm Duyurusu,DÖNÜŞÜM,DKB,https://www.kap.org.tr/tr/Bildirim/1554851
THYAO,2026-02-09 16:31:43,Borsada İşlem Gören Tipe Dönüşüm Duyurusu,DÖNÜŞÜM,DKB,https://www.kap.org.tr/tr/Bildirim/1554851
EREGL,2026-02-09 16:31:43,Borsada İşlem Gören Tipe Dönüşüm Duyurusu,DÖNÜŞÜM,DKB,https://www.kap.org.tr/tr/Bildirim/1554851
ASELS,2026-02-09 15:29:03,Finansal Takvim,Finansal Takvim,DG,https://www.kap.org.tr/tr/Bildirim/1554784
GUBRF,2026-02-09 15:16:49,Özel Durum Açıklaması (Genel),Yönetim Kurulu Bağımsız Üye Adaylarının Belirlenmesi,ODA,https://www.kap.org.tr/tr/Bildirim/1554772
ODAS,2026-02-09 09:06:51,Kamuyu Aydınlatma Platformu Duyurusu,Özel Durumlar Tebliği'nin 12-(4). maddesi gereğince yapılan açıklama,DKB,https://www.kap.org.tr/tr/Bildirim/1554417
AKBNK,2026-02-09 08:49:45,Pay Dışında Sermaye Piyasası Aracı İşlemlerine İlişkin Bildirim (Faiz İçeren),Yurt Dışında İpotek Teminatlı Menkul Kıymet İhracı,ODA,https://www.kap.org.tr/tr/Bildirim/1554415
TUPRS,2026-02-09 08:48:25,Pay Dışında Sermaye Piyasası Aracı İşlemlerine İlişkin Bildirim (Faiz İçeren),TRSTPRS82613 ISIN Kodlu Tahvilin 6. Kupon Faiz Oranının Belirlenmesi ,ODA,https://www.kap.org.tr/tr/Bildirim/1554414
FROTO,2026-02-06 19:25:46,Kredi Derecelendirmesi,Kredi Derecelendirme Notu,ODA,https://www.kap.org.tr/tr/Bildirim/1554179
TUPRS,2026-02-06 19:24:16,Özel Durum Açıklaması (Genel),2025 yılı finansal tabloların açıklanması,ODA,https://www.kap.org.tr/tr/Bildirim/1554178
AKBNK,2026-02-06 19:17:12,Özel Durum Açıklaması (Genel),XS2131335270 ve US00971YAG52 ISIN Kodlu Tahvilin İtfası,ODA,https://www.kap.org.tr/tr/Bildirim/1554177
SISE,2026-02-06 18:38:26,Özel Durum Açıklaması (Genel),Şirketimiz ana ortağı Türkiye İş Bankası A.Ş.'nin 31.12.2025 tarihli finansal sonuçlarının ilanı hakkında,ODA,https://www.kap.org.tr/tr/Bildirim/1554117
TUPRS,2026-02-06 18:34:52,Geleceğe Dönük Değerlendirmeler,2026 Yılı Geleceğe Yönelik Beklentiler,ODA,https://www.kap.org.tr/tr/Bildirim/1554109
TUPRS,2026-02-06 18:34:41,Kar Payı Dağıtım İşlemlerine İlişkin Bildirim,2025 Yılı Kar Payı Dağıtım Önerisi,ODA,https://www.kap.org.tr/tr/Bildirim/1554108
TUPRS,2026-02-06 18:34:29,Finansal Rapor,,FR,https://www.kap.org.tr/tr/Bildirim/1554106
TUPRS,2026-02-06 18:34:13,Sorumluluk Beyanı (Konsolide),Sorumluluk Beyanı,FR,https://www.kap.org.tr/tr/Bildirim/1554104
ISCTR,2026-02-06 18:13:16,Geleceğe Dönük Değerlendirmeler,Geleceğe Yönelik Değerlendirmeler,ODA,https://www.kap.org.tr/tr/Bildirim/1553979
ISCTR,2026-02-06 18:12:48,Sorumluluk Beyanı (Konsolide),Konsolide Sorumluluk Beyanı,FR,https://www.kap.org.tr/tr/Bildirim/1553976
ISCTR,2026-02-06 18:12:27,Finansal Rapor,,FR,https://www.kap.org.tr/tr/Bildirim/1553974
ISCTR,2026-02-06 18:12:06,Sorumluluk Beyanı (Konsolide Olmayan),Konsolide Olmayan Sorumluluk Beyanı,FR,https://www.kap.org.tr/tr/Bildirim/1553972
ISCTR,2026-02-06 18:10:45,Finansal Rapor,,FR,https://www.kap.org.tr/tr/Bildirim/1553968
YKBNK,2026-02-06 17:25:47,Şirket Genel Bilgi Formu,,DG,https://www.kap.org.tr/tr/Bildirim/1553826
YKBNK,2026-02-06 17:25:00,Özel Durum Açıklaması (Genel),SPK'nın 21.12.2005 ve 22.12.2005 tarihli yazıları çerçevesinde her mali tablo döneminde yapılması gereken açıklama,ODA,https://www.kap.org.tr/tr/Bildirim/1553825
EKGYO,2026-02-06 16:47:57,Tertip İhraç Belgesi,Emlak Konut GYO 5.Tertip İhraç Belgesi,DG,https://www.kap.org.tr/tr/Bildirim/1553779
EKGYO,2026-02-06 16:47:44,Tertip İhraç Belgesi,"Emlak Konut GYO 4.Tertip İhraç Belgesi
",DG,https://www.kap.org.tr/tr/Bildirim/1553778
VAKBN,2026-02-06 16:47:08,Pay Dışında Sermaye Piyasası Aracı İşlemlerine İlişkin Bildirim (Faiz İçeren),TRFVKFB22630 ISIN kodlu T. Vakıflar Bankası T.A.O. Finansman Bonosunun İtfası,ODA,https://www.kap.org.tr/tr/Bildirim/1553777
SASA,2026-02-06 15:55:25,Pay Bazında Devre Kesici Bildirimi,SASA.E işlem sırasında Pay Bazında Devre Kesici Uygulaması devreye girmiştir,DKB,https://www.kap.org.tr/tr/Bildirim/1553683
KONTR,2026-02-06 15:50:42,Pay Bazında Devre Kesici Bildirimi,KONTR.E işlem sırasında Pay Bazında Devre Kesici Uygulaması devreye girmiştir,DKB,https://www.kap.org.tr/tr/Bildirim/1553682
VAKBN,2026-02-06 15:32:36,Pay Dışında Sermaye Piyasası Aracı İşlemlerine İlişkin Bildirim (Faiz İçeren),TRFVKFB22630 ISIN kodlu T. Vakıflar Bankası T.A.O. Finansman Bonosunun İtfası,ODA,https://www.kap.org.tr/tr/Bildirim/1553645
TKFEN,2026-02-06 12:50:10,Pay Bazında Devre Kesici Bildirimi,TKFEN.E işlem sırasında Pay Bazında Devre Kesici Uygulaması devreye girmiştir,DKB,https://www.kap.org.tr/tr/Bildirim/1553445
YKBNK,2026-02-06 11:06:36,İhraç Tavanına İlişkin Bildirim,Yurtiçinde özkaynak hesaplamasına dahil edilecek nitelikte borçlanma aracı ihracına ilişkin limit başvurumuzun SPK tarafından onaylanması,ODA,https://www.kap.org.tr/tr/Bildirim/1553355
YKBNK,2026-02-06 11:06:09,İhraç Tavanına İlişkin Bildirim,Yurtdışı borçlanma aracı ihraç limitine ilişkin SPK onayı,ODA,https://www.kap.org.tr/tr/Bildirim/1553352
YKBNK,2026-02-06 11:05:45,İhraç Tavanına İlişkin Bildirim,Yurtdışı sürdürülebilir/yeşil borçlanma aracı ihraç limitine ilişkin SPK onayı,ODA,https://www.kap.org.tr/tr/Bildirim/1553350
SISE,2026-02-05 18:18:56,Özel Durum Açıklaması (Genel),Toplu İş Sözleşmesi Görüşmeleri Hakkında,ODA,https://www.kap.org.tr/tr/Bildirim/1553134
ODAS,2026-02-05 17:37:35,Şirket Genel Bilgi Formu,,DG,https://www.kap.org.tr/tr/Bildirim/1553100
ASELS,2026-02-05 17:30:23,Pay Bazında Devre Kesici Bildirimi,ASELS.E işlem sırasında Pay Bazında Devre Kesici Uygulaması devreye girmiştir,DKB,https://www.kap.org.tr/tr/Bildirim/1553096
EKGYO,2026-02-05 17:28:39,Özel Durum Açıklaması (Genel),Yeni Levent STG Artışı,ODA,https://www.kap.org.tr/tr/Bildirim/1553094
TKFEN,2026-02-05 14:39:51,Pay Bazında Devre Kesici Bildirimi,TKFEN.E işlem sırasında Pay Bazında Devre Kesici Uygulaması devreye girmiştir,DKB,https://www.kap.org.tr/tr/Bildirim/1552900
YKBNK,2026-02-05 09:05:49,Özel Durum Açıklaması (Genel),Finansal tabloların açıklanması,ODA,https://www.kap.org.tr/tr/Bildirim/1552740
YKBNK,2026-02-05 08:06:07,Geleceğe Dönük Değerlendirmeler,Geleceğe Yönelik Değerlendirmeler,ODA,https://www.kap.org.tr/tr/Bildirim/1552726
YKBNK,2026-02-05 08:03:29,Sorumluluk Beyanı (Konsolide Olmayan),Yapı ve Kredi Bankası A.Ş. Konsolide Olmayan  Sorumluluk Beyanı 31.12.2025,FR,https://www.kap.org.tr/tr/Bildirim/1552725
YKBNK,2026-02-05 08:03:11,Sorumluluk Beyanı (Konsolide),Yapı ve Kredi Bankası A.Ş Konsolide Sorumluluk Beyanı 31.12.2025,FR,https://www.kap.org.tr/tr/Bildirim/1552724
YKBNK,2026-02-05 08:02:43,Finansal Rapor,,FR,https://www.kap.org.tr/tr/Bildirim/1552723
YKBNK,2026-02-05 08:02:22,Finansal Rapor,,FR,https://www.kap.org.tr/tr/Bildirim/1552722
SISE,2026-02-04 19:33:45,Özel Durum Açıklaması (Genel),Macaristan Cam Ambalaj Yatırımı,ODA,https://www.kap.org.tr/tr/Bildirim/1552676
VAKBN,2026-02-04 18:25:00,Maddi Duran Varlık Alımı,Şirketimiz Maddi Duran Varlık Alımı,ODA,https://www.kap.org.tr/tr/Bildirim/1552606
KCHOL,2026-02-04 18:24:35,Sermaye Artırımı - Azaltımı İşlemlerine İlişkin Bildirim,Tahsisli Sermaye Artırımı Sonucunda Esas Sözleşme Değişikliğinin Tescili,ODA,https://www.kap.org.tr/tr/Bildirim/1552604
GARAN,2026-02-04 18:12:39,Özel Durum Açıklaması (Genel),"31 Aralık 2025 Finansal Sonuçlara İlişkin sunum hakkında
",ODA,https://www.kap.org.tr/tr/Bildirim/1552593
GARAN,2026-02-04 18:12:27,Geleceğe Dönük Değerlendirmeler,2026 yılı beklentilerine yönelik değerlendirmeler hk.,ODA,https://www.kap.org.tr/tr/Bildirim/1552592
GARAN,2026-02-04 18:10:51,Sorumluluk Beyanı (Konsolide Olmayan),31.12.2025 T.Garanti Bankası A.Ş Konsolide Olmayan Sorumluluk Beyanı,FR,https://www.kap.org.tr/tr/Bildirim/1552591
GARAN,2026-02-04 18:10:40,Sorumluluk Beyanı (Konsolide),31.12.2025 T.Garanti Bankası A.Ş Konsolide Sorumluluk Beyanı,FR,https://www.kap.org.tr/tr/Bildirim/1552590
GARAN,2026-02-04 18:10:23,Finansal Rapor,,FR,https://www.kap.org.tr/tr/Bildirim/1552589
GARAN,2026-02-04 18:10:07,Finansal Rapor,,FR,https://www.kap.org.tr/tr/Bildirim/1552588
GARAN,2026-02-04 17:42:24,"Borçlanma Araçları, Yatırım Fonları ve Varant İtfa/Kupon/Getiri/ Nakdi Uzlaşı Ödeme İşlemleri","Borçlanma Araçları, Yatırım Fonları ve Varant İtfa/Kupon/Getiri/ Nakdi Uzlaşı Ödeme İşlemleri",DKB,https://www.kap.org.tr/tr/Bildirim/1552556
TCELL,2026-02-04 14:37:05,Finansal Takvim,4. Çeyrek 2025 Finansal Sonuç Açıklaması Takvimi,DG,https://www.kap.org.tr/tr/Bildirim/1552349
SASA,2026-02-04 11:31:11,Pay Alım Satım Bildirimi,Sürekli Bilgilere İlişkin Özel Durum Açıklaması,ODA,https://www.kap.org.tr/tr/Bildirim/1552298
VAKBN,2026-02-04 10:23:46,Pay Dışında Sermaye Piyasası Aracı İşlemlerine İlişkin Bildirim (Faiz İçeren),GMTN Programı Çerçevesinde Türkiye Dışında Sürdürülebilir Borçlanma Aracı İhracı SPK Onayı ,ODA,https://www.kap.org.tr/tr/Bildirim/1552278
SASA,2026-02-04 09:05:05,Pay Alım Satım Bildirimi,"Pay Alım Satım Bildirimi
",DKB,https://www.kap.org.tr/tr/Bildirim/1552239
THYAO,2026-02-17 22:10:22,Herhangi Bir Otoriteye Mali Tablo Verilmesi,2025 Yılı 4. Dönem Geçici Vergi Beyanı,DG,https://www.kap.org.tr/tr/Bildirim/1557993
KONTR,2026-02-17 21:06:10,Sorumluluk Beyanı (Konsolide),31.12.2025 Tarihli Finansal Tablolara İlişkin Sorumluluk Beyanı,FR,https://www.kap.org.tr/tr/Bildirim/1557948
KONTR,2026-02-17 21:05:23,Finansal Rapor,,FR,https://www.kap.org.tr/tr/Bildirim/1557945
PGSUS,2026-02-17 20:56:47,Finansal Takvim,Finansal Takvim,DG,https://www.kap.org.tr/tr/Bildirim/1557942
PGSUS,2026-02-17 20:56:11,Herhangi Bir Otoriteye Mali Tablo Verilmesi,2025 Yılı 4. Dönem Geçici Vergi Beyannamesi Ekinde Sunulan Gelir Tablosu,DG,https://www.kap.org.tr/tr/Bildirim/1557937
TOASO,2026-02-17 20:51:57,Kar Payı Dağıtım İşlemlerine İlişkin Bildirim,2025 Yılı Kar Dağıtım Önerisi,ODA,https://www.kap.org.tr/tr/Bildirim/1557935
TOASO,2026-02-17 20:51:23,Faaliyet Raporu Sorumluluk Beyanı,2025 yılı Yönetim Kurulu Faaliyet Raporunun onaylanması ve Kamuyu Aydınlatma Platformu (KAP) aracılığıyla kamuya açıklanması,FR,https://www.kap.org.tr/tr/Bildirim/1557932
TOASO,2026-02-17 20:48:46,Faaliyet Raporu (Konsolide),2025 yılı Yönetim Kurulu Faaliyet Raporunun onaylanması ve Kamuyu Aydınlatma Platformu (KAP) aracılığıyla kamuya açıklanması,FR,https://www.kap.org.tr/tr/Bildirim/1557929
TCELL,2026-02-17 20:20:52,Esas Sözleşme Tadili,Esas Sözleşme Tadili SPK Onayı,ODA,https://www.kap.org.tr/tr/Bildirim/1557897
TOASO,2026-02-17 20:16:53,Kurumsal Yönetim Bilgi Formu,Tofaş Kurumsal Yönetim Bilgi Formu,DG,https://www.kap.org.tr/tr/Bildirim/1557894
TOASO,2026-02-17 20:14:13,Kurumsal Yönetim Uyum Raporu,Tofaş Kurumsal Yönetim Uyum Raporu,DG,https://www.kap.org.tr/tr/Bildirim/1557893
TOASO,2026-02-17 20:12:58,İlişkili Taraf İşlemleri,SPK'nın Kurumsal Yönetim Tebliğindeki sınırları aşan yaygın ve süreklilik arz eden İlişkili Taraf İşlemleri Raporu hakkında.,ODA,https://www.kap.org.tr/tr/Bildirim/1557890
TOASO,2026-02-17 20:11:29,Bağımsız Denetim Kuruluşunun Belirlenmesi,Bağımsız Denetim Kuruluşu Seçimi.,ODA,https://www.kap.org.tr/tr/Bildirim/1557889
EKGYO,2026-02-17 19:43:34,Özel Durum Açıklaması (Genel),İstanbul Ataşehir Kayışdağı Arsa Satışı Karşılığı Gelir Paylaşımı İşi Sözleşme İmzalanması,ODA,https://www.kap.org.tr/tr/Bildirim/1557850
EKGYO,2026-02-17 19:43:23,Özel Durum Açıklaması (Genel),İstanbul Başakşehir Güney Ticaret 1.Etap Sözleşme İmzalanması ,ODA,https://www.kap.org.tr/tr/Bildirim/1557849
EKGYO,2026-02-17 19:43:14,Herhangi Bir Otoriteye Mali Tablo Verilmesi,2025 4. Dönem Geçici Vergi Beyannamesine ait Gelir Tablosu,DG,https://www.kap.org.tr/tr/Bildirim/1557848
TOASO,2026-02-17 19:39:09,Genel Kurul İşlemlerine İlişkin Bildirim,"Olağan Genel Kurul Toplantısı ile ilgili olarak yer,tarih, saat ve gündemin belirlenmesi.",ODA,https://www.kap.org.tr/tr/Bildirim/1557843
SASA,2026-02-17 19:29:45,Herhangi Bir Otoriteye Mali Tablo Verilmesi,Herhangi Bir Otoriteye Mali Tablo Verilmesi,DG,https://www.kap.org.tr/tr/Bildirim/1557839
HALKB,2026-02-17 19:25:37,Herhangi Bir Otoriteye Mali Tablo Verilmesi,Herhangi Bir Otoriteye Mali Tablo Verilmesi,DG,https://www.kap.org.tr/tr/Bildirim/1557837
MGROS,2026-02-17 18:56:40,Herhangi Bir Otoriteye Mali Tablo Verilmesi,2025 Yılı 4. Dönem Geçici Vergi Beyannamesi,DG,https://www.kap.org.tr/tr/Bildirim/1557799
PETKM,2026-02-17 18:55:27,Herhangi Bir Otoriteye Mali Tablo Verilmesi,Herhangi Bir Otoriteye Mali Tablo Verilmesi,DG,https://www.kap.org.tr/tr/Bildirim/1557795
SISE,2026-02-17 18:54:02,Pay Dışında Sermaye Piyasası Aracı İşlemlerine İlişkin Bildirim (Faiz İçeren),2026 Vadeli Yurt Dışı Tahvillerin Erken İtfası,ODA,https://www.kap.org.tr/tr/Bildirim/1557792
ODAS,2026-02-17 18:36:59,Herhangi Bir Otoriteye Mali Tablo Verilmesi,Herhangi Bir Otoriteye Mali Tablo Verilmesi,DG,https://www.kap.org.tr/tr/Bildirim/1557764
EREGL,2026-02-17 18:21:27,Katılım Finansı İlkeleri Bilgi Formu ,,DG,https://www.kap.org.tr/tr/Bildirim/1557694
YKBNK,2026-02-17 18:21:00,Şirket Genel Bilgi Formu,,DG,https://www.kap.org.tr/tr/Bildirim/1557691
YKBNK,2026-02-17 18:20:49,Özel Durum Açıklaması (Genel),Ödeme Hizmetleri Alanında Faaliyet Gösterecek Şirket Kuruluşu,ODA,https://www.kap.org.tr/tr/Bildirim/1557689
EREGL,2026-02-17 18:20:48,TSRS Uyumlu Sürdürülebilirlik Raporu,2025 Yılı TSRS Uyumlu Sürdürülebilirlik Raporu,FR,https://www.kap.org.tr/tr/Bildirim/1557688
EREGL,2026-02-17 18:20:36,Sürdürülebilirlik Uyum Raporu,Sürdürülebilirlik Raporu,DG,https://www.kap.org.tr/tr/Bildirim/1557685
EREGL,2026-02-17 18:20:20,Kurumsal Yönetim Bilgi Formu,2025 Yılı Kurumsal Yönetim Bilgi Formu,DG,https://www.kap.org.tr/tr/Bildirim/1557684
EREGL,2026-02-17 18:19:15,Kurumsal Yönetim Uyum Raporu,2025 Kurumsal Yönetim Uyum Raporu,DG,https://www.kap.org.tr/tr/Bildirim/1557674
EREGL,2026-02-17 18:19:04,İlişkili Taraf İşlemleri,Yaygın ve Süreklilik Arz Eden İşlemlere İlişkin Rapor,ODA,https://www.kap.org.tr/tr/Bildirim/1557669
EREGL,2026-02-17 18:18:52,Sorumluluk Beyanı (Konsolide),1 Ocak - 31 Aralık 2025 Dönemine İlişkin Sorumluluk Beyanı,FR,https://www.kap.org.tr/tr/Bildirim/1557668
EREGL,2026-02-17 18:18:42,Faaliyet Raporu (Konsolide),1 Ocak - 31 Aralık 2025 dönemine ait yıllık faaliyet raporu,FR,https://www.kap.org.tr/tr/Bildirim/1557666
EREGL,2026-02-17 18:18:33,Finansal Rapor,,FR,https://www.kap.org.tr/tr/Bildirim/1557665
YKBNK,2026-02-17 18:17:45,Özel Durum Açıklaması (Genel),Tasfiye hesaplarında izlenmekte olan bir kısım tahsili gecikmiş alacakların satışı,ODA,https://www.kap.org.tr/tr/Bildirim/1557655
YKBNK,2026-02-17 18:16:29,Genel Kurul İşlemlerine İlişkin Bildirim,Genel Kurul Bilgilendirme Notlarında Güncelleme,ODA,https://www.kap.org.tr/tr/Bildirim/1557639
CIMSA,2026-02-17 18:15:50,Herhangi Bir Otoriteye Mali Tablo Verilmesi,Vergi Mevzuatına Göre Hazırlanan Gelir Tablosu,DG,https://www.kap.org.tr/tr/Bildirim/1557629
CIMSA,2026-02-17 18:15:24,Finansal Takvim,Finansal Takvim,DG,https://www.kap.org.tr/tr/Bildirim/1557624
VAKBN,2026-02-17 17:53:23,Pay Dışında Sermaye Piyasası Aracı İşlemlerine İlişkin Bildirim (Faiz İçeren),GMTN Programı Çerçevesinde Türkiye Dışında Sürdürülebilir Borçlanma Aracı İhracı SPK Onayı,ODA,https://www.kap.org.tr/tr/Bildirim/1557551
VAKBN,2026-02-17 17:50:48,İhraç Belgesi,İpotek Teminatlı Menkul Kıymet İhraç Tavanı SPK Onayı,DG,https://www.kap.org.tr/tr/Bildirim/1557549
YKBNK,2026-02-17 17:43:24,Borçlanma Araçlarının / Kira Sertifikalarının İşlem Görmeye Başlaması,Borçlanma Araçlarının / Kira Sertifikalarının İşlem Görmeye Başlaması,DKB,https://www.kap.org.tr/tr/Bildirim/1557545
KRDMD,2026-02-17 17:17:57,Herhangi Bir Otoriteye Mali Tablo Verilmesi,Herhangi bir otoriteye mali tablo verilmesi,DG,https://www.kap.org.tr/tr/Bildirim/1557510
GUBRF,2026-02-17 16:56:03,Herhangi Bir Otoriteye Mali Tablo Verilmesi,Herhangi Bir Otoriteye Mali Tablo Verilmesi,DG,https://www.kap.org.tr/tr/Bildirim/1557496
MGROS,2026-02-17 16:49:59,Borsada İşlem Gören Tipe Dönüşüm Duyurusu,DÖNÜŞÜM,DKB,https://www.kap.org.tr/tr/Bildirim/1557487
TUPRS,2026-02-17 16:49:59,Borsada İşlem Gören Tipe Dönüşüm Duyurusu,DÖNÜŞÜM,DKB,https://www.kap.org.tr/tr/Bildirim/1557487
PGSUS,2026-02-17 16:49:59,Borsada İşlem Gören Tipe Dönüşüm Duyurusu,DÖNÜŞÜM,DKB,https://www.kap.org.tr/tr/Bildirim/1557487
SASA,2026-02-17 16:32:19,Pay Bazında Devre Kesici Bildirimi,SASA.E işlem sırasında Pay Bazında Devre Kesici Uygulaması devreye girmiştir,DKB,https://www.kap.org.tr/tr/Bildirim/1557444
TKFEN,2026-02-17 16:11:09,Herhangi Bir Otoriteye Mali Tablo Verilmesi,2025 Yılı 4. Dönem Geçici Vergi Beyannamesi Ekinde Sunulan Gelir Tablosu,DG,https://www.kap.org.tr/tr/Bildirim/1557410
YKBNK,2026-02-17 12:56:39,Pay Dışında Sermaye Piyasası Aracı İşlemlerine İlişkin Bildirim (Faiz İçeren),Yurtdışında ihraç edilen borçlanma aracının itfası,ODA,https://www.kap.org.tr/tr/Bildirim/1557297
YKBNK,2026-02-17 12:56:10,Pay Dışında Sermaye Piyasası Aracı İşlemlerine İlişkin Bildirim (Faiz İçeren),Yurtdışında ihraç edilen borçlanma aracının itfası,ODA,https://www.kap.org.tr/tr/Bildirim/1557296
TUPRS,2026-02-17 12:11:17,VİOP İşlem İptali Duyuruları,VİOP İşlem İptali Duyuruları,DKB,https://www.kap.org.tr/tr/Bildirim/1557286
ISCTR,2026-02-17 10:35:16,Pay Dışında Sermaye Piyasası Aracı İşlemlerine İlişkin Bildirim (Faiz İçeren),17.02.2026 vadeli T. İş Bankası A.Ş. Finansman Bonosu İtfası Hakkında,ODA,https://www.kap.org.tr/tr/Bildirim/1557244
SAHOL,2026-02-17 09:55:16,Herhangi Bir Otoriteye Mali Tablo Verilmesi,2025 Yılı 4. Dönem Geçici Vergi Beyannamesi Ekinde Sunulan Gelir Tablosu,DG,https://www.kap.org.tr/tr/Bildirim/1557214
ODAS,2026-02-17 09:08:48,Kamuyu Aydınlatma Platformu Duyurusu,Özel Durumlar Tebliği'nin 12-(4). maddesi gereğince yapılan açıklama,DKB,https://www.kap.org.tr/tr/Bildirim/1557196
TUPRS,2026-02-17 00:51:42,Sürdürülebilirlik Uyum Raporu,Sürdürülebilirlik Uyum Raporu 2025,DG,https://www.kap.org.tr/tr/Bildirim/1557182
TUPRS,2026-02-17 00:51:26,Kurumsal Yönetim Uyum Raporu,Kurumsal Yönetim Uyum Raporu,DG,https://www.kap.org.tr/tr/Bildirim/1557181
TUPRS,2026-02-17 00:51:10,Kurumsal Yönetim Bilgi Formu,Kurumsal Yönetim Bilgi Formu,DG,https://www.kap.org.tr/tr/Bildirim/1557180
TUPRS,2026-02-17 00:49:17,Faaliyet Raporu Sorumluluk Beyanı,2025 Yılı Entegre Faaliyet Raporu Sorumluluk Beyanı,FR,https://www.kap.org.tr/tr/Bildirim/1557179
TUPRS,2026-02-17 00:48:54,Faaliyet Raporu (Konsolide),2025 Entegre Faaliyet Raporu ve TSRS Kapsamındaki Açıklamalar,FR,https://www.kap.org.tr/tr/Bildirim/1557178
BIMAS,2026-02-16 20:24:27,Herhangi Bir Otoriteye Mali Tablo Verilmesi,2025 Yılı 4.Dönem Geçici Vergi Beyannamesi,DG,https://www.kap.org.tr/tr/Bildirim/1557130
KONTR,2026-02-16 20:16:05,Finansal Takvim,Finansal Takvim Güncellemesi,DG,https://www.kap.org.tr/tr/Bildirim/1557124
SISE,2026-02-16 18:55:52,Özel Durum Açıklaması (Genel),İtalya Kaplamalı Cam Hattı Yatırımının Tamamlanması ,ODA,https://www.kap.org.tr/tr/Bildirim/1557068
SISE,2026-02-16 18:54:18,Katılım Finansı İlkeleri Bilgi Formu ,,DG,https://www.kap.org.tr/tr/Bildirim/1557066
SISE,2026-02-16 18:53:58,Özel Durum Açıklaması (Genel),Finansal Tabloların Açıklanması,ODA,https://www.kap.org.tr/tr/Bildirim/1557065
FROTO,2026-02-16 18:43:06,İlişkili Taraf İşlemleri,SPK'nın Kurumsal Yönetim Tebliğindeki sınırları aşan yaygın ve süreklilik arz eden İlişkili Taraf İşlemleri Raporu hakkında,ODA,https://www.kap.org.tr/tr/Bildirim/1557063
FROTO,2026-02-16 18:42:29,Genel Kurul İşlemlerine İlişkin Bildirim,Olağan Genel Kurul Daveti ve Bilgilendirme Dokümanı,ODA,https://www.kap.org.tr/tr/Bildirim/1557061
FROTO,2026-02-16 18:42:08,Kar Payı Dağıtım İşlemlerine İlişkin Bildirim,Olağan Genel Kurul Kar Dağıtım Önerisi,ODA,https://www.kap.org.tr/tr/Bildirim/1557060
SISE,2026-02-16 18:38:22,Sorumluluk Beyanı (Konsolide),31.12.2025 Sorumluluk Beyanı,FR,https://www.kap.org.tr/tr/Bildirim/1557054
SISE,2026-02-16 18:37:25,Finansal Rapor,,FR,https://www.kap.org.tr/tr/Bildirim/1557053
VAKBN,2026-02-16 18:10:37,Sorumluluk Beyanı (Konsolide),31 Aralık 2025 Konsolide Sorumluluk Beyanı,FR,https://www.kap.org.tr/tr/Bildirim/1557010
VAKBN,2026-02-16 18:10:15,Finansal Rapor,,FR,https://www.kap.org.tr/tr/Bildirim/1557008
GARAN,2026-02-16 18:10:07,Bağımsız Denetim Kuruluşunun Belirlenmesi,Bağımsız Denetim Firmasının seçimi hk.,ODA,https://www.kap.org.tr/tr/Bildirim/1557007
KONTR,2026-02-16 17:28:03,İhale Süreci / Sonucu,İhale Sonucu Sözleşme İmzalanması,ODA,https://www.kap.org.tr/tr/Bildirim/1556978
FROTO,2026-02-16 16:42:37,Borsada İşlem Gören Tipe Dönüşüm Duyurusu,DÖNÜŞÜM,DKB,https://www.kap.org.tr/tr/Bildirim/1556960
SAHOL,2026-02-16 16:42:37,Borsada İşlem Gören Tipe Dönüşüm Duyurusu,DÖNÜŞÜM,DKB,https://www.kap.org.tr/tr/Bildirim/1556960
KONTR,2026-02-16 16:42:37,Borsada İşlem Gören Tipe Dönüşüm Duyurusu,DÖNÜŞÜM,DKB,https://www.kap.org.tr/tr/Bildirim/1556960
TUPRS,2026-02-16 16:42:37,Borsada İşlem Gören Tipe Dönüşüm Duyurusu,DÖNÜŞÜM,DKB,https://www.kap.org.tr/tr/Bildirim/1556960
PETKM,2026-02-16 16:42:37,Borsada İşlem Gören Tipe Dönüşüm Duyurusu,DÖNÜŞÜM,DKB,https://www.kap.org.tr/tr/Bildirim/1556960
PGSUS,2026-02-16 15:12:36,Pay  Satış Bilgi Formu,Pay Satış Bilgi Formu,DKB,https://www.kap.org.tr/tr/Bildirim/1556912
EKGYO,2026-02-16 10:03:48,Likidite Sağlayıcılık Kapsamındaki İşlemler,"Emlak Konut Damlakent Projesi Gayrimenkul Sertifikalarında (DMLKT.G) Likidite Sağlayacılık Kapsamında
Gerçekleştirilen İşlemler 02.02.2026-13.02.2026",DG,https://www.kap.org.tr/tr/Bildirim/1556828
SASA,2026-02-16 09:17:35,Pay Alım Satım Bildirimi,Pay Alım Satım Bildirimi,DKB,https://www.kap.org.tr/tr/Bildirim/1556804
EKGYO,2026-02-13 19:07:15,Özel Durum Açıklaması (Genel),İstanbul Eyüpsultan Kemerburgaz 1. Etap İhalesi 2. Oturum Tarihi,ODA,https://www.kap.org.tr/tr/Bildirim/1556677
ARCLK,2026-02-13 19:06:26,Kredi Derecelendirmesi,Fitch Ratings Kredi Derecelendirme Notu,ODA,https://www.kap.org.tr/tr/Bildirim/1556672
YKBNK,2026-02-13 18:51:47,Kar Payı Dağıtım İşlemlerine İlişkin Bildirim,Kar dağıtımına ilişkin Yönetim Kurulu kararı,ODA,https://www.kap.org.tr/tr/Bildirim/1556665
YKBNK,2026-02-13 18:28:51,Genel Kurul İşlemlerine İlişkin Bildirim,Olağan Genel Kurul Toplantısı ve Genel Kurul Bilgilendirme Notları,ODA,https://www.kap.org.tr/tr/Bildirim/1556650
YKBNK,2026-02-13 18:28:35,Bağımsız Denetim Kuruluşunun Belirlenmesi,Bağımsız Denetim Kuruluşu Seçimi,ODA,https://www.kap.org.tr/tr/Bildirim/1556649
ARCLK,2026-02-13 18:27:10,Özel Durum Açıklaması (Genel),Üst Düzey Yönetici Değişikliği,ODA,https://www.kap.org.tr/tr/Bildirim/1556648
PGSUS,2026-02-13 18:21:52,Özel Durum Açıklaması (Genel),2026 yılı Ocak ayı trafik verileri ve karbon emisyonu istatistikleri ektedir.,ODA,https://www.kap.org.tr/tr/Bildirim/1556641
GARAN,2026-02-13 18:20:23,Özel Durum Açıklaması (Genel),Tahsili Gecikmiş Alacak Portföyü Alımı,ODA,https://www.kap.org.tr/tr/Bildirim/1556636
MGROS,2026-02-13 18:18:46,Özel Durum Açıklaması (Genel),Üst Yönetime yapılan atamalar,ODA,https://www.kap.org.tr/tr/Bildirim/1556630
ARCLK,2026-02-13 18:18:29,Pay Dışında Sermaye Piyasası Aracı İşlemlerine İlişkin Bildirim (Faiz İçeren),TRSARCL52619 ISIN Kodlu Tahvilin 3. Kupon Ödemesi,ODA,https://www.kap.org.tr/tr/Bildirim/1556629
TUPRS,2026-02-13 18:16:20,Genel Kurul İşlemlerine İlişkin Bildirim,Olağan Genel Kurul Daveti ve Bilgilendirme Dokümanı,ODA,https://www.kap.org.tr/tr/Bildirim/1556615
TUPRS,2026-02-13 18:16:07,Özel Durum Açıklaması (Genel),Üst Düzey Yönetici Görev Değişikliği,ODA,https://www.kap.org.tr/tr/Bildirim/1556613
KCHOL,2026-02-13 18:15:17,Özel Durum Açıklaması (Genel),Üst Düzey Yönetici Değişikliği,ODA,https://www.kap.org.tr/tr/Bildirim/1556609
GARAN,2026-02-13 18:13:58,Özel Durum Açıklaması (Genel),Tahsili Gecikmiş Alacak Portföyü Alımı,ODA,https://www.kap.org.tr/tr/Bildirim/1556604
GARAN,2026-02-13 18:13:11,Pay Dışında Sermaye Piyasası Aracı İşlemlerine İlişkin Bildirim (Faiz İçeren),MTN ihracı itfası,ODA,https://www.kap.org.tr/tr/Bildirim/1556601
YKBNK,2026-02-13 18:12:44,Pay Dışında Sermaye Piyasası Aracı İşlemlerine İlişkin Bildirim (Faiz İçeren),Nitelikli yatırımcılara borçlanma aracı ihracı,ODA,https://www.kap.org.tr/tr/Bildirim/1556599
YKBNK,2026-02-13 18:12:21,Pay Dışında Sermaye Piyasası Aracı İşlemlerine İlişkin Bildirim (Faiz İçeren),Nitelikli yatırımcılara borçlanma aracı ihracı,ODA,https://www.kap.org.tr/tr/Bildirim/1556597
VAKBN,2026-02-13 17:48:28,Pay Dışında Sermaye Piyasası Aracı İşlemlerine İlişkin Bildirim (Faiz İçeren),GMTN Programı Çerçevesinde Türkiye Dışında Sürdürülebilir Borçlanma Aracı İhracı SPK Onayı ,ODA,https://www.kap.org.tr/tr/Bildirim/1556577
YKBNK,2026-02-13 17:35:30,Pay Dışında Sermaye Piyasası Aracı İşlemlerine İlişkin Bildirim (Faiz İçeren),Yurtdışında borçlanma aracı ihracının tamamlanması,ODA,https://www.kap.org.tr/tr/Bildirim/1556571
VAKBN,2026-02-13 17:26:50,İhraç Tavanına İlişkin Bildirim,İpotek Teminatlı Menkul Kıymet İhraç Tavanı SPK Onayı ,ODA,https://www.kap.org.tr/tr/Bildirim/1556562
ARCLK,2026-02-13 17:02:25,"Borçlanma Araçları, Yatırım Fonları ve Varant İtfa/Kupon/Getiri/ Nakdi Uzlaşı Ödeme İşlemleri","Borçlanma Araçları, Yatırım Fonları ve Varant İtfa/Kupon/Getiri/Nakdi Uzlaşı Ödeme İşlemleri",DKB,https://www.kap.org.tr/tr/Bildirim/1556538
KONTR,2026-02-13 17:02:25,"Borçlanma Araçları, Yatırım Fonları ve Varant İtfa/Kupon/Getiri/ Nakdi Uzlaşı Ödeme İşlemleri","Borçlanma Araçları, Yatırım Fonları ve Varant İtfa/Kupon/Getiri/Nakdi Uzlaşı Ödeme İşlemleri",DKB,https://www.kap.org.tr/tr/Bildirim/1556538
KONTR,2026-02-13 16:57:43,Özel Durum Açıklaması (Genel),Yönetici Sorumluluk Sigortası Poliçesi Yenilenmesi,ODA,https://www.kap.org.tr/tr/Bildirim/1556537
AKBNK,2026-02-13 16:55:26,Pay Dışında Sermaye Piyasası Aracı İşlemlerine İlişkin Bildirim (Faiz İçeren),Yurtdışı Piyasalara İlave Ana Sermayeye Dâhil Edilebilir Tahvil İhracı,ODA,https://www.kap.org.tr/tr/Bildirim/1556536
SISE,2026-02-13 14:45:12,VİOP İşlem İptali Duyuruları,VİOP İşlem İptali Duyuruları,DKB,https://www.kap.org.tr/tr/Bildirim/1556428
YKBNK,2026-02-13 12:53:23,Pay Dışında Sermaye Piyasası Aracı İşlemlerine İlişkin Bildirim (Faiz İçeren),Yurtdışında ihraç edilen borçlanma aracının itfası,ODA,https://www.kap.org.tr/tr/Bildirim/1556395
AKBNK,2026-02-13 12:20:17,Özel Durum Açıklaması (Genel),İlave Ana Sermaye Tahvil İhracının Fiyatlanması,ODA,https://www.kap.org.tr/tr/Bildirim/1556385
AKBNK,2026-02-13 12:05:47,Özel Durum Açıklaması (Genel),Takipteki Kredi Alacakları Portföyünün Satışı,ODA,https://www.kap.org.tr/tr/Bildirim/1556384
KONTR,2026-02-13 11:11:13,Pay Dışında Sermaye Piyasası Aracı İşlemlerine İlişkin Bildirim (Faiz İçeren),TRFKNTR52615 ISIN Kodlu Finansman Bonosunun 3. Kupon Ödemesi,ODA,https://www.kap.org.tr/tr/Bildirim/1556367
KONTR,2026-02-13 11:11:05,Pay Dışında Sermaye Piyasası Aracı İşlemlerine İlişkin Bildirim (Faiz İçeren),TRSKNTR52618 ISIN Kodlu Tahvilin 7. Kupon Ödemesi,ODA,https://www.kap.org.tr/tr/Bildirim/1556366
AKBNK,2026-02-13 09:31:53,Pay Dışında Sermaye Piyasası Aracı İşlemlerine İlişkin Bildirim (Faiz İçeren),Yurt Dışında İpotek Teminatlı Menkul Kıymet İhracı,ODA,https://www.kap.org.tr/tr/Bildirim/1556325
ARCLK,2026-02-13 09:22:33,Pay Dışında Sermaye Piyasası Aracı İşlemlerine İlişkin Bildirim (Faiz İçeren),TRSARCL52619 ISIN Kodlu Tahvilin 3. Kupon Faiz Oranının Belirlenmesi,ODA,https://www.kap.org.tr/tr/Bildirim/1556320
YKBNK,2026-02-13 08:45:21,Özel Durum Açıklaması (Genel),Tahsili Gecikmiş Alacak Portföyü Alımı,ODA,https://www.kap.org.tr/tr/Bildirim/1556310
EKGYO,2026-02-13 08:16:17,Özel Durum Açıklaması (Genel),İstanbul Tuzla Aydınlı 1. Etap Arsa Satışı Karşılığı Gelir Paylaşımı İşi Sözleşme İmzalanması ,ODA,https://www.kap.org.tr/tr/Bildirim/1556309
FROTO,2026-02-12 18:40:52,Şirket Genel Bilgi Formu,,DG,https://www.kap.org.tr/tr/Bildirim/1556257
KCHOL,2026-02-12 18:15:17,Katılım Finansı İlkeleri Bilgi Formu ,,DG,https://www.kap.org.tr/tr/Bildirim/1556231
KONTR,2026-02-12 18:11:28,Pay Dışında Sermaye Piyasası Aracı İşlemlerine İlişkin Bildirim (Faiz İçeren),TRFKNTR52615 ISIN Kodlu Finansman Bonosunun Kupon Oranının Açıklanması,ODA,https://www.kap.org.tr/tr/Bildirim/1556226
KONTR,2026-02-12 18:11:20,Pay Dışında Sermaye Piyasası Aracı İşlemlerine İlişkin Bildirim (Faiz İçeren),TRSKNTR52618 ISIN Kodlu Tahvile İlişkin Kupon Oranının Açıklanması,ODA,https://www.kap.org.tr/tr/Bildirim/1556225
YKBNK,2026-02-12 18:07:27,Özel Durum Açıklaması (Genel),Tahsili Gecikmiş Alacak Portföyü Alımı,ODA,https://www.kap.org.tr/tr/Bildirim/1556221
ISCTR,2026-02-12 16:47:52,Borsada İşlem Gören Tipe Dönüşüm Duyurusu,DÖNÜŞÜM,DKB,https://www.kap.org.tr/tr/Bildirim/1556168
AKBNK,2026-02-12 11:20:18,Özel Durum Açıklaması (Genel),Yurtdışı Piyasalara İlave Ana Sermaye Tahvil İhracı,ODA,https://www.kap.org.tr/tr/Bildirim/1556045
TUPRS,2026-02-12 09:22:28,Şirket Genel Bilgi Formu,,DG,https://www.kap.org.tr/tr/Bildirim/1555988
TUPRS,2026-02-12 09:20:57,İlişkili Taraf İşlemleri,İlişkili Taraf İşlemlerine İlişkin Rapor,ODA,https://www.kap.org.tr/tr/Bildirim/1555987
AKBNK,2026-02-12 08:53:52,Tertip İhraç Belgesi,Yurt Dışında İTMK İhraç Edilmesine İlişkin SPK Onayı,DG,https://www.kap.org.tr/tr/Bildirim/1555983
AKBNK,2026-02-11 18:43:06,Özel Durum Açıklaması (Genel),"İhale sonrası Devir ve Temlik İşlemlerinin tamamlanması hk.
",ODA,https://www.kap.org.tr/tr/Bildirim/1555940
KCHOL,2026-02-11 18:25:51,Şirket Genel Bilgi Formu,,DG,https://www.kap.org.tr/tr/Bildirim/1555917
KCHOL,2026-02-11 18:25:39,Bağımsız Denetim Kuruluşunun Belirlenmesi,2026 Yılı İçin Bağımsız Denetim Kuruluşu Seçimi,ODA,https://www.kap.org.tr/tr/Bildirim/1555916
KCHOL,2026-02-11 18:25:17,Özel Durum Açıklaması (Genel),Finansal Tabloların Açıklanması,ODA,https://www.kap.org.tr/tr/Bildirim/1555915
TUPRS,2026-02-11 18:24:37,SPK İşlem Yasağı Nedeniyle Pay Duyurusu,SPK İşlem Yasağı Nedeniyle Pay Duyurusu,DKB,https://www.kap.org.tr/tr/Bildirim/1555914
ISCTR,2026-02-11 18:24:37,SPK İşlem Yasağı Nedeniyle Pay Duyurusu,SPK İşlem Yasağı Nedeniyle Pay Duyurusu,DKB,https://www.kap.org.tr/tr/Bildirim/1555914
SASA,2026-02-11 18:24:37,SPK İşlem Yasağı Nedeniyle Pay Duyurusu,SPK İşlem Yasağı Nedeniyle Pay Duyurusu,DKB,https://www.kap.org.tr/tr/Bildirim/1555914
KONTR,2026-02-11 18:24:37,SPK İşlem Yasağı Nedeniyle Pay Duyurusu,SPK İşlem Yasağı Nedeniyle Pay Duyurusu,DKB,https://www.kap.org.tr/tr/Bildirim/1555914
KCHOL,2026-02-11 18:16:15,Sorumluluk Beyanı (Konsolide),Sorumluluk Beyanı,FR,https://www.kap.org.tr/tr/Bildirim/1555904
KCHOL,2026-02-11 18:15:43,Finansal Rapor,,FR,https://www.kap.org.tr/tr/Bildirim/1555903
AKBNK,2026-02-11 18:13:01,Özel Durum Açıklaması (Genel),Tahsili Gecikmiş Alacak Portföyü Alımı - İhaleye Konu Alacakların Devrine Yönelik Sözleşmenin İmza Sürecinin Tamamlanması,ODA,https://www.kap.org.tr/tr/Bildirim/1555898
KONTR,2026-02-11 17:12:53,Yeni İş İlişkisi,Yeni İş İlişkisi,ODA,https://www.kap.org.tr/tr/Bildirim/1555850
ISCTR,2026-02-11 16:03:12,Finansal Takvim,Finansal Takvim (2026 1. Çeyrek),DG,https://www.kap.org.tr/tr/Bildirim/1555810
VAKBN,2026-02-11 15:52:53,Pay Dışında Sermaye Piyasası Aracı İşlemlerine İlişkin Bildirim (Faiz İçeren),Borçlanma Araçlarına İlişkin SPK Başvurusu,ODA,https://www.kap.org.tr/tr/Bildirim/1555802
AKBNK,2026-02-11 14:19:37,Pay Dışında Sermaye Piyasası Aracı İşlemlerine İlişkin Bildirim (Faiz İçeren),XS3147466190 ISIN Kodlu Yurtdışı Piyasalara İhraç Edilen Tahvilin Kupon Ödemesi,ODA,https://www.kap.org.tr/tr/Bildirim/1555705
AKBNK,2026-02-11 14:19:22,Pay Dışında Sermaye Piyasası Aracı İşlemlerine İlişkin Bildirim (Faiz İçeren),XS3147462363 ISIN Kodlu Yurtdışı Piyasalara İhraç Edilen Tahvilin Kupon Ödemesi,ODA,https://www.kap.org.tr/tr/Bildirim/1555704
EKGYO,2026-02-11 13:05:12,Pay Dışında Sermaye Piyasası Aracı İşlemlerine İlişkin Bildirim (Faizsiz),Yurtiçi Kira Sertifikası İtfa ve Getiri Ödemesi,ODA,https://www.kap.org.tr/tr/Bildirim/1555662
EKGYO,2026-02-11 13:04:59,Pay Dışında Sermaye Piyasası Aracı İşlemlerine İlişkin Bildirim (Faizsiz),Yurtiçi Kira Sertifikası İtfa ve Getiri Ödemesi,ODA,https://www.kap.org.tr/tr/Bildirim/1555661
PGSUS,2026-02-24 19:46:28,Genel Kurul İşlemlerine İlişkin Bildirim,2025 Yılına İlişkin Olağan Genel Kurul Toplantısı Çağrısı,ODA,https://www.kap.org.tr/tr/Bildirim/1561109
KCHOL,2026-02-24 18:57:09,Özel Durum Açıklaması (Genel),Bağlı ortaklık yönetim kurulunca temettü dağıtımına ilişkin karar alınması,ODA,https://www.kap.org.tr/tr/Bildirim/1561078
KCHOL,2026-02-24 18:56:54,Sürdürülebilirlik Uyum Raporu,SPK Sürdürülebilirlik İlkeleri Uyum Raporu,DG,https://www.kap.org.tr/tr/Bildirim/1561077
KCHOL,2026-02-24 18:56:38,Kurumsal Yönetim Bilgi Formu,Kurumsal Yönetim Bilgi Formu,DG,https://www.kap.org.tr/tr/Bildirim/1561076
KCHOL,2026-02-24 18:55:20,Kurumsal Yönetim Uyum Raporu,Kurumsal Yönetim Uyum Raporu ,DG,https://www.kap.org.tr/tr/Bildirim/1561075
KCHOL,2026-02-24 18:55:07,Faaliyet Raporu Sorumluluk Beyanı,Sorumluluk Beyanı,FR,https://www.kap.org.tr/tr/Bildirim/1561074
KCHOL,2026-02-24 18:54:55,Faaliyet Raporu (Konsolide),2025 yılı Faaliyet Raporu,FR,https://www.kap.org.tr/tr/Bildirim/1561073
ASELS,2026-02-24 18:39:32,Şirket Genel Bilgi Formu,,DG,https://www.kap.org.tr/tr/Bildirim/1561062
ASELS,2026-02-24 18:39:16,Katılım Finansı İlkeleri Bilgi Formu ,,DG,https://www.kap.org.tr/tr/Bildirim/1561061
ASELS,2026-02-24 18:39:04,Sürdürülebilirlik Uyum Raporu,Sürdürülebilirlik İlkelerine Uyum Beyanı,DG,https://www.kap.org.tr/tr/Bildirim/1561060
ASELS,2026-02-24 18:38:35,Kurumsal Yönetim Bilgi Formu,2025 ASELSAN Kurumsal Yönetim Bilgi Formu,DG,https://www.kap.org.tr/tr/Bildirim/1561059
ASELS,2026-02-24 18:37:21,Kurumsal Yönetim Uyum Raporu,2025 ASELSAN Kurumsal Yönetim Uyum Raporu,DG,https://www.kap.org.tr/tr/Bildirim/1561057
GARAN,2026-02-24 18:37:03,Özel Durum Açıklaması (Genel),"İhale sonrası Devir ve Temlik İşlemlerinin tamamlanması hk.
",ODA,https://www.kap.org.tr/tr/Bildirim/1561056
ASELS,2026-02-24 18:37:01,Geleceğe Dönük Değerlendirmeler,ASELSAN'ın Geleceğe Dönük Beklentileri,ODA,https://www.kap.org.tr/tr/Bildirim/1561055
ASELS,2026-02-24 18:27:48,Sorumluluk Beyanı (Konsolide),24 Şubat 2026 AS011-2026-0001,FR,https://www.kap.org.tr/tr/Bildirim/1561040
ASELS,2026-02-24 18:27:36,Finansal Rapor,,FR,https://www.kap.org.tr/tr/Bildirim/1561039
ASELS,2026-02-24 18:27:13,Faaliyet Raporu (Konsolide),24 Şubat 2026 1293 Sayılı Yönetim Kurulu Kararı,FR,https://www.kap.org.tr/tr/Bildirim/1561038
YKBNK,2026-02-24 18:13:16,Özel Durum Açıklaması (Genel),Tahsili Gecikmiş Alacak Portföyü Alımı - İhaleye Konu Alacakların Devrine Yönelik Sözleşmenin İmza Sürecinin Tamamlanması,ODA,https://www.kap.org.tr/tr/Bildirim/1561009
AKBNK,2026-02-24 18:12:46,Özel Durum Açıklaması (Genel),Tahsili Gecikmiş Alacak Portföyü Alımı,ODA,https://www.kap.org.tr/tr/Bildirim/1561007
EREGL,2026-02-24 18:11:51,Kredi Derecelendirmesi,Fitch Kredi Derecelendirme Notu,ODA,https://www.kap.org.tr/tr/Bildirim/1561004
AKBNK,2026-02-24 17:54:45,Özel Durum Açıklaması (Genel),Rekabet Kurumu Soruşturması Hakkında,ODA,https://www.kap.org.tr/tr/Bildirim/1560986
GARAN,2026-02-24 17:26:39,Özel Durum Açıklaması (Genel),Rekabet Kurulu tarafından başlatılan soruşturma hk.,ODA,https://www.kap.org.tr/tr/Bildirim/1560974
TCELL,2026-02-24 17:25:37,"Borçlanma Araçları, Yatırım Fonları ve Varant İtfa/Kupon/Getiri/ Nakdi Uzlaşı Ödeme İşlemleri","Borçlanma Araçları, Yatırım Fonları ve Varant İtfa/Kupon/Getiri/Nakdi Uzlaşı Ödeme İşlemleri",DKB,https://www.kap.org.tr/tr/Bildirim/1560973
TCELL,2026-02-24 15:25:56,Şirket Genel Bilgi Formu,,DG,https://www.kap.org.tr/tr/Bildirim/1560899
TCELL,2026-02-24 15:25:28,Pay Dışında Sermaye Piyasası Aracı İşlemlerine İlişkin Bildirim (Faiz İçeren),TRFTCEL22617 Finansman Bonosu İtfası,ODA,https://www.kap.org.tr/tr/Bildirim/1560897
ISCTR,2026-02-24 14:11:09,Özel Durum Açıklaması (Genel),Rekabet Kurulunca Açılan Soruşturma Hakkında,ODA,https://www.kap.org.tr/tr/Bildirim/1560839
HALKB,2026-02-24 11:29:00,Pay Dışında Sermaye Piyasası Aracı İşlemlerine İlişkin Bildirim (Faiz İçeren),Yurtiçinde Nitelikli Yatırımcılara Sermaye Benzeri Tahvil Kupon İtfası,ODA,https://www.kap.org.tr/tr/Bildirim/1560796
YKBNK,2026-02-24 09:15:35,Özel Durum Açıklaması (Genel),Rekabet Kurulu tarafından soruşturma açılması,ODA,https://www.kap.org.tr/tr/Bildirim/1560719
EKGYO,2026-02-24 08:30:06,Özel Durum Açıklaması (Genel),İstanbul Ataşehir Kayışdağı Yer Teslimi,ODA,https://www.kap.org.tr/tr/Bildirim/1560707
EKGYO,2026-02-24 08:29:20,Özel Durum Açıklaması (Genel),İzmir Bayraklı 1. Etap Sözleşme İmzalanması,ODA,https://www.kap.org.tr/tr/Bildirim/1560706
ARCLK,2026-02-23 19:38:26,Şirket Genel Bilgi Formu,,DG,https://www.kap.org.tr/tr/Bildirim/1560629
GUBRF,2026-02-23 17:39:42,Pay Bazında Devre Kesici Bildirimi,GUBRF.E işlem sırasında Pay Bazında Devre Kesici Uygulaması devreye girmiştir,DKB,https://www.kap.org.tr/tr/Bildirim/1560519
GARAN,2026-02-23 17:27:14,Özel Durum Açıklaması (Genel),Tahsili Gecikmiş Alacak Portföyü Alımı - İhaleye Konu Alacakların Devrine Yönelik Sözleşmenin İmza Sürecinin Tamamlanması,ODA,https://www.kap.org.tr/tr/Bildirim/1560509
HALKB,2026-02-23 17:05:49,Pay Dışında Sermaye Piyasası Aracı İşlemlerine İlişkin Bildirim (Faiz İçeren),Yurtiçinde Nitelikli Yatırımcılara Sermaye Benzeri Tahvil Kupon Oranı,ODA,https://www.kap.org.tr/tr/Bildirim/1560490
YKBNK,2026-02-23 13:43:56,Pay Dışında Sermaye Piyasası Aracı İşlemlerine İlişkin Bildirim (Faiz İçeren),Yurtdışında ihraç edilen borçlanma aracının itfası,ODA,https://www.kap.org.tr/tr/Bildirim/1560259
EKGYO,2026-02-23 13:22:00,Özel Durum Açıklaması (Genel),İzmir Çeşme Musalla 1. Etap Arsa Satışı Karşılığı Gelir Paylaşımı İşi Sözleşme İmzalanması,ODA,https://www.kap.org.tr/tr/Bildirim/1560254
AKBNK,2026-02-23 09:53:27,İhraç Tavanına İlişkin Bildirim,Yurt Dışında İpotek Teminatlı Menkul Kıymet İhraç Edilmesi İçin Genel Müdürlüğe Yetki Verilmesi,ODA,https://www.kap.org.tr/tr/Bildirim/1560133
SISE,2026-02-23 08:21:24,Özel Durum Açıklaması (Genel),7C Basalia Global AG ortaklık sürecinin sonlandırılması,ODA,https://www.kap.org.tr/tr/Bildirim/1560092
KONTR,2026-02-22 16:45:38,Katılım Finansı İlkeleri Bilgi Formu ,,DG,https://www.kap.org.tr/tr/Bildirim/1560091
BIMAS,2026-02-20 23:21:01,Şirket Genel Bilgi Formu,,DG,https://www.kap.org.tr/tr/Bildirim/1560077
BIMAS,2026-02-20 23:20:36,Esas Sözleşme Tadili,Bedelsiz sermaye artırımına ilişkin esas sözleşme tadil tasarısı,ODA,https://www.kap.org.tr/tr/Bildirim/1560076
BIMAS,2026-02-20 23:20:24,Sermaye Artırımı - Azaltımı İşlemlerine İlişkin Bildirim,İç Kaynaklardan Bedelsiz Sermaye Artırımına ilişkin Yönetim Kurulu Kararı,ODA,https://www.kap.org.tr/tr/Bildirim/1560075
HALKB,2026-02-20 19:27:20,Sorumluluk Beyanı (Konsolide),T. HALK BANKASI AŞ KONSOLİDE SORUMLULUK BEYANI 31.12.2025,FR,https://www.kap.org.tr/tr/Bildirim/1560032
HALKB,2026-02-20 19:27:10,Finansal Rapor,,FR,https://www.kap.org.tr/tr/Bildirim/1560031
HALKB,2026-02-20 19:14:21,Sorumluluk Beyanı (Konsolide Olmayan),T. HALK BANKASI AŞ KONSOLİDE OLMAYAN SORUMLULUK BEYANI 31.12.2025,FR,https://www.kap.org.tr/tr/Bildirim/1560027
HALKB,2026-02-20 19:14:08,Finansal Rapor,,FR,https://www.kap.org.tr/tr/Bildirim/1560026
MGROS,2026-02-20 18:57:12,Şirket Genel Bilgi Formu,,DG,https://www.kap.org.tr/tr/Bildirim/1560018
KONTR,2026-02-20 18:13:11,İhraç Belgesi,Borçlanma Aracı Tavanı Başvurusu Sonucu Onaylı İhraç Belgesi ve Eki,DG,https://www.kap.org.tr/tr/Bildirim/1559869
KONTR,2026-02-20 18:11:38,İhraç Tavanına İlişkin Bildirim,Borçlanma Aracı İhraç Belgesinin Onaylanması,ODA,https://www.kap.org.tr/tr/Bildirim/1559850
AKBNK,2026-02-20 17:35:26,Pay Dışında Sermaye Piyasası Aracı İşlemlerine İlişkin Bildirim (Faiz İçeren),XS3156336136 ISIN Kodlu Yurtdışı Piyasalara İhraç Edilen Tahvilin Kupon Ödemesi,ODA,https://www.kap.org.tr/tr/Bildirim/1559766
ISCTR,2026-02-20 17:08:38,Şirket Genel Bilgi Formu,,DG,https://www.kap.org.tr/tr/Bildirim/1559749
YKBNK,2026-02-20 15:35:58,Pay Dışında Sermaye Piyasası Aracı İşlemlerine İlişkin Bildirim (Faiz İçeren),Yurtdışında ihraç edilen borçlanma aracının itfası,ODA,https://www.kap.org.tr/tr/Bildirim/1559665
YKBNK,2026-02-20 15:35:41,Pay Dışında Sermaye Piyasası Aracı İşlemlerine İlişkin Bildirim (Faiz İçeren),Yurtdışında ihraç edilen borçlanma aracının itfası,ODA,https://www.kap.org.tr/tr/Bildirim/1559664
SASA,2026-02-20 15:30:42,Pay Alım Satım Bildirimi,Pay Alım Satım Bildirimi,DKB,https://www.kap.org.tr/tr/Bildirim/1559662
SASA,2026-02-20 14:31:04,Pay Bazında Devre Kesici Bildirimi,SASA.E işlem sırasında Pay Bazında Devre Kesici Uygulaması devreye girmiştir,DKB,https://www.kap.org.tr/tr/Bildirim/1559632
ODAS,2026-02-20 13:33:22,Kurumsal Yönetim İlkelerine Uyum Derecelendirmesi,"
Kurumsal Yönetim İlkelerine Uyum Derecelendirme Sözleşmesi",ODA,https://www.kap.org.tr/tr/Bildirim/1559599
EKGYO,2026-02-20 11:54:51,Özel Durum Açıklaması (Genel),İstanbul Eyüpsultan Kemerburgaz 1. Etap İhalesi 2. Oturum Sonucu,ODA,https://www.kap.org.tr/tr/Bildirim/1559574
VAKBN,2026-02-20 10:22:06,Pay Dışında Sermaye Piyasası Aracı İşlemlerine İlişkin Bildirim (Faiz İçeren),GMTN Programı Çerçevesinde Türkiye Dışında Borçlanma Aracı İhracı SPK Onayı,ODA,https://www.kap.org.tr/tr/Bildirim/1559539
SISE,2026-02-20 08:09:13,Maddi Duran Varlık Satımı,Paşabahçe Gayrimenkullerinin Satışı Hk.,ODA,https://www.kap.org.tr/tr/Bildirim/1559473
KONTR,2026-02-20 00:18:32,Şirket Genel Bilgi Formu,,DG,https://www.kap.org.tr/tr/Bildirim/1559459
ARCLK,2026-02-19 22:00:28,Sürdürülebilirlik Uyum Raporu,Sürdürülebilirlik İlkeleri Uyum Raporu 2025,DG,https://www.kap.org.tr/tr/Bildirim/1559430
TAVHL,2026-02-19 21:50:52,Kredi Derecelendirmesi,Kredi Derecelendirmesi / Fitch,ODA,https://www.kap.org.tr/tr/Bildirim/1559421
AKBNK,2026-02-19 19:15:01,Pay Dışında Sermaye Piyasası Aracı İşlemlerine İlişkin Bildirim (Faiz İçeren),Yurtdışı Piyasalara İlave Ana Sermayeye Dâhil Edilebilir Tahvil İhracının Tamamlanması,ODA,https://www.kap.org.tr/tr/Bildirim/1559376
AKBNK,2026-02-19 19:14:46,Pay Dışında Sermaye Piyasası Aracı İşlemlerine İlişkin Bildirim (Faiz İçeren),Yurtdışı Piyasalara İlave Ana Sermayeye Dâhil Edilebilir Tahvil İhracının Tamamlanması,ODA,https://www.kap.org.tr/tr/Bildirim/1559375
YKBNK,2026-02-19 18:23:54,Ortaklık Aleyhine Dava Açılması veya Davaya İlişkin Gelişmeler,Genel Kurul kararı aleyhine açılan davanın reddi,ODA,https://www.kap.org.tr/tr/Bildirim/1559325
KCHOL,2026-02-19 18:15:29,Genel Kurul İşlemlerine İlişkin Bildirim,Olağan Genel Kurul Daveti ve Bilgilendirme Dokümanı,ODA,https://www.kap.org.tr/tr/Bildirim/1559308
KCHOL,2026-02-19 18:15:12,Kar Payı Dağıtım İşlemlerine İlişkin Bildirim,Kâr Payı Dağıtımına İlişkin Yönetim Kurulu Kararı,ODA,https://www.kap.org.tr/tr/Bildirim/1559307
GARAN,2026-02-19 18:13:05,Özel Durum Açıklaması (Genel),Tahsili gecikmiş alacak portföy satışı hk. ,ODA,https://www.kap.org.tr/tr/Bildirim/1559303
KONTR,2026-02-19 18:11:59,Özel Durum Açıklaması (Genel),Yönetim Kurulu Üyesi Değişikliği Hakkında,ODA,https://www.kap.org.tr/tr/Bildirim/1559299
KRDMD,2026-02-19 17:43:29,Pay Bazında Devre Kesici Bildirimi,KRDMD.E işlem sırasında Pay Bazında Devre Kesici Uygulaması devreye girmiştir,DKB,https://www.kap.org.tr/tr/Bildirim/1559259
TKFEN,2026-02-19 17:41:49,Pay Bazında Devre Kesici Bildirimi,TKFEN.E işlem sırasında Pay Bazında Devre Kesici Uygulaması devreye girmiştir,DKB,https://www.kap.org.tr/tr/Bildirim/1559253
SASA,2026-02-19 17:41:29,Pay Bazında Devre Kesici Bildirimi,SASA.E işlem sırasında Pay Bazında Devre Kesici Uygulaması devreye girmiştir,DKB,https://www.kap.org.tr/tr/Bildirim/1559249
AKBNK,2026-02-19 17:40:40,Pay Bazında Devre Kesici Bildirimi,AKBNK.E işlem sırasında Pay Bazında Devre Kesici Uygulaması devreye girmiştir,DKB,https://www.kap.org.tr/tr/Bildirim/1559241
CIMSA,2026-02-19 17:19:45,Pay Bazında Devre Kesici Bildirimi,CIMSA.E işlem sırasında Pay Bazında Devre Kesici Uygulaması devreye girmiştir,DKB,https://www.kap.org.tr/tr/Bildirim/1559208
ARCLK,2026-02-19 16:54:22,Pay Bazında Devre Kesici Bildirimi,ARCLK.E işlem sırasında Pay Bazında Devre Kesici Uygulaması devreye girmiştir,DKB,https://www.kap.org.tr/tr/Bildirim/1559175
THYAO,2026-02-19 16:52:20,Pay Bazında Devre Kesici Bildirimi,THYAO.E işlem sırasında Pay Bazında Devre Kesici Uygulaması devreye girmiştir,DKB,https://www.kap.org.tr/tr/Bildirim/1559166
SAHOL,2026-02-19 16:42:11,Pay Bazında Devre Kesici Bildirimi,SAHOL.E işlem sırasında Pay Bazında Devre Kesici Uygulaması devreye girmiştir,DKB,https://www.kap.org.tr/tr/Bildirim/1559144
PETKM,2026-02-19 16:29:18,Pay Bazında Devre Kesici Bildirimi,PETKM.E işlem sırasında Pay Bazında Devre Kesici Uygulaması devreye girmiştir,DKB,https://www.kap.org.tr/tr/Bildirim/1559127
ODAS,2026-02-19 14:41:19,Pay Bazında Devre Kesici Bildirimi,ODAS.E işlem sırasında Pay Bazında Devre Kesici Uygulaması devreye girmiştir,DKB,https://www.kap.org.tr/tr/Bildirim/1558984
TAVHL,2026-02-19 13:54:42,Pay Bazında Devre Kesici Bildirimi,TAVHL.E işlem sırasında Pay Bazında Devre Kesici Uygulaması devreye girmiştir,DKB,https://www.kap.org.tr/tr/Bildirim/1558903
KRDMD,2026-02-19 13:37:47,Pay Alım Satım Bildirimi,Pay Alım Satım Bildirimi,DKB,https://www.kap.org.tr/tr/Bildirim/1558887
VAKBN,2026-02-19 12:10:36,Pay Dışında Sermaye Piyasası Aracı İşlemlerine İlişkin Bildirim (Faiz İçeren),Borçlanma Araçlarına İlişkin Faiz Açıklaması,ODA,https://www.kap.org.tr/tr/Bildirim/1558831
VAKBN,2026-02-19 12:09:19,İzahname-Özet (SPK Tarafından Onaylanan),İzahname- Özet,DG,https://www.kap.org.tr/tr/Bildirim/1558829
VAKBN,2026-02-19 12:08:50,İzahname-Sermaye Piyasası Aracı Notu (SPK Tarafından Onaylanan),İzahname- Sermaye Piyasası Aracı Notu,DG,https://www.kap.org.tr/tr/Bildirim/1558826
VAKBN,2026-02-19 12:08:17,İzahname-İhraççı Bİlgi Dokümanı (SPK Tarafından Onaylanan),İzahname- İhraççı Bilgi Dokümanı,DG,https://www.kap.org.tr/tr/Bildirim/1558823
ISCTR,2026-02-19 11:51:56,Pay Dışında Sermaye Piyasası Aracı İşlemlerine İlişkin Bildirim (Faiz İçeren),Nitelikli Yatırımcılara Finansman Bonosu Satışının Tamamlanması,ODA,https://www.kap.org.tr/tr/Bildirim/1558809
ISCTR,2026-02-19 11:15:13,Pay Bazında Devre Kesici Bildirimi,ISCTR.E işlem sırasında Pay Bazında Devre Kesici Uygulaması devreye girmiştir,DKB,https://www.kap.org.tr/tr/Bildirim/1558786
YKBNK,2026-02-19 11:14:47,Pay Bazında Devre Kesici Bildirimi,YKBNK.E işlem sırasında Pay Bazında Devre Kesici Uygulaması devreye girmiştir,DKB,https://www.kap.org.tr/tr/Bildirim/1558784
ISCTR,2026-02-19 09:59:31,Pay Dışında Sermaye Piyasası Aracı İşlemlerine İlişkin Bildirim (Faiz İçeren),Nitelikli Yatırımcılara Finansman Bonosu Satışının Tamamlanması,ODA,https://www.kap.org.tr/tr/Bildirim/1558726
SASA,2026-02-19 09:20:38,Pay Alım Satım Bildirimi,Pay Alım Satım Bildirimi,DKB,https://www.kap.org.tr/tr/Bildirim/1558704
ARCLK,2026-02-19 08:31:04,Kurumsal Yönetim Uyum Raporu,Kurumsal Yönetim Uyum Raporu,DG,https://www.kap.org.tr/tr/Bildirim/1558679
ARCLK,2026-02-19 08:30:14,Kurumsal Yönetim Bilgi Formu,Kurumsal Yönetim Bilgi Formu,DG,https://www.kap.org.tr/tr/Bildirim/1558678
ARCLK,2026-02-19 08:24:31,Faaliyet Raporu Sorumluluk Beyanı,2025 yılı Faaliyet Raporu Sorumluluk Beyanı,FR,https://www.kap.org.tr/tr/Bildirim/1558677
ARCLK,2026-02-19 08:05:03,Faaliyet Raporu (Konsolide),2025 yılı Faaliyet Raporu,FR,https://www.kap.org.tr/tr/Bildirim/1558676
ARCLK,2026-02-19 07:59:23,Genel Kurul İşlemlerine İlişkin Bildirim,Olağan Genel Kurul Daveti ve Bilgilendirme Dokümanı,ODA,https://www.kap.org.tr/tr/Bildirim/1558675
ARCLK,2026-02-19 07:59:06,Kar Payı Dağıtım İşlemlerine İlişkin Bildirim,Şirket Yönetim Kurulu'nun Kar Payı Dağıtım Önerisi,ODA,https://www.kap.org.tr/tr/Bildirim/1558674
ARCLK,2026-02-19 07:58:51,İlişkili Taraf İşlemleri,İlişkili Taraf İşlemlerine İlişkin Rapor,ODA,https://www.kap.org.tr/tr/Bildirim/1558673
CIMSA,2026-02-19 07:32:36,Şirket Genel Bilgi Formu,,DG,https://www.kap.org.tr/tr/Bildirim/1558672
FROTO,2026-02-18 23:55:09,Faaliyet Raporu Sorumluluk Beyanı,Faaliyet Raporu Sorumluluk Beyanı - 2025,FR,https://www.kap.org.tr/tr/Bildirim/1558665
FROTO,2026-02-18 23:53:59,Sürdürülebilirlik Uyum Raporu,Sürdürülebilirlik Uyum Raporu,DG,https://www.kap.org.tr/tr/Bildirim/1558664
FROTO,2026-02-18 23:53:15,Kurumsal Yönetim Bilgi Formu,Kurumsal Yönetim Bilgi Formu,DG,https://www.kap.org.tr/tr/Bildirim/1558663
FROTO,2026-02-18 23:51:56,Kurumsal Yönetim Uyum Raporu,Kurumsal Yönetim Uyum Raporu,DG,https://www.kap.org.tr/tr/Bildirim/1558662
FROTO,2026-02-18 23:50:10,Faaliyet Raporu (Konsolide),2025 Yılı Faaliyet Raporu,FR,https://www.kap.org.tr/tr/Bildirim/1558661
YKBNK,2026-02-18 19:59:13,Entegre Rapor,2025 yılı Entegre Faaliyet Raporu,FR,https://www.kap.org.tr/tr/Bildirim/1558609
YKBNK,2026-02-18 19:59:03,Faaliyet Raporu Sorumluluk Beyanı,Faaliyet Raporu Sorumluluk Beyanı,FR,https://www.kap.org.tr/tr/Bildirim/1558608
YKBNK,2026-02-18 19:58:54,Faaliyet Raporu (Konsolide),Yapı ve Kredi Bankası A.Ş. 2025 Entegre Faaliyet Raporu,FR,https://www.kap.org.tr/tr/Bildirim/1558607
YKBNK,2026-02-18 18:52:57,Sürdürülebilirlik Uyum Raporu,2025 yılı Sürdürülebilirlik İlkeleri Uyum Raporu,DG,https://www.kap.org.tr/tr/Bildirim/1558546
YKBNK,2026-02-18 18:51:53,Kurumsal Yönetim Bilgi Formu,Kurumsal Yönetim Bilgi Formu,DG,https://www.kap.org.tr/tr/Bildirim/1558545
YKBNK,2026-02-18 18:50:09,Kurumsal Yönetim Uyum Raporu,Kurumsal Yönetim Uyum Raporu,DG,https://www.kap.org.tr/tr/Bildirim/1558544
TAVHL,2026-02-18 18:22:28,Katılım Finansı İlkeleri Bilgi Formu ,,DG,https://www.kap.org.tr/tr/Bildirim/1558517
KRDMD,2026-02-18 18:12:32,Pay Alım Satım Bildirimi,"Pay Alım Satım Bildirimi

",DKB,https://www.kap.org.tr/tr/Bildirim/1558493
THYAO,2026-02-18 18:12:00,Payların Geri Alınmasına İlişkin Bildirim,18.02.2026 Tarihli Hisse Geri Alım İşlemleri Hakkında Bildirim,ODA,https://www.kap.org.tr/tr/Bildirim/1558492
TAVHL,2026-02-18 18:08:20,Pay Alım Satım Bildirimi,"Pay Alım Satım Bildirimi
",DKB,https://www.kap.org.tr/tr/Bildirim/1558489
KRDMD,2026-02-18 17:56:17,Bağımsız Denetim Kuruluşunun Belirlenmesi,Bağımsız Denetim Kuruluşunun Belirlenmesi hk.,ODA,https://www.kap.org.tr/tr/Bildirim/1558479
TAVHL,2026-02-18 17:47:44,Pay Bazında Devre Kesici Bildirimi,TAVHL.E işlem sırasında Pay Bazında Devre Kesici Uygulaması devreye girmiştir,DKB,https://www.kap.org.tr/tr/Bildirim/1558447
PGSUS,2026-02-18 17:39:00,Pay Bazında Devre Kesici Bildirimi,PGSUS.E işlem sırasında Pay Bazında Devre Kesici Uygulaması devreye girmiştir,DKB,https://www.kap.org.tr/tr/Bildirim/1558436
GARAN,2026-02-18 17:33:10,Şirket Genel Bilgi Formu,,DG,https://www.kap.org.tr/tr/Bildirim/1558425
THYAO,2026-02-18 15:56:38,Pay Bazında Devre Kesici Bildirimi,THYAO.E işlem sırasında Pay Bazında Devre Kesici Uygulaması devreye girmiştir,DKB,https://www.kap.org.tr/tr/Bildirim/1558246
TAVHL,2026-02-18 01:10:23,Geleceğe Dönük Değerlendirmeler,2026 Beklentileri (Düzeltme),ODA,https://www.kap.org.tr/tr/Bildirim/1558045
TAVHL,2026-02-18 00:37:59,Özel Durum Açıklaması (Genel),2025 Yılı Finansalları,ODA,https://www.kap.org.tr/tr/Bildirim/1558035
TAVHL,2026-02-18 00:35:41,Geleceğe Dönük Değerlendirmeler,2026 Beklentileri ,ODA,https://www.kap.org.tr/tr/Bildirim/1558034
TAVHL,2026-02-18 00:30:16,Kar Payı Dağıtım İşlemlerine İlişkin Bildirim,2025 Yılı Kâr Payı Dağıtımı,ODA,https://www.kap.org.tr/tr/Bildirim/1558033
TAVHL,2026-02-18 00:05:15,Sorumluluk Beyanı (Konsolide),TAVHL Sorumluluk Beyanı,FR,https://www.kap.org.tr/tr/Bildirim/1558026
TAVHL,2026-02-18 00:05:00,Finansal Rapor,,FR,https://www.kap.org.tr/tr/Bildirim/1558025
VAKBN,2026-03-03 20:08:48,Kurumsal Yönetim Uyum Raporu,Kurumsal Yönetim Uyum Raporu,DG,https://www.kap.org.tr/tr/Bildirim/1565269
VAKBN,2026-03-03 20:08:41,Sürdürülebilirlik Uyum Raporu,Sürdürülebilirlik Uyum Raporu,DG,https://www.kap.org.tr/tr/Bildirim/1565268
VAKBN,2026-03-03 20:08:31,Kurumsal Yönetim Bilgi Formu,Kurumsal Yönetim Bilgi Formu,DG,https://www.kap.org.tr/tr/Bildirim/1565267
VAKBN,2026-03-03 20:03:03,Faaliyet Raporu Sorumluluk Beyanı,2025 Yılı Entegre Faaliyet Raporu Sorumluluk Beyanı,FR,https://www.kap.org.tr/tr/Bildirim/1565261
VAKBN,2026-03-03 20:02:41,Faaliyet Raporu (Konsolide),2025 Yılı Entegre Faaliyet Raporu,FR,https://www.kap.org.tr/tr/Bildirim/1565260
YKBNK,2026-03-03 19:13:58,Pay Dışında Sermaye Piyasası Aracı İşlemlerine İlişkin Bildirim (Faiz İçeren),Yurtdışında borçlanma aracı ihracının tamamlanması,ODA,https://www.kap.org.tr/tr/Bildirim/1565231
YKBNK,2026-03-03 19:13:45,Pay Dışında Sermaye Piyasası Aracı İşlemlerine İlişkin Bildirim (Faiz İçeren),Yurtdışında borçlanma aracı ihracının tamamlanması,ODA,https://www.kap.org.tr/tr/Bildirim/1565230
YKBNK,2026-03-03 19:03:57,Şirket Genel Bilgi Formu,,DG,https://www.kap.org.tr/tr/Bildirim/1565222
AKBNK,2026-03-03 18:40:39,Pay Dışında Sermaye Piyasası Aracı İşlemlerine İlişkin Bildirim (Faiz İçeren),XS2958390408 ISIN Kodlu Yeşil/Sürdürülebilir Temalı Tahvilin İtfası,ODA,https://www.kap.org.tr/tr/Bildirim/1565198
GUBRF,2026-03-03 18:35:23,Özel Durum Açıklaması (Genel),Bağlı Ortaklığımızın TİS Görüşmeleri Hk.,ODA,https://www.kap.org.tr/tr/Bildirim/1565190
EREGL,2026-03-03 18:14:54,Kar Payı Dağıtım İşlemlerine İlişkin Bildirim,Kar Payı Dağıtımına İlişkin Yönetim Kurulu Kararı,ODA,https://www.kap.org.tr/tr/Bildirim/1565152
EREGL,2026-03-03 18:14:40,Genel Kurul İşlemlerine İlişkin Bildirim,Olağan Genel Kurul Toplantısı Duyurusu ve Bilgilendirme Dokümanı,ODA,https://www.kap.org.tr/tr/Bildirim/1565150
KONTR,2026-03-03 18:11:35,Sermaye Artırımından Elde Edilecek - Edilen Fonun Kullanımına İlişkin Rapor,Bedelli Sermaye Artırımından Elde Edilen Fonun Kullanımına İlişkin Rapor,DG,https://www.kap.org.tr/tr/Bildirim/1565136
YKBNK,2026-03-03 17:43:11,Pay Bazında Devre Kesici Bildirimi,YKBNK.E işlem sırasında Pay Bazında Devre Kesici Uygulaması devreye girmiştir,DKB,https://www.kap.org.tr/tr/Bildirim/1565116
HALKB,2026-03-03 17:33:08,Pay Bazında Devre Kesici Bildirimi,HALKB.E işlem sırasında Pay Bazında Devre Kesici Uygulaması devreye girmiştir,DKB,https://www.kap.org.tr/tr/Bildirim/1565100
ISCTR,2026-03-03 17:26:30,Pay Bazında Devre Kesici Bildirimi,ISCTR.E işlem sırasında Pay Bazında Devre Kesici Uygulaması devreye girmiştir,DKB,https://www.kap.org.tr/tr/Bildirim/1565092
GARAN,2026-03-03 17:24:51,Pay Bazında Devre Kesici Bildirimi,GARAN.E işlem sırasında Pay Bazında Devre Kesici Uygulaması devreye girmiştir,DKB,https://www.kap.org.tr/tr/Bildirim/1565091
HALKB,2026-03-03 17:24:11,"Borçlanma Araçları, Yatırım Fonları ve Varant İtfa/Kupon/Getiri/ Nakdi Uzlaşı Ödeme İşlemleri","Borçlanma Araçları, Yatırım Fonları ve Varant İtfa/Kupon/Getiri/ Nakdi Uzlaşı Ödeme İşlemleri",DKB,https://www.kap.org.tr/tr/Bildirim/1565090
SISE,2026-03-03 17:24:11,"Borçlanma Araçları, Yatırım Fonları ve Varant İtfa/Kupon/Getiri/ Nakdi Uzlaşı Ödeme İşlemleri","Borçlanma Araçları, Yatırım Fonları ve Varant İtfa/Kupon/Getiri/ Nakdi Uzlaşı Ödeme İşlemleri",DKB,https://www.kap.org.tr/tr/Bildirim/1565090
YKBNK,2026-03-03 16:46:51,Pay Dışında Sermaye Piyasası Aracı İşlemlerine İlişkin Bildirim (Faiz İçeren),Yurtdışında mavi tahvil ihracının tamamlanması,ODA,https://www.kap.org.tr/tr/Bildirim/1565063
YKBNK,2026-03-03 16:46:28,Pay Dışında Sermaye Piyasası Aracı İşlemlerine İlişkin Bildirim (Faiz İçeren),Yurtdışında mavi tahvil ihracının tamamlanması,ODA,https://www.kap.org.tr/tr/Bildirim/1565062
VAKBN,2026-03-03 13:53:53,Pay Bazında Devre Kesici Bildirimi,VAKBN.E işlem sırasında Pay Bazında Devre Kesici Uygulaması devreye girmiştir,DKB,https://www.kap.org.tr/tr/Bildirim/1564910
SISE,2026-03-03 13:20:29,Pay Dışında Sermaye Piyasası Aracı İşlemlerine İlişkin Bildirim (Faiz İçeren),TRSSISE32613 ISIN Kodlu Tahvilin Kupon Ödemesi ve İtfası,ODA,https://www.kap.org.tr/tr/Bildirim/1564900
EREGL,2026-03-03 13:19:15,Pay Bazında Devre Kesici Bildirimi,EREGL.E işlem sırasında Pay Bazında Devre Kesici Uygulaması devreye girmiştir,DKB,https://www.kap.org.tr/tr/Bildirim/1564899
KRDMD,2026-03-03 12:56:04,Pay Bazında Devre Kesici Bildirimi,KRDMD.E işlem sırasında Pay Bazında Devre Kesici Uygulaması devreye girmiştir,DKB,https://www.kap.org.tr/tr/Bildirim/1564890
HALKB,2026-03-03 11:44:34,Pay Dışında Sermaye Piyasası Aracı İşlemlerine İlişkin Bildirim (Faiz İçeren),Yurtiçinde Nitelikli Yatırımcılara Sermaye Benzeri Tahvil Kupon İtfası,ODA,https://www.kap.org.tr/tr/Bildirim/1564837
ASELS,2026-03-03 11:41:04,Pay Bazında Devre Kesici Bildirimi,ASELS.E işlem sırasında Pay Bazında Devre Kesici Uygulaması devreye girmiştir,DKB,https://www.kap.org.tr/tr/Bildirim/1564836
TAVHL,2026-03-03 10:10:55,Genel Kurul İşlemlerine İlişkin Bildirim,2025 Olağan Genel Kurul Toplantısı,ODA,https://www.kap.org.tr/tr/Bildirim/1564790
AKBNK,2026-03-02 21:12:31,Genel Kurul İşlemlerine İlişkin Bildirim,2025 yılı Olağan Genel Kurul Toplantısı Bilgilendirme Dokümanı.,ODA,https://www.kap.org.tr/tr/Bildirim/1564369
AKBNK,2026-03-02 21:10:08,Faaliyet Raporu Sorumluluk Beyanı,31-12-2025 Akbank Entegre Faaliyet Raporu Sorumluluk Beyanı,FR,https://www.kap.org.tr/tr/Bildirim/1564366
AKBNK,2026-03-02 21:09:51,Faaliyet Raporu (Konsolide),31-12-2025 Akbank Entegre Faaliyet Raporu,FR,https://www.kap.org.tr/tr/Bildirim/1564365
TAVHL,2026-03-02 18:50:36,Bağımsız Denetim Kuruluşunun Belirlenmesi,Bağımsız Denetçi Seçimi,ODA,https://www.kap.org.tr/tr/Bildirim/1564113
AKBNK,2026-03-02 18:21:39,Kurumsal Yönetim Bilgi Formu,01/01/2025 - 31/12/2025 Dönemine Ait Kurumsal Yönetim Bilgi Formu,DG,https://www.kap.org.tr/tr/Bildirim/1563977
AKBNK,2026-03-02 18:20:07,Kurumsal Yönetim Uyum Raporu,01/01/2025 - 31/12/2025 Dönemine Ait Kurumsal Yönetim Uyum Raporu.,DG,https://www.kap.org.tr/tr/Bildirim/1563963
AKBNK,2026-03-02 18:19:54,Sürdürülebilirlik Uyum Raporu,2025 Dönemine Ait Sürdürülebilirlik Uyum Raporu.,DG,https://www.kap.org.tr/tr/Bildirim/1563959
ISCTR,2026-03-02 18:14:40,Bağımsız Denetim Kuruluşunun Belirlenmesi,Bağımsız Denetim Kuruluşunun Belirlenmesi,ODA,https://www.kap.org.tr/tr/Bildirim/1563915
EREGL,2026-03-02 18:12:46,Özel Durum Açıklaması (Genel),Olağan Genel Kurul Toplantısı'nda Aday Gösterilecek Bağımsız Yönetim Kurulu Üyeleri,ODA,https://www.kap.org.tr/tr/Bildirim/1563894
HALKB,2026-03-02 18:06:06,Pay Dışında Sermaye Piyasası Aracı İşlemlerine İlişkin Bildirim (Faiz İçeren),Yurtiçinde Nitelikli Yatırımcılara Sermaye Benzeri Tahvil Kupon Oranı,ODA,https://www.kap.org.tr/tr/Bildirim/1563861
EKGYO,2026-03-02 18:01:00,Finansal Duran Varlık Edinimi,Varlık Kiralama Şirketi Kuruluşu Hakkında,ODA,https://www.kap.org.tr/tr/Bildirim/1563857
YKBNK,2026-03-02 17:36:23,Borçlanma Araçlarının / Kira Sertifikalarının İşlem Görmeye Başlaması,Borçlanma Araçlarının / Kira Sertifikalarının İşlem Görmeye Başlaması,DKB,https://www.kap.org.tr/tr/Bildirim/1563820
YKBNK,2026-03-02 17:24:53,Pay Dışında Sermaye Piyasası Aracı İşlemlerine İlişkin Bildirim (Faiz İçeren),Yurtdışında borçlanma aracı ihracının tamamlanması,ODA,https://www.kap.org.tr/tr/Bildirim/1563681
MGROS,2026-03-02 17:22:43,Borsada İşlem Gören Tipe Dönüşüm Duyurusu,DÖNÜŞÜM,DKB,https://www.kap.org.tr/tr/Bildirim/1563677
SISE,2026-03-02 17:00:05,Pay Dışında Sermaye Piyasası Aracı İşlemlerine İlişkin Bildirim (Faiz İçeren),TRSSISE32613 ISIN Kodlu Tahvilin 8. Kupon Oranı,ODA,https://www.kap.org.tr/tr/Bildirim/1563650
EKGYO,2026-03-02 14:57:00,Özel Durum Açıklaması (Genel),İstanbul Küçükçekmece Halkalı Batı 1. Etap İhale İlanı,ODA,https://www.kap.org.tr/tr/Bildirim/1563538
THYAO,2026-03-02 13:46:17,VİOP Gün İçi Fiyat Limiti Değişikliği Duyuruları,VİOP Gün İçi Fiyat Limiti Değişikliği Duyuruları,DKB,https://www.kap.org.tr/tr/Bildirim/1563473
GARAN,2026-03-02 11:58:20,İzahname (İhraççı Bilgi Dokümanı-SPK Onayına Sunulan),İzahname  İhraççı Bilgi Dokümanı,DG,https://www.kap.org.tr/tr/Bildirim/1563447
GARAN,2026-03-02 11:57:53,İzahname (Sermaye Piyasası Aracı Notu-SPK Onayına Sunulan),İzahname  Sermaye Piyasası Aracı Notu,DG,https://www.kap.org.tr/tr/Bildirim/1563446
GARAN,2026-03-02 11:57:26,İzahname (Özet-SPK Onayına Sunulan),İzahname -  Özet ,DG,https://www.kap.org.tr/tr/Bildirim/1563444
GARAN,2026-03-02 11:56:49,İhraç Tavanına İlişkin Bildirim,Borçlanma Aracı ihracı BDDK ve SPK başvurusu ,ODA,https://www.kap.org.tr/tr/Bildirim/1563443
GARAN,2026-03-02 11:56:15,İhraç Tavanına İlişkin Bildirim,Borçlanma Aracı ihracı SPK başvurusu ,ODA,https://www.kap.org.tr/tr/Bildirim/1563442
YKBNK,2026-03-02 11:55:40,Pay Dışında Sermaye Piyasası Aracı İşlemlerine İlişkin Bildirim (Faiz İçeren),Yurtdışında ihraç edilen borçlanma aracının itfası,ODA,https://www.kap.org.tr/tr/Bildirim/1563441
TKFEN,2026-03-02 10:07:31,Şirket Genel Bilgi Formu,,DG,https://www.kap.org.tr/tr/Bildirim/1563381
ISCTR,2026-03-02 10:04:57,Pay Dışında Sermaye Piyasası Aracı İşlemlerine İlişkin Bildirim (Faiz İçeren),02.03.2026 vadeli T. İş Bankası A.Ş. Finansman Bonosu İtfası Hakkında ,ODA,https://www.kap.org.tr/tr/Bildirim/1563379
TKFEN,2026-03-02 10:04:00,Özel Durum Açıklaması (Genel),Üst Yönetim Değişikliği,ODA,https://www.kap.org.tr/tr/Bildirim/1563377
EKGYO,2026-03-02 09:35:40,Likidite Sağlayıcılık Kapsamındaki İşlemler,Emlak Konut Damlakent Projesi Gayrimenkul Sertifikalarında (DMLKT.G) Likidite Sağlayacılık Kapsamında Gerçekleştirilen İşlemler 16.02.2026-27.02.2026,DG,https://www.kap.org.tr/tr/Bildirim/1563345
SAHOL,2026-02-27 21:56:58,Kredi Derecelendirmesi,JCR Eurasia Kredi Derecelendirme Sonucu,ODA,https://www.kap.org.tr/tr/Bildirim/1563200
THYAO,2026-02-27 20:41:22,Payların Geri Alınmasına İlişkin Bildirim,27.02.2026 Tarihli Hisse Geri Alım İşlemleri Hakkında Bildirim,ODA,https://www.kap.org.tr/tr/Bildirim/1563138
AKBNK,2026-02-27 20:00:33,Özel Durum Açıklaması (Genel),Sürdürülebilirlik Denetimi İçin Bağımsız Denetim Firmasının Seçilmesi,ODA,https://www.kap.org.tr/tr/Bildirim/1563085
GARAN,2026-02-27 18:44:53,Yatırım Kuruluşu Varant - Sertifika - Senetlerine İlişkin Bildirim,Yatırım Kuruluşu Varantları İtfa Fiyatları ,ODA,https://www.kap.org.tr/tr/Bildirim/1562964
SAHOL,2026-02-27 18:16:49,Kredi Derecelendirmesi,KREDİ DERECELENDİRME BİLDİRİMİ,ODA,https://www.kap.org.tr/tr/Bildirim/1562863
TUPRS,2026-02-27 18:16:20,Şirket Genel Bilgi Formu,,DG,https://www.kap.org.tr/tr/Bildirim/1562856
TUPRS,2026-02-27 18:15:54,Özel Durum Açıklaması (Genel),Üst Düzey Yönetici Ataması,ODA,https://www.kap.org.tr/tr/Bildirim/1562851
TAVHL,2026-02-27 18:14:20,Sürdürülebilirlik Uyum Raporu,Sürdürülebilirlik,DG,https://www.kap.org.tr/tr/Bildirim/1562840
TAVHL,2026-02-27 18:13:52,Kurumsal Yönetim Uyum Raporu,Kurumsal Yönetim,DG,https://www.kap.org.tr/tr/Bildirim/1562835
TAVHL,2026-02-27 18:13:32,Kurumsal Yönetim Bilgi Formu,Kurumsal Yönetim,DG,https://www.kap.org.tr/tr/Bildirim/1562830
TAVHL,2026-02-27 18:11:28,Faaliyet Raporu Sorumluluk Beyanı,Sorumluluk Beyanı,FR,https://www.kap.org.tr/tr/Bildirim/1562808
TAVHL,2026-02-27 18:10:41,Faaliyet Raporu (Konsolide),2025 Faaliyet Raporu,FR,https://www.kap.org.tr/tr/Bildirim/1562797
YKBNK,2026-02-27 18:01:46,Pay Dışında Sermaye Piyasası Aracı İşlemlerine İlişkin Bildirim (Faiz İçeren),Nitelikli yatırımcılara borçlanma aracı ihracı,ODA,https://www.kap.org.tr/tr/Bildirim/1562782
VAKBN,2026-02-27 17:36:08,Borçlanma Araçlarının / Kira Sertifikalarının İşlem Görmeye Başlaması,Borçlanma Araçlarının / Kira Sertifikalarının İşlem Görmeye Başlaması,DKB,https://www.kap.org.tr/tr/Bildirim/1562766
HALKB,2026-02-27 17:23:16,Şirket Genel Bilgi Formu,,DG,https://www.kap.org.tr/tr/Bildirim/1562749
TKFEN,2026-02-27 17:01:20,Pay Bazında Devre Kesici Bildirimi,TKFEN.E işlem sırasında Pay Bazında Devre Kesici Uygulaması devreye girmiştir,DKB,https://www.kap.org.tr/tr/Bildirim/1562675
VAKBN,2026-02-27 16:30:02,Şirket Genel Bilgi Formu,,DG,https://www.kap.org.tr/tr/Bildirim/1562630
SAHOL,2026-02-27 16:25:25,Pay Bazında Devre Kesici Bildirimi,SAHOL.E işlem sırasında Pay Bazında Devre Kesici Uygulaması devreye girmiştir,DKB,https://www.kap.org.tr/tr/Bildirim/1562622
VAKBN,2026-02-27 15:53:39,Şirket Genel Bilgi Formu,,DG,https://www.kap.org.tr/tr/Bildirim/1562594
YKBNK,2026-02-27 15:53:02,Pay Dışında Sermaye Piyasası Aracı İşlemlerine İlişkin Bildirim (Faiz İçeren),Yurtdışında ihraç edilen borçlanma aracının itfası,ODA,https://www.kap.org.tr/tr/Bildirim/1562592
YKBNK,2026-02-27 15:52:50,Pay Dışında Sermaye Piyasası Aracı İşlemlerine İlişkin Bildirim (Faiz İçeren),Yurtdışında ihraç edilen borçlanma aracının itfası,ODA,https://www.kap.org.tr/tr/Bildirim/1562591
TAVHL,2026-02-27 15:15:33,Pay Bazında Devre Kesici Bildirimi,TAVHL.E işlem sırasında Pay Bazında Devre Kesici Uygulaması devreye girmiştir,DKB,https://www.kap.org.tr/tr/Bildirim/1562517
VAKBN,2026-02-27 14:53:40,Pay Dışında Sermaye Piyasası Aracı İşlemlerine İlişkin Bildirim (Faiz İçeren),TRFVKFB22622 ISIN kodlu T. Vakıflar Bankası T.A.O. Finansman Bonolarının İtfası,ODA,https://www.kap.org.tr/tr/Bildirim/1562493
VAKBN,2026-02-27 14:53:16,Pay Dışında Sermaye Piyasası Aracı İşlemlerine İlişkin Bildirim (Faiz İçeren),TRFVKFB22648 ISIN kodlu T. Vakıflar Bankası T.A.O. Finansman Bonolarının İtfası,ODA,https://www.kap.org.tr/tr/Bildirim/1562492
VAKBN,2026-02-27 14:50:26,Kurumsal Yönetim İlkelerine Uyum Derecelendirmesi,Kurumsal Yönetim Derecelendirme Notu,ODA,https://www.kap.org.tr/tr/Bildirim/1562491
VAKBN,2026-02-27 14:48:27,Kurumsal Yönetim İlkelerine Uyum Derecelendirmesi,KURUMSAL YÖNETİM İLKELERİNE UYUM DERECELENDİRMESİ,ODA,https://www.kap.org.tr/tr/Bildirim/1562485
HALKB,2026-03-10 19:55:23,Entegre Rapor,2025 Entegre Faaliyet Raporu,FR,https://www.kap.org.tr/tr/Bildirim/1570015
HALKB,2026-03-10 19:55:11,Faaliyet Raporu Sorumluluk Beyanı,Entegre Faaliyet Raporu Sorumluluk Beyanı,FR,https://www.kap.org.tr/tr/Bildirim/1570014
HALKB,2026-03-10 19:54:58,Faaliyet Raporu (Konsolide),2025 Entegre Faaliyet Raporu,FR,https://www.kap.org.tr/tr/Bildirim/1570013
HALKB,2026-03-10 19:54:35,Sürdürülebilirlik Uyum Raporu,Sürdürülebilirlik Uyum Raporu,DG,https://www.kap.org.tr/tr/Bildirim/1570012
HALKB,2026-03-10 19:54:20,Kurumsal Yönetim Uyum Raporu,Kurumsal Yönetim Uyum Raporu,DG,https://www.kap.org.tr/tr/Bildirim/1570011
HALKB,2026-03-10 19:51:41,Kurumsal Yönetim Bilgi Formu,Kurumsal Yönetim Bilgi Formu,DG,https://www.kap.org.tr/tr/Bildirim/1570006
KRDMD,2026-03-10 19:05:12,Sürdürülebilirlik Uyum Raporu,Sürdürülebilirlik Uyum Raporu,DG,https://www.kap.org.tr/tr/Bildirim/1569955
KRDMD,2026-03-10 19:04:09,Kurumsal Yönetim Bilgi Formu,Kurumsal Yönetim Bilgi Formu,DG,https://www.kap.org.tr/tr/Bildirim/1569953
KRDMD,2026-03-10 19:01:39,Kurumsal Yönetim Uyum Raporu,Kurumsal Yönetim Uyum Raporu,DG,https://www.kap.org.tr/tr/Bildirim/1569949
KRDMD,2026-03-10 19:00:38,Sorumluluk Beyanı (Konsolide),Sorumluluk Beyanı,FR,https://www.kap.org.tr/tr/Bildirim/1569943
KRDMD,2026-03-10 18:59:27,TSRS Uyumlu Sürdürülebilirlik Raporu,2025 Yılı TSRS Uyumlu Sürdürülebilirlik Raporu,FR,https://www.kap.org.tr/tr/Bildirim/1569939
KRDMD,2026-03-10 18:58:32,Faaliyet Raporu (Konsolide),Faaliyet Raporu,FR,https://www.kap.org.tr/tr/Bildirim/1569937
CIMSA,2026-03-10 18:57:34,İhraç Tavanına İlişkin Bildirim,Yurtiçinde borçlanma aracı ihraç edilmesi hakkında karar alınması ve SPK başvurusu,ODA,https://www.kap.org.tr/tr/Bildirim/1569936
GARAN,2026-03-10 18:57:24,Haber ve Söylentilere İlişkin Açıklama,Haber ve söylentilerin doğrulanması,ODA,https://www.kap.org.tr/tr/Bildirim/1569935
KRDMD,2026-03-10 18:56:52,Finansal Rapor,,FR,https://www.kap.org.tr/tr/Bildirim/1569931
YKBNK,2026-03-10 18:34:00,Pay Dışında Sermaye Piyasası Aracı İşlemlerine İlişkin Bildirim (Faiz İçeren),Yurtdışında borçlanma aracı ihracının tamamlanması,ODA,https://www.kap.org.tr/tr/Bildirim/1569882
YKBNK,2026-03-10 18:33:44,Pay Dışında Sermaye Piyasası Aracı İşlemlerine İlişkin Bildirim (Faiz İçeren),Yurtdışında borçlanma aracı ihracının tamamlanması,ODA,https://www.kap.org.tr/tr/Bildirim/1569880
ISCTR,2026-03-10 18:29:06,Özel Durum Açıklaması (Genel),"İhale sonrası Devir ve Temlik İşlemlerinin tamamlanması hk.
",ODA,https://www.kap.org.tr/tr/Bildirim/1569871
KONTR,2026-03-10 18:15:12,Kredi Derecelendirmesi,KREDİ DERECELENDİRME BİLDİRİMİ,ODA,https://www.kap.org.tr/tr/Bildirim/1569756
VAKBN,2026-03-10 18:11:47,Finansal Duran Varlık Edinimi,Dijital Banka Kuruluş İşlemleri,ODA,https://www.kap.org.tr/tr/Bildirim/1569734
HALKB,2026-03-10 17:31:06,Pay Dışında Sermaye Piyasası Aracı İşlemlerine İlişkin Bildirim (Faiz İçeren),Yurtiçinde Nitelikli Yatırımcılara Sermaye Benzeri Tahvil Kupon Oranı,ODA,https://www.kap.org.tr/tr/Bildirim/1569636
TAVHL,2026-03-10 16:01:10,Özel Durum Açıklaması (Genel),Yatırımcı Bülteni (Şubat 2026),ODA,https://www.kap.org.tr/tr/Bildirim/1569499
EKGYO,2026-03-10 15:01:22,Özel Durum Açıklaması (Genel),İş Birliği Protokolü,ODA,https://www.kap.org.tr/tr/Bildirim/1569462
HALKB,2026-03-10 11:02:12,Pay Bazında Devre Kesici Bildirimi,HALKB.E işlem sırasında Pay Bazında Devre Kesici Uygulaması devreye girmiştir,DKB,https://www.kap.org.tr/tr/Bildirim/1569369
GUBRF,2026-03-10 09:43:37,Özel Durum Açıklaması (Genel),Yönetici Sorumluluk Sigortasının Yenilenmesi,ODA,https://www.kap.org.tr/tr/Bildirim/1569305
SASA,2026-03-10 07:33:38,Sorumluluk Beyanı (Konsolide),01.01.2025-31.12.2025 Rapor Dönemine Ait Sorumluluk Beyanı,FR,https://www.kap.org.tr/tr/Bildirim/1569278
SASA,2026-03-10 07:33:21,TSRS Uyumlu Sürdürülebilirlik Raporu,2024 TSRS Uyumlu Sürdürülebilirlik Uyum Raporu,FR,https://www.kap.org.tr/tr/Bildirim/1569277
SASA,2026-03-10 07:33:06,Sürdürülebilirlik Uyum Raporu,2025 Yılı Sürdürülebilirlik Uyum Raporu,DG,https://www.kap.org.tr/tr/Bildirim/1569276
SASA,2026-03-10 07:32:50,Kurumsal Yönetim Bilgi Formu,2025 Kurumsal Yönetim Bilgi Formu,DG,https://www.kap.org.tr/tr/Bildirim/1569275
SASA,2026-03-10 07:31:09,Kurumsal Yönetim Uyum Raporu,2025 Kurumsal Yönetim Uyum Raporu,DG,https://www.kap.org.tr/tr/Bildirim/1569274
SASA,2026-03-10 07:30:44,Faaliyet Raporu (Konsolide),01.01.2025 - 31.12.2025 Dönemine ait Faaliyet Raporu,FR,https://www.kap.org.tr/tr/Bildirim/1569273
SASA,2026-03-10 07:30:12,Finansal Rapor,,FR,https://www.kap.org.tr/tr/Bildirim/1569272
THYAO,2026-03-09 22:39:45,Özel Durum Açıklaması (Genel),Şubat 2026 Trafik Sonuçları,ODA,https://www.kap.org.tr/tr/Bildirim/1569213
ISCTR,2026-03-09 22:01:33,Faaliyet Raporu (Konsolide),Entegre Faaliyet Raporu,FR,https://www.kap.org.tr/tr/Bildirim/1569176
ISCTR,2026-03-09 22:01:08,Faaliyet Raporu Sorumluluk Beyanı,Entegre Faaliyet Raporu Sorumluluk Beyanı,FR,https://www.kap.org.tr/tr/Bildirim/1569175
HALKB,2026-03-09 20:37:26,Özel Durum Açıklaması (Genel),ABD'de Bankamız Aleyhinde Açılan Ceza Davası ve OFAC Süreçleri Hakkında,ODA,https://www.kap.org.tr/tr/Bildirim/1569096
ISCTR,2026-03-09 20:00:15,Kurumsal Yönetim Bilgi Formu,Kurumsal Yönetim Bilgi Formu,DG,https://www.kap.org.tr/tr/Bildirim/1569075
ISCTR,2026-03-09 19:56:41,Kurumsal Yönetim Uyum Raporu,Kurumsal Yönetim Uyum Raporu,DG,https://www.kap.org.tr/tr/Bildirim/1569070
ISCTR,2026-03-09 19:56:28,Sürdürülebilirlik Uyum Raporu,Sürdürülebilirlik İlkeleri Uyum Raporu,DG,https://www.kap.org.tr/tr/Bildirim/1569068
EKGYO,2026-03-09 18:12:17,Katılım Finansı İlkeleri Bilgi Formu ,,DG,https://www.kap.org.tr/tr/Bildirim/1568917
YKBNK,2026-03-09 17:51:50,Pay Dışında Sermaye Piyasası Aracı İşlemlerine İlişkin Bildirim (Faiz İçeren),Yurtdışında borçlanma aracı ihracının tamamlanması,ODA,https://www.kap.org.tr/tr/Bildirim/1568861
MGROS,2026-03-09 17:25:20,Borsada İşlem Gören Tipe Dönüşüm Duyurusu,DÖNÜŞÜM,DKB,https://www.kap.org.tr/tr/Bildirim/1568829
CIMSA,2026-03-09 17:25:20,Borsada İşlem Gören Tipe Dönüşüm Duyurusu,DÖNÜŞÜM,DKB,https://www.kap.org.tr/tr/Bildirim/1568829
ISCTR,2026-03-09 17:23:47,Pay Dışında Sermaye Piyasası Aracı İşlemlerine İlişkin Bildirim (Faiz İçeren),Yurtiçi TL cinsi katkı sermaye hesaplamasına dahil edilecek borçlanma aracı kupon oranı açıklaması ,ODA,https://www.kap.org.tr/tr/Bildirim/1568828
VAKBN,2026-03-09 17:21:15,"Borçlanma Araçları, Yatırım Fonları ve Varant İtfa/Kupon/Getiri/ Nakdi Uzlaşı Ödeme İşlemleri","Borçlanma Araçları, Yatırım Fonları ve Varant İtfa/Kupon/Getiri/Nakdi Uzlaşı Ödeme İşlemleri",DKB,https://www.kap.org.tr/tr/Bildirim/1568825
TUPRS,2026-03-09 16:23:59,Pay Bazında Devre Kesici Bildirimi,TUPRS.E işlem sırasında Pay Bazında Devre Kesici Uygulaması devreye girmiştir,DKB,https://www.kap.org.tr/tr/Bildirim/1568630
EKGYO,2026-03-09 15:17:52,Özel Durum Açıklaması (Genel),İstanbul Küçükçekmece Halkalı Batı 1.  Etap 1. Oturum Sonucu,ODA,https://www.kap.org.tr/tr/Bildirim/1568478
VAKBN,2026-03-09 14:52:21,Pay Dışında Sermaye Piyasası Aracı İşlemlerine İlişkin Bildirim (Faiz İçeren),Yurtiçinde Nitelikli Yatırımcılara Sermaye Benzeri Tahvil 34. Kupon Ödemesi ,ODA,https://www.kap.org.tr/tr/Bildirim/1568356
TUPRS,2026-03-09 12:40:57,Pay Bazında Devre Kesici Bildirimi,TUPRS.E işlem sırasında Pay Bazında Devre Kesici Uygulaması devreye girmiştir,DKB,https://www.kap.org.tr/tr/Bildirim/1568184
PETKM,2026-03-09 12:05:37,Pay Bazında Devre Kesici Bildirimi,PETKM.E işlem sırasında Pay Bazında Devre Kesici Uygulaması devreye girmiştir,DKB,https://www.kap.org.tr/tr/Bildirim/1568161
GUBRF,2026-03-09 10:39:40,Pay Bazında Devre Kesici Bildirimi,GUBRF.E işlem sırasında Pay Bazında Devre Kesici Uygulaması devreye girmiştir,DKB,https://www.kap.org.tr/tr/Bildirim/1568086
MGROS,2026-03-09 09:12:25,Esas Sözleşme Tadili,Esas Sözleşmenin 'Amaç ve Konu' ve 'Sermaye' maddelerinin tadiline ilişkin Yönetim Kurulu kararı,ODA,https://www.kap.org.tr/tr/Bildirim/1567952
MGROS,2026-03-09 09:09:58,Kayıtlı Sermaye Tavanı İşlemlerine İlişkin Bildirim,Kayıtlı sermaye tavanının artırılması ve geçerlilik süresinin uzatılması hakkında Yönetim Kurulu kararı,ODA,https://www.kap.org.tr/tr/Bildirim/1567949
AKBNK,2026-03-09 08:17:05,Pay Dışında Sermaye Piyasası Aracı İşlemlerine İlişkin Bildirim (Faiz İçeren),XS2950723267 ISIN kodlu Yeşil/Sürdürülebilir Tahvilin İtfası,ODA,https://www.kap.org.tr/tr/Bildirim/1567938
EKGYO,2026-03-07 00:40:50,Özel Durum Açıklaması (Genel),Finansal Dönem Hakkında Bilgilendirme,ODA,https://www.kap.org.tr/tr/Bildirim/1567869
EKGYO,2026-03-07 00:36:16,Şirket Genel Bilgi Formu,,DG,https://www.kap.org.tr/tr/Bildirim/1567868
EKGYO,2026-03-07 00:36:06,Özel Durum Açıklaması (Genel),İstanbul Beşiktaş Dikilitaş Güney Sözleşme İmzalanması,ODA,https://www.kap.org.tr/tr/Bildirim/1567867
EKGYO,2026-03-07 00:35:34,Sürdürülebilirlik Uyum Raporu,Sürdürülebilirlik Uyum Raporu 2025,DG,https://www.kap.org.tr/tr/Bildirim/1567866
EKGYO,2026-03-07 00:35:24,Özel Durum Açıklaması (Genel),İstanbul Başakşehir Doğu 1. Etap 2. Oturum Tarihi,ODA,https://www.kap.org.tr/tr/Bildirim/1567865
EKGYO,2026-03-07 00:35:13,Özel Durum Açıklaması (Genel),Batı Yakası Kısmi Kesin Kabul,ODA,https://www.kap.org.tr/tr/Bildirim/1567864
EKGYO,2026-03-07 00:34:52,Kurumsal Yönetim Uyum Raporu,Kurumsal Yönetim Uyum Raporu 2025,DG,https://www.kap.org.tr/tr/Bildirim/1567863
EKGYO,2026-03-07 00:34:06,Kurumsal Yönetim Bilgi Formu,Kurumsal Yönetim Bilgi Formu 2025,DG,https://www.kap.org.tr/tr/Bildirim/1567862
EKGYO,2026-03-07 00:32:32,Kar Payı Dağıtım İşlemlerine İlişkin Bildirim,2025 Kar Payı Dağıtımı,ODA,https://www.kap.org.tr/tr/Bildirim/1567861
EKGYO,2026-03-07 00:32:08,Faaliyet Raporu (Konsolide),2025 Yılı Faaliyet Raporu,FR,https://www.kap.org.tr/tr/Bildirim/1567860
EKGYO,2026-03-07 00:31:43,Sorumluluk Beyanı (Konsolide),31 Aralık 2025 tarihli Finansal Tablolarla İlgili Sorumluluk Beyanı,FR,https://www.kap.org.tr/tr/Bildirim/1567859
EKGYO,2026-03-07 00:31:28,Finansal Rapor,,FR,https://www.kap.org.tr/tr/Bildirim/1567858
EKGYO,2026-03-07 00:30:56,Finansal Rapor,,FR,https://www.kap.org.tr/tr/Bildirim/1567857
TKFEN,2026-03-06 23:49:19,Şirket Genel Bilgi Formu,,DG,https://www.kap.org.tr/tr/Bildirim/1567850
TKFEN,2026-03-06 23:48:56,Sürdürülebilirlik Uyum Raporu,Sürdürülebilirlik Uyum Raporu,DG,https://www.kap.org.tr/tr/Bildirim/1567849
TKFEN,2026-03-06 23:48:21,Kurumsal Yönetim Bilgi Formu,Kurumsal Yönetim Bilgi Formu,DG,https://www.kap.org.tr/tr/Bildirim/1567848
TKFEN,2026-03-06 23:46:40,Kurumsal Yönetim Uyum Raporu,2025 Yılı Kurumsal Yönetim Uyum Raporu ,DG,https://www.kap.org.tr/tr/Bildirim/1567847
TKFEN,2026-03-06 23:45:42,Sorumluluk Beyanı (Konsolide),Sorumluluk Beyanı,FR,https://www.kap.org.tr/tr/Bildirim/1567846
TKFEN,2026-03-06 23:45:04,Faaliyet Raporu (Konsolide),31.12.2025 Faaliyet Raporu,FR,https://www.kap.org.tr/tr/Bildirim/1567845
TKFEN,2026-03-06 23:41:42,Finansal Rapor,,FR,https://www.kap.org.tr/tr/Bildirim/1567844
GUBRF,2026-03-06 22:39:01,Özel Durum Açıklaması (Genel),Bağlı Ortaklığın Kar Dağıtımı Önerisi,ODA,https://www.kap.org.tr/tr/Bildirim/1567832
MGROS,2026-03-06 20:48:15,Özel Durum Açıklaması (Genel),Yönetici Sorumluluk Sigortası,ODA,https://www.kap.org.tr/tr/Bildirim/1567785
PETKM,2026-03-06 18:41:21,Katılım Finansı İlkeleri Bilgi Formu ,,DG,https://www.kap.org.tr/tr/Bildirim/1567676
THYAO,2026-03-06 18:39:16,Özel Durum Açıklaması (Genel),29. Dönem Toplu İş Sözleşmesi,ODA,https://www.kap.org.tr/tr/Bildirim/1567671
ARCLK,2026-03-06 18:27:15,Özel Durum Açıklaması (Genel),Üst Düzey Yönetici Değişikliği,ODA,https://www.kap.org.tr/tr/Bildirim/1567657
GARAN,2026-03-06 18:16:14,İhraç Tavanına İlişkin Bildirim,Yeşil/Sürdürülebilir Borçlanma Aracı SPK Onayı,ODA,https://www.kap.org.tr/tr/Bildirim/1567625
GARAN,2026-03-06 18:16:05,İhraç Belgesi,Yeşil/Sürdürülebilir Borçlanma Aracı SPK Onayı,DG,https://www.kap.org.tr/tr/Bildirim/1567624
YKBNK,2026-03-06 17:58:17,Şirket Genel Bilgi Formu,,DG,https://www.kap.org.tr/tr/Bildirim/1567560
YKBNK,2026-03-06 17:58:00,Pay Dışında Sermaye Piyasası Aracı İşlemlerine İlişkin Bildirim (Faiz İçeren),Yurtdışında borçlanma aracı ihracının tamamlanması,ODA,https://www.kap.org.tr/tr/Bildirim/1567559
YKBNK,2026-03-06 17:57:47,Pay Dışında Sermaye Piyasası Aracı İşlemlerine İlişkin Bildirim (Faiz İçeren),Yurtdışında borçlanma aracı ihracının tamamlanması,ODA,https://www.kap.org.tr/tr/Bildirim/1567557
KONTR,2026-03-06 17:35:33,Borçlanma Araçlarının / Kira Sertifikalarının İşlem Görmeye Başlaması,Borçlanma Araçlarının / Kira Sertifikalarının İşlem Görmeye Başlaması,DKB,https://www.kap.org.tr/tr/Bildirim/1567532
ISCTR,2026-03-06 17:16:03,Pay Bazında Devre Kesici Bildirimi,ISCTR.E işlem sırasında Pay Bazında Devre Kesici Uygulaması devreye girmiştir,DKB,https://www.kap.org.tr/tr/Bildirim/1567476
KONTR,2026-03-06 17:06:52,"Borçlanma Araçları, Yatırım Fonları ve Varant İtfa/Kupon/Getiri/ Nakdi Uzlaşı Ödeme İşlemleri","Borçlanma Araçları, Yatırım Fonları ve Varant İtfa/Kupon/Getiri/ Nakdi Uzlaşı Ödeme İşlemleri",DKB,https://www.kap.org.tr/tr/Bildirim/1567454
AKBNK,2026-03-06 17:03:50,Pay Bazında Devre Kesici Bildirimi,AKBNK.E işlem sırasında Pay Bazında Devre Kesici Uygulaması devreye girmiştir,DKB,https://www.kap.org.tr/tr/Bildirim/1567443
PETKM,2026-03-06 16:47:54,Pay Bazında Devre Kesici Bildirimi,PETKM.E işlem sırasında Pay Bazında Devre Kesici Uygulaması devreye girmiştir,DKB,https://www.kap.org.tr/tr/Bildirim/1567397
KONTR,2026-03-06 16:04:31,Pay Dışında Sermaye Piyasası Aracı İşlemlerine İlişkin Bildirim (Faiz İçeren),TRSKNTR32719 ISIN Kodlu Tahvile İlişkin 4. Kupon Ödemesi,ODA,https://www.kap.org.tr/tr/Bildirim/1567314
KONTR,2026-03-06 16:04:24,Pay Dışında Sermaye Piyasası Aracı İşlemlerine İlişkin Bildirim (Faiz İçeren),TRFKNTR92611 ISIN Kodlu Finansman Bonosunun 2. Kupon Ödemesi,ODA,https://www.kap.org.tr/tr/Bildirim/1567313
KONTR,2026-03-06 16:04:16,Pay Dışında Sermaye Piyasası Aracı İşlemlerine İlişkin Bildirim (Faiz İçeren),TRSKNTR32610 ISIN Kodlu Tahvile İlişkin 8. Kupon Ödemesi ve İtfası,ODA,https://www.kap.org.tr/tr/Bildirim/1567312
KONTR,2026-03-06 16:04:09,Pay Dışında Sermaye Piyasası Aracı İşlemlerine İlişkin Bildirim (Faiz İçeren),TRFKNTR32625 ISIN Kodlu Finansman Bonosunun 2. Kupon Ödemesi ve İtfası,ODA,https://www.kap.org.tr/tr/Bildirim/1567311
KONTR,2026-03-06 16:03:57,Pay Dışında Sermaye Piyasası Aracı İşlemlerine İlişkin Bildirim (Faiz İçeren),TRFKNTR32617 ISIN Kodlu Finansman Bonosunun 4. Kupon Ödemesi ve İtfası,ODA,https://www.kap.org.tr/tr/Bildirim/1567310
AKBNK,2026-03-06 15:23:19,Özel Durum Açıklaması (Genel),Tahsili Gecikmiş Alacak Portföyü Alımı,ODA,https://www.kap.org.tr/tr/Bildirim/1567227
MGROS,2026-03-06 15:11:29,Pay Bazında Devre Kesici Bildirimi,MGROS.E işlem sırasında Pay Bazında Devre Kesici Uygulaması devreye girmiştir,DKB,https://www.kap.org.tr/tr/Bildirim/1567217
YKBNK,2026-03-06 14:42:36,Pay Dışında Sermaye Piyasası Aracı İşlemlerine İlişkin Bildirim (Faiz İçeren),Yurtdışında ihraç edilen borçlanma aracının itfası,ODA,https://www.kap.org.tr/tr/Bildirim/1567182
AKBNK,2026-03-06 12:09:08,Özel Durum Açıklaması (Genel),Takipteki Kredi Alacakları Portföyünün Satışı,ODA,https://www.kap.org.tr/tr/Bildirim/1567029
TAVHL,2026-03-06 11:40:00,Pay Bazında Devre Kesici Bildirimi,TAVHL.E işlem sırasında Pay Bazında Devre Kesici Uygulaması devreye girmiştir,DKB,https://www.kap.org.tr/tr/Bildirim/1567020
TKFEN,2026-03-06 11:24:02,Pay Bazında Devre Kesici Bildirimi,TKFEN.E işlem sırasında Pay Bazında Devre Kesici Uygulaması devreye girmiştir,DKB,https://www.kap.org.tr/tr/Bildirim/1567010
GUBRF,2026-03-06 09:40:12,Özel Durum Açıklaması (Genel),Bağlı Ortaklığın Finansal Raporlarını Açıklaması,ODA,https://www.kap.org.tr/tr/Bildirim/1566888
SAHOL,2026-03-06 07:10:18,Katılım Finansı İlkeleri Bilgi Formu ,,DG,https://www.kap.org.tr/tr/Bildirim/1566806
KONTR,2026-03-05 21:10:07,Pay Dışında Sermaye Piyasası Aracı İşlemlerine İlişkin Bildirim (Faiz İçeren),Nitelikli Yatırımcıya Borçlanma Aracı İhracı,ODA,https://www.kap.org.tr/tr/Bildirim/1566749
KONTR,2026-03-05 21:09:27,Pay Dışında Sermaye Piyasası Aracı İşlemlerine İlişkin Bildirim (Faiz İçeren),TRSKNTR32719 ISIN kodlu Tahvile İlişkin Kupon Oranının Açıklanması,ODA,https://www.kap.org.tr/tr/Bildirim/1566748
KONTR,2026-03-05 21:09:02,Pay Dışında Sermaye Piyasası Aracı İşlemlerine İlişkin Bildirim (Faiz İçeren),TRFKNTR92611 ISIN Kodlu Finansman Bonosunun Kupon Oranının Açıklanması,ODA,https://www.kap.org.tr/tr/Bildirim/1566747
KONTR,2026-03-05 21:08:50,Pay Dışında Sermaye Piyasası Aracı İşlemlerine İlişkin Bildirim (Faiz İçeren),TRSKNTR32610 ISIN kodlu Tahvile İlişkin Kupon Oranının Açıklanması,ODA,https://www.kap.org.tr/tr/Bildirim/1566746
KONTR,2026-03-05 21:08:40,Pay Dışında Sermaye Piyasası Aracı İşlemlerine İlişkin Bildirim (Faiz İçeren),TRFKNTR32625 ISIN Kodlu Finansman Bonosunun Kupon Oranının Açıklanması,ODA,https://www.kap.org.tr/tr/Bildirim/1566745
KONTR,2026-03-05 21:08:31,Pay Dışında Sermaye Piyasası Aracı İşlemlerine İlişkin Bildirim (Faiz İçeren),TRFKNTR32617 ISIN kodlu Finansman Bonosuna İlişkin Kupon Oranının Açıklanması,ODA,https://www.kap.org.tr/tr/Bildirim/1566744
MGROS,2026-03-05 20:36:38,Katılım Finansı İlkeleri Bilgi Formu ,,DG,https://www.kap.org.tr/tr/Bildirim/1566724
TCELL,2026-03-05 20:03:14,Özel Durum Açıklaması (Genel),Kira Sertifikası İhraç Kararı,ODA,https://www.kap.org.tr/tr/Bildirim/1566716
TCELL,2026-03-05 18:50:42,Özel Durum Açıklaması (Genel),2025 Finansal ve Operasyonel Sonuçları,ODA,https://www.kap.org.tr/tr/Bildirim/1566640
SISE,2026-03-05 18:50:01,Kar Payı Dağıtım İşlemlerine İlişkin Bildirim,Kar Payı Dağıtım İşlemlerine İlişkin Bildirim,ODA,https://www.kap.org.tr/tr/Bildirim/1566638
TCELL,2026-03-05 18:47:55,Sorumluluk Beyanı (Konsolide),Q425 Sorumluluk Beyanı,FR,https://www.kap.org.tr/tr/Bildirim/1566632
TCELL,2026-03-05 18:47:00,Finansal Rapor,,FR,https://www.kap.org.tr/tr/Bildirim/1566628
PETKM,2026-03-05 18:43:40,Kredi Derecelendirmesi,Kredi derecelendirmesi,ODA,https://www.kap.org.tr/tr/Bildirim/1566624
YKBNK,2026-03-05 18:20:29,Özel Durum Açıklaması (Genel),Daha önce açılmış olan davanın reddi hk.,ODA,https://www.kap.org.tr/tr/Bildirim/1566509
PGSUS,2026-03-05 18:20:05,Katılım Finansı İlkeleri Bilgi Formu ,,DG,https://www.kap.org.tr/tr/Bildirim/1566505
GARAN,2026-03-05 18:14:46,Pay Dışında Sermaye Piyasası Aracı İşlemlerine İlişkin Bildirim (Faiz İçeren),MTN ihracı itfası ,ODA,https://www.kap.org.tr/tr/Bildirim/1566492
MGROS,2026-03-05 17:37:37,Pay Bazında Devre Kesici Bildirimi,MGROS.E işlem sırasında Pay Bazında Devre Kesici Uygulaması devreye girmiştir,DKB,https://www.kap.org.tr/tr/Bildirim/1566422
YKBNK,2026-03-05 16:39:47,Pay Dışında Sermaye Piyasası Aracı İşlemlerine İlişkin Bildirim (Faiz İçeren),Yurtdışında ihraç edilen borçlanma aracının itfası,ODA,https://www.kap.org.tr/tr/Bildirim/1566363
VAKBN,2026-03-05 14:17:50,Pay Dışında Sermaye Piyasası Aracı İşlemlerine İlişkin Bildirim (Faiz İçeren),Nitelikli Yatırımcılara Finansman Bonosu İhracının Tamamlanması ,ODA,https://www.kap.org.tr/tr/Bildirim/1566288
PETKM,2026-03-05 08:16:58,Kurumsal Yönetim Uyum Raporu,2025 Kurumsal Yönetim Uyum Raporu,DG,https://www.kap.org.tr/tr/Bildirim/1566148
PETKM,2026-03-05 08:16:45,Kurumsal Yönetim Bilgi Formu,2025 Kurumsal Yönetim Bilgi Formu,DG,https://www.kap.org.tr/tr/Bildirim/1566147
PETKM,2026-03-05 08:15:25,Sürdürülebilirlik Uyum Raporu,Sürdürülebilirlik İlkeleri Uyum Çerçevesi,DG,https://www.kap.org.tr/tr/Bildirim/1566146
PETKM,2026-03-05 08:12:19,Sorumluluk Beyanı (Konsolide),Sorumluluk Beyanı,FR,https://www.kap.org.tr/tr/Bildirim/1566145
PETKM,2026-03-05 08:11:35,Faaliyet Raporu (Konsolide),2025 Yılı Entegre Faaliyet Raporu ve TSRS Kapsamındaki Açıklamalar,FR,https://www.kap.org.tr/tr/Bildirim/1566144
PETKM,2026-03-05 08:10:28,Finansal Rapor,,FR,https://www.kap.org.tr/tr/Bildirim/1566143
MGROS,2026-03-05 01:15:22,Özel Durum Açıklaması (Genel),2025 yılı bilgilendirme sunumu ve bilgilendirme notu hk.,ODA,https://www.kap.org.tr/tr/Bildirim/1566136
MGROS,2026-03-05 01:15:07,Özel Durum Açıklaması (Genel),Şubat 2026 Mağaza Açılışları,ODA,https://www.kap.org.tr/tr/Bildirim/1566135
MGROS,2026-03-05 00:41:27,Sorumluluk Beyanı (Konsolide),Sorumluluk Beyanı - 4Ç 2025,FR,https://www.kap.org.tr/tr/Bildirim/1566130
MGROS,2026-03-05 00:40:41,Finansal Rapor,,FR,https://www.kap.org.tr/tr/Bildirim/1566129
PGSUS,2026-03-04 23:31:59,Sürdürülebilirlik Raporu,2025 Sürdürülebilirlik Raporu,DG,https://www.kap.org.tr/tr/Bildirim/1566121
THYAO,2026-03-04 22:04:22,Şirket Genel Bilgi Formu,,DG,https://www.kap.org.tr/tr/Bildirim/1566115
PGSUS,2026-03-04 21:22:15,Genel Kurul İşlemlerine İlişkin Bildirim,2025 Yılına İlişkin Olağan Genel Kurul Toplantısı İçin Bilgilendirme Dokümanı,ODA,https://www.kap.org.tr/tr/Bildirim/1566095
THYAO,2026-03-04 21:18:52,Faaliyet Raporu (Konsolide),2025 Entegre Faaliyet Raporu ve TSRS Uyumlu Sürdürülebilirlik Raporu,FR,https://www.kap.org.tr/tr/Bildirim/1566094
PGSUS,2026-03-04 21:18:17,Kar Payı Dağıtım İşlemlerine İlişkin Bildirim,2025 Yılı Dönem Karı/Zararı Hakkında Bildirim,ODA,https://www.kap.org.tr/tr/Bildirim/1566093
PGSUS,2026-03-04 21:15:54,Sürdürülebilirlik Uyum Raporu,2025 Sürdürülebilirlik Uyum Raporu,DG,https://www.kap.org.tr/tr/Bildirim/1566092
PGSUS,2026-03-04 21:15:27,Kurumsal Yönetim Bilgi Formu,2025 Kurumsal Yönetim Bilgi Formu,DG,https://www.kap.org.tr/tr/Bildirim/1566091
PGSUS,2026-03-04 21:14:12,Kurumsal Yönetim Uyum Raporu,2025 Kurumsal Yönetim Uyum Raporu,DG,https://www.kap.org.tr/tr/Bildirim/1566090
PGSUS,2026-03-04 21:08:06,Özel Durum Açıklaması (Genel),2025 4.Çeyrek Sunumu ve 31 Aralık 2025 Avro UFRS Konsolide Finansal Rapor,ODA,https://www.kap.org.tr/tr/Bildirim/1566089
PGSUS,2026-03-04 21:07:34,Faaliyet Raporu (Konsolide),2025 Faaliyet Raporu,FR,https://www.kap.org.tr/tr/Bildirim/1566088
PGSUS,2026-03-04 21:07:23,Finansal Rapor,,FR,https://www.kap.org.tr/tr/Bildirim/1566087
PGSUS,2026-03-04 21:07:12,Sorumluluk Beyanı (Konsolide),Sorumluluk Beyanı,FR,https://www.kap.org.tr/tr/Bildirim/1566086
GARAN,2026-03-04 21:04:08,Kurumsal Yönetim Bilgi Formu,Kurumsal Yönetim Bilgi Formu,DG,https://www.kap.org.tr/tr/Bildirim/1566085
GARAN,2026-03-04 19:47:09,Sürdürülebilirlik Uyum Raporu,Sürdürülebilirlik İlkeleri Uyum Çerçevesi kapsamında açıklama,DG,https://www.kap.org.tr/tr/Bildirim/1566050
GARAN,2026-03-04 19:46:57,Kurumsal Yönetim Uyum Raporu,Kurumsal Yönetim Uyum Raporu,DG,https://www.kap.org.tr/tr/Bildirim/1566049
GARAN,2026-03-04 19:46:43,Entegre Rapor,Garanti Bankası 2025 Entegre Faaliyet Raporu ,FR,https://www.kap.org.tr/tr/Bildirim/1566048
GARAN,2026-03-04 19:46:32,Faaliyet Raporu Sorumluluk Beyanı,Faaliyet Raporu Sorumluluk Beyanı hk.,FR,https://www.kap.org.tr/tr/Bildirim/1566047
GARAN,2026-03-04 19:46:12,Faaliyet Raporu (Konsolide),Garanti Bankası 2025 Entegre Faaliyet Raporu ,FR,https://www.kap.org.tr/tr/Bildirim/1566046
GARAN,2026-03-04 19:46:00,Kar Payı Dağıtım İşlemlerine İlişkin Bildirim,2025 Yılı Kar Dağıtımına İlişkin Yönetim Kurulu Kararı Hk.,ODA,https://www.kap.org.tr/tr/Bildirim/1566045
SAHOL,2026-03-04 19:44:51,Özel Durum Açıklaması (Genel),31.12.2025 Tarihli Finansal Sonuçlar Bilgilendirme Bülteni,ODA,https://www.kap.org.tr/tr/Bildirim/1566044
SISE,2026-03-04 19:40:26,Kar Payı Dağıtım İşlemlerine İlişkin Bildirim,Kar Payı Dağıtım İşlemlerine İlişkin Bildirim,ODA,https://www.kap.org.tr/tr/Bildirim/1566043
SAHOL,2026-03-04 19:31:42,Bağımsız Denetim Kuruluşunun Belirlenmesi,Yönetim Kurulu'nun Denetçi ve Topluluk Denetçisi Önerisi,ODA,https://www.kap.org.tr/tr/Bildirim/1566023
SAHOL,2026-03-04 19:31:14,Kar Payı Dağıtım İşlemlerine İlişkin Bildirim,Yönetim Kurulu'nun Kar Payı Dağıtım Teklifi,ODA,https://www.kap.org.tr/tr/Bildirim/1566022
SAHOL,2026-03-04 19:30:58,Genel Kurul İşlemlerine İlişkin Bildirim,2025 Yılı Olağan Genel Kurul Toplantı Daveti,ODA,https://www.kap.org.tr/tr/Bildirim/1566017
SAHOL,2026-03-04 19:25:54,Sorumluluk Beyanı (Konsolide),31 Aralık 2025 Sorumluluk Beyanı ,FR,https://www.kap.org.tr/tr/Bildirim/1566013
SAHOL,2026-03-04 19:25:28,Faaliyet Raporu (Konsolide),31 Aralık 2025 Konsolide Faaliyet Raporu ,FR,https://www.kap.org.tr/tr/Bildirim/1566012
SAHOL,2026-03-04 19:24:55,Finansal Rapor,,FR,https://www.kap.org.tr/tr/Bildirim/1566011
THYAO,2026-03-04 19:08:24,Özel Durum Açıklaması (Genel),2025 Yılı Finansal Sonuçları,ODA,https://www.kap.org.tr/tr/Bildirim/1566008
THYAO,2026-03-04 18:57:54,Katılım Finansı İlkeleri Bilgi Formu ,,DG,https://www.kap.org.tr/tr/Bildirim/1566002
THYAO,2026-03-04 18:57:39,Sürdürülebilirlik Uyum Raporu,2025 Sürdürülebilirlik İlkeleri Uyum Raporu,DG,https://www.kap.org.tr/tr/Bildirim/1566001
THYAO,2026-03-04 18:57:10,Kurumsal Yönetim Bilgi Formu,2025 Yılı Kurumsal Yönetim Bilgi Formu,DG,https://www.kap.org.tr/tr/Bildirim/1566000
THYAO,2026-03-04 18:56:08,Kurumsal Yönetim Uyum Raporu,2025 Kurumsal Yönetim Uyum Raporu,DG,https://www.kap.org.tr/tr/Bildirim/1565999
THYAO,2026-03-04 18:55:51,İlişkili Taraf İşlemleri,İlişkili Taraf İşlemler Raporu Sonuç Bölümü,ODA,https://www.kap.org.tr/tr/Bildirim/1565998
THYAO,2026-03-04 18:55:36,Sorumluluk Beyanı (Konsolide),"Sermaye Piyasası Kurulu Seri: II, No:14.1 Sayılı Tebliğinin 2.Bölüm Madde 9 Gereğince Hazırlanan Sorumluluk Beyanı",FR,https://www.kap.org.tr/tr/Bildirim/1565997
THYAO,2026-03-04 18:55:17,Finansal Rapor,,FR,https://www.kap.org.tr/tr/Bildirim/1565996
GARAN,2026-03-04 18:49:12,Genel Kurul İşlemlerine İlişkin Bildirim,Bankamız Olağan Genel Kurul Toplantısı hk.     ,ODA,https://www.kap.org.tr/tr/Bildirim/1565992
SISE,2026-03-04 18:43:58,Bağımsız Denetim Kuruluşunun Belirlenmesi,Bağımsız Denetim Kuruluşunun Seçimi Hk.,ODA,https://www.kap.org.tr/tr/Bildirim/1565984
TCELL,2026-03-17 23:33:14,Kar Payı Dağıtım İşlemlerine İlişkin Bildirim,Yönetim Kurulu Kar Payı Dağıtım Teklifi Kararı,ODA,https://www.kap.org.tr/tr/Bildirim/1573684
TCELL,2026-03-17 22:49:28,Genel Kurul İşlemlerine İlişkin Bildirim,Olağan Genel Kurul Toplantısı Kararı ve Davet Duyurusu,ODA,https://www.kap.org.tr/tr/Bildirim/1573683
CIMSA,2026-03-17 18:31:41,İhraç Tavanına İlişkin Bildirim,Borçlanma Aracı İhracına İlişkin SPK'ya Yapılan Başvuru Hakkında,ODA,https://www.kap.org.tr/tr/Bildirim/1573627
PGSUS,2026-03-17 18:21:10,İhraç Tavanına İlişkin Bildirim,Yurt Dışında Satılmak Üzere Borçlanma Aracı İhraç Edilmesi Hakkında Karar Alınması ve SPK İhraç Tavanı Başvurusu,ODA,https://www.kap.org.tr/tr/Bildirim/1573618
GARAN,2026-03-17 18:14:15,Pay Dışında Sermaye Piyasası Aracı İşlemlerine İlişkin Bildirim (Faiz İçeren),Yurtdışı Piyasalara Tahvil İhracı SPK Onayı,ODA,https://www.kap.org.tr/tr/Bildirim/1573601
GARAN,2026-03-17 18:13:58,Pay Dışında Sermaye Piyasası Aracı İşlemlerine İlişkin Bildirim (Faiz İçeren),Yurtdışı Piyasalara Tahvil İhracı SPK Onayı,ODA,https://www.kap.org.tr/tr/Bildirim/1573598
GARAN,2026-03-17 18:13:41,Pay Dışında Sermaye Piyasası Aracı İşlemlerine İlişkin Bildirim (Faiz İçeren),MTN ihracı itfası ,ODA,https://www.kap.org.tr/tr/Bildirim/1573597
AKBNK,2026-03-17 18:11:53,Özel Durum Açıklaması (Genel),"Tahsili Gecikmiş Alacak Portföyü Alımı
",ODA,https://www.kap.org.tr/tr/Bildirim/1573589
AKBNK,2026-03-17 18:11:07,Özel Durum Açıklaması (Genel),Arsan Varlık Yönetim A.Ş.- İhale sonrası Devir İşlemlerinin tamamlanması hakkında.,ODA,https://www.kap.org.tr/tr/Bildirim/1573586
CIMSA,2026-03-17 17:02:35,Borsada İşlem Gören Tipe Dönüşüm Duyurusu,DÖNÜŞÜM,DKB,https://www.kap.org.tr/tr/Bildirim/1573518
SASA,2026-03-17 12:34:23,Endekslerde Kullanılan Fiili Dolaşımdaki Pay Oranı Değişiklikleri,-,DKB,https://www.kap.org.tr/tr/Bildirim/1573372
THYAO,2026-03-17 09:13:29,Genel Kurul İşlemlerine İlişkin Bildirim,9 Nisan 2026 Tarihinde Yapılacak Olan 2025 Yılı Olağan Genel Kurul Toplantısı,ODA,https://www.kap.org.tr/tr/Bildirim/1573304
SISE,2026-03-17 08:40:34,Özel Durum Açıklaması (Genel),Toplu İş Sözleşmesi Görüşmeleri Hakkında,ODA,https://www.kap.org.tr/tr/Bildirim/1573288
ARCLK,2026-03-16 19:38:26,Şirket Genel Bilgi Formu,,DG,https://www.kap.org.tr/tr/Bildirim/1573221
ARCLK,2026-03-16 19:37:50,Bağımsız Denetim Kuruluşunun Belirlenmesi,Bağımsız Denetim Kuruluşu Seçimi Genel Kurul Kararı,ODA,https://www.kap.org.tr/tr/Bildirim/1573220
ARCLK,2026-03-16 19:36:25,Kar Payı Dağıtım İşlemlerine İlişkin Bildirim,Olağan Genel Kurul Kar Dağıtım Sonucu,ODA,https://www.kap.org.tr/tr/Bildirim/1573219
ARCLK,2026-03-16 19:32:21,Genel Kurul İşlemlerine İlişkin Bildirim,Olağan Genel Kurul Toplantı Sonucu,ODA,https://www.kap.org.tr/tr/Bildirim/1573218
TOASO,2026-03-16 19:03:20,Bağımsız Denetim Kuruluşunun Belirlenmesi,Bağımsız Denetim Kuruluşu seçiminin Genel Kurul'ca onaylanması.,ODA,https://www.kap.org.tr/tr/Bildirim/1573203
TOASO,2026-03-16 19:02:25,Kar Payı Dağıtım İşlemlerine İlişkin Bildirim,Olağan Genel Kurul Kar Dağıtım Sonucu,ODA,https://www.kap.org.tr/tr/Bildirim/1573202
PGSUS,2026-03-16 18:50:38,Özel Durum Açıklaması (Genel),2026 yılı Şubat ayı trafik verileri ve karbon emisyonu istatistikleri ektedir.,ODA,https://www.kap.org.tr/tr/Bildirim/1573193
TOASO,2026-03-16 18:38:48,Genel Kurul İşlemlerine İlişkin Bildirim,Olağan Genel Kurul Toplantısı,ODA,https://www.kap.org.tr/tr/Bildirim/1573188
SISE,2026-03-16 18:15:40,Özel Durum Açıklaması (Genel),Tarsus TR9 Düzcam tesisi yatırımının tamamlanması,ODA,https://www.kap.org.tr/tr/Bildirim/1573163
GARAN,2026-03-16 18:13:10,Özel Durum Açıklaması (Genel),Tahsili gecikmiş alacak portföy satışı hk.  ,ODA,https://www.kap.org.tr/tr/Bildirim/1573147
EREGL,2026-03-16 18:12:07,Şirket Genel Bilgi Formu,,DG,https://www.kap.org.tr/tr/Bildirim/1573143
EREGL,2026-03-16 18:11:55,Özel Durum Açıklaması (Genel),Tüzel Kişi Yönetim Kurulu Üye Temsilcisi Değişiklikleri ve Yönetim Kurulu Üyelerinin Görev Dağılımı,ODA,https://www.kap.org.tr/tr/Bildirim/1573141
GARAN,2026-03-16 16:25:07,Özel Durum Açıklaması (Genel),Tahsili Gecikmiş Alacak Portföyü Alımı,ODA,https://www.kap.org.tr/tr/Bildirim/1573048
EKGYO,2026-03-16 16:05:54,Özel Durum Açıklaması (Genel),Ankara Gölbaşı Taşpınar İhale İlanı,ODA,https://www.kap.org.tr/tr/Bildirim/1573038
VAKBN,2026-03-16 14:23:01,Özel Durum Açıklaması (Genel),Uluslararası İmar ve Kalkınma Bankası Kısmi Garantili Projesi Kredi Anlaşmasının İmzalanması Hakkında,ODA,https://www.kap.org.tr/tr/Bildirim/1572944
EKGYO,2026-03-16 09:43:59,Likidite Sağlayıcılık Kapsamındaki İşlemler,Emlak Konut Damlakent Projesi Gayrimenkul Sertifikalarında (DMLKT.G) Likidite Sağlayacılık Kapsamında Gerçekleştirilen İşlemler 02.03.2026-13.03.2026 ,DG,https://www.kap.org.tr/tr/Bildirim/1572761
FROTO,2026-03-16 09:08:57,BISTECH Pay Piyasası Alım Satım Sistemi Duyurusu,Hak Kullanımı,DKB,https://www.kap.org.tr/tr/Bildirim/1572736
TUPRS,2026-03-16 09:08:57,BISTECH Pay Piyasası Alım Satım Sistemi Duyurusu,Hak Kullanımı,DKB,https://www.kap.org.tr/tr/Bildirim/1572736
ASELS,2026-03-16 08:59:32,Yeni İş İlişkisi,Sözleşme İmzalanması,ODA,https://www.kap.org.tr/tr/Bildirim/1572732
SASA,2026-03-16 08:52:09,Pay Alım Satım Bildirimi,Pay Alım Satım Bildirimi,DKB,https://www.kap.org.tr/tr/Bildirim/1572725
KRDMD,2026-03-13 20:54:51,Katılım Finansı İlkeleri Bilgi Formu ,,DG,https://www.kap.org.tr/tr/Bildirim/1572643
KRDMD,2026-03-13 19:21:17,Kar Payı Dağıtım İşlemlerine İlişkin Bildirim,Kar Payı Hk,ODA,https://www.kap.org.tr/tr/Bildirim/1572603
SASA,2026-03-13 19:15:21,Pay Dışında Sermaye Piyasası Aracı İşlemlerine İlişkin Bildirim (Faiz İçeren),Paya Dönüştürülebilir Tahvil İhracı Hakkında,ODA,https://www.kap.org.tr/tr/Bildirim/1572602
KRDMD,2026-03-13 19:13:26,İlişkili Taraf İşlemleri,Yaygın ve Süreklilik Arz Eden İşlemlere İlişkin Rapor,ODA,https://www.kap.org.tr/tr/Bildirim/1572601
KRDMD,2026-03-13 19:12:18,Genel Kurul İşlemlerine İlişkin Bildirim,Olağan Genel Kurul Toplantısı,ODA,https://www.kap.org.tr/tr/Bildirim/1572600
CIMSA,2026-03-13 18:30:31,İhraç Tavanına İlişkin Bildirim,Yurtiçinde borçlanma aracı ihraç edilmesi hakkında karar alınması,ODA,https://www.kap.org.tr/tr/Bildirim/1572559
ISCTR,2026-03-13 18:18:25,Özel Durum Açıklaması (Genel),Tahsili Gecikmiş Alacak Satışı,ODA,https://www.kap.org.tr/tr/Bildirim/1572535
ISCTR,2026-03-13 18:16:09,Özel Durum Açıklaması (Genel),Bankamız Genel Müdür Yardımcılığı Görevlerinde Meydana Gelen Değişiklikler Hakkında,ODA,https://www.kap.org.tr/tr/Bildirim/1572528
PGSUS,2026-03-13 17:07:00,Şirket Genel Bilgi Formu,,DG,https://www.kap.org.tr/tr/Bildirim/1572436
FROTO,2026-03-13 16:55:06,Hak Kullanımı,,DKB,https://www.kap.org.tr/tr/Bildirim/1572417
TUPRS,2026-03-13 16:55:06,Hak Kullanımı,,DKB,https://www.kap.org.tr/tr/Bildirim/1572417
SAHOL,2026-03-13 16:36:34,Borsada İşlem Gören Tipe Dönüşüm Duyurusu,DÖNÜŞÜM,DKB,https://www.kap.org.tr/tr/Bildirim/1572396
SISE,2026-03-13 14:23:06,SPK İşlem Yasağı Nedeniyle Pay Duyurusu,SPK İşlem Yasağı Nedeniyle Pay Duyurusu,DKB,https://www.kap.org.tr/tr/Bildirim/1572297
FROTO,2026-03-13 14:23:06,SPK İşlem Yasağı Nedeniyle Pay Duyurusu,SPK İşlem Yasağı Nedeniyle Pay Duyurusu,DKB,https://www.kap.org.tr/tr/Bildirim/1572297
GUBRF,2026-03-13 14:23:06,SPK İşlem Yasağı Nedeniyle Pay Duyurusu,SPK İşlem Yasağı Nedeniyle Pay Duyurusu,DKB,https://www.kap.org.tr/tr/Bildirim/1572297
SAHOL,2026-03-13 14:23:06,SPK İşlem Yasağı Nedeniyle Pay Duyurusu,SPK İşlem Yasağı Nedeniyle Pay Duyurusu,DKB,https://www.kap.org.tr/tr/Bildirim/1572297
KONTR,2026-03-13 14:23:06,SPK İşlem Yasağı Nedeniyle Pay Duyurusu,SPK İşlem Yasağı Nedeniyle Pay Duyurusu,DKB,https://www.kap.org.tr/tr/Bildirim/1572297
GARAN,2026-03-13 14:23:06,SPK İşlem Yasağı Nedeniyle Pay Duyurusu,SPK İşlem Yasağı Nedeniyle Pay Duyurusu,DKB,https://www.kap.org.tr/tr/Bildirim/1572297
THYAO,2026-03-13 14:23:06,SPK İşlem Yasağı Nedeniyle Pay Duyurusu,SPK İşlem Yasağı Nedeniyle Pay Duyurusu,DKB,https://www.kap.org.tr/tr/Bildirim/1572297
TOASO,2026-03-13 14:23:06,SPK İşlem Yasağı Nedeniyle Pay Duyurusu,SPK İşlem Yasağı Nedeniyle Pay Duyurusu,DKB,https://www.kap.org.tr/tr/Bildirim/1572297
PGSUS,2026-03-13 14:23:06,SPK İşlem Yasağı Nedeniyle Pay Duyurusu,SPK İşlem Yasağı Nedeniyle Pay Duyurusu,DKB,https://www.kap.org.tr/tr/Bildirim/1572297
EREGL,2026-03-13 14:23:06,SPK İşlem Yasağı Nedeniyle Pay Duyurusu,SPK İşlem Yasağı Nedeniyle Pay Duyurusu,DKB,https://www.kap.org.tr/tr/Bildirim/1572297
TUPRS,2026-03-13 14:23:06,SPK İşlem Yasağı Nedeniyle Pay Duyurusu,SPK İşlem Yasağı Nedeniyle Pay Duyurusu,DKB,https://www.kap.org.tr/tr/Bildirim/1572297
SASA,2026-03-13 14:23:06,SPK İşlem Yasağı Nedeniyle Pay Duyurusu,SPK İşlem Yasağı Nedeniyle Pay Duyurusu,DKB,https://www.kap.org.tr/tr/Bildirim/1572297
CIMSA,2026-03-13 14:23:06,SPK İşlem Yasağı Nedeniyle Pay Duyurusu,SPK İşlem Yasağı Nedeniyle Pay Duyurusu,DKB,https://www.kap.org.tr/tr/Bildirim/1572297
HALKB,2026-03-13 12:49:47,Pay Bazında Devre Kesici Bildirimi,HALKB.E işlem sırasında Pay Bazında Devre Kesici Uygulaması devreye girmiştir,DKB,https://www.kap.org.tr/tr/Bildirim/1572259
VAKBN,2026-03-13 11:20:07,Pay Bazında Devre Kesici Bildirimi,VAKBN.E işlem sırasında Pay Bazında Devre Kesici Uygulaması devreye girmiştir,DKB,https://www.kap.org.tr/tr/Bildirim/1572234
SASA,2026-03-13 11:06:38,Şirket Genel Bilgi Formu,,DG,https://www.kap.org.tr/tr/Bildirim/1572220
SASA,2026-03-13 09:09:17,Pay Alım Satım Bildirimi,Pay Alım Satım Bildirimi,DKB,https://www.kap.org.tr/tr/Bildirim/1572150
SASA,2026-03-13 09:02:37,Özel Durum Açıklaması (Genel),Yönetim Kurulu Üyesi Ataması,ODA,https://www.kap.org.tr/tr/Bildirim/1572144
ARCLK,2026-03-13 08:47:54,Finansal Duran Varlık Edinimi,Koç Finansman A.Ş Paylarının Satın Alımı,ODA,https://www.kap.org.tr/tr/Bildirim/1572139
KCHOL,2026-03-13 08:47:54,Finansal Duran Varlık Edinimi,Koç Finansman A.Ş Paylarının Satın Alımı,ODA,https://www.kap.org.tr/tr/Bildirim/1572139
FROTO,2026-03-13 08:47:54,Finansal Duran Varlık Edinimi,Koç Finansman A.Ş Paylarının Satın Alımı,ODA,https://www.kap.org.tr/tr/Bildirim/1572139
FROTO,2026-03-13 08:47:43,Finansal Duran Varlık Satışı,Koç Finansman A.Ş. paylarının satışı,ODA,https://www.kap.org.tr/tr/Bildirim/1572138
ARCLK,2026-03-13 08:47:43,Finansal Duran Varlık Satışı,Koç Finansman A.Ş. paylarının satışı,ODA,https://www.kap.org.tr/tr/Bildirim/1572138
KCHOL,2026-03-13 08:47:43,Finansal Duran Varlık Satışı,Koç Finansman A.Ş. paylarının satışı,ODA,https://www.kap.org.tr/tr/Bildirim/1572138
ARCLK,2026-03-13 08:47:22,Finansal Duran Varlık Satışı,Koç Finansman A.Ş. paylarının satışı ,ODA,https://www.kap.org.tr/tr/Bildirim/1572137
KCHOL,2026-03-13 08:47:22,Finansal Duran Varlık Satışı,Koç Finansman A.Ş. paylarının satışı ,ODA,https://www.kap.org.tr/tr/Bildirim/1572137
FROTO,2026-03-13 08:47:22,Finansal Duran Varlık Satışı,Koç Finansman A.Ş. paylarının satışı ,ODA,https://www.kap.org.tr/tr/Bildirim/1572137
YKBNK,2026-03-12 22:26:54,Şirket Genel Bilgi Formu,,DG,https://www.kap.org.tr/tr/Bildirim/1572118
YKBNK,2026-03-12 22:26:44,Kurumsal Yönetim Bilgi Formu (Güncelleme) - Yönetim Kurulu-2,Komiteler tablosunda güncelleme,DG,https://www.kap.org.tr/tr/Bildirim/1572117
YKBNK,2026-03-12 22:25:35,Yönetim Kurulu Komiteleri,Yönetim Kurulu komiteleri,ODA,https://www.kap.org.tr/tr/Bildirim/1572116
YKBNK,2026-03-12 22:25:18,Özel Durum Açıklaması (Genel),Yönetim Kurulu Görev Dağılımı,ODA,https://www.kap.org.tr/tr/Bildirim/1572115
YKBNK,2026-03-12 19:16:57,Bağımsız Denetim Kuruluşunun Belirlenmesi,Bağımsız Denetim Kuruluşu seçiminin Genel Kurul'ca onaylanması,ODA,https://www.kap.org.tr/tr/Bildirim/1572010
YKBNK,2026-03-12 19:16:36,Kar Payı Dağıtım İşlemlerine İlişkin Bildirim,Kar dağıtımının Genel Kurul tarafından onaylanması,ODA,https://www.kap.org.tr/tr/Bildirim/1572009
YKBNK,2026-03-12 19:07:21,Genel Kurul İşlemlerine İlişkin Bildirim,Olağan Genel Kurul Toplantı Sonucu,ODA,https://www.kap.org.tr/tr/Bildirim/1571997
ODAS,2026-03-12 18:21:45,Katılım Finansı İlkeleri Bilgi Formu ,,DG,https://www.kap.org.tr/tr/Bildirim/1571956
HALKB,2026-03-12 18:21:31,Kar Payı Dağıtım İşlemlerine İlişkin Bildirim,Kar Payı Dağıtımına İlişkin Yönetim Kurulu Kararı,ODA,https://www.kap.org.tr/tr/Bildirim/1571946
VAKBN,2026-03-12 18:15:50,Kar Payı Dağıtım İşlemlerine İlişkin Bildirim,Kâr Dağıtım Tablosu,ODA,https://www.kap.org.tr/tr/Bildirim/1571936
HALKB,2026-03-12 18:15:43,Genel Kurul İşlemlerine İlişkin Bildirim,Olağan Genel Kurul Toplantı Çağrısı,ODA,https://www.kap.org.tr/tr/Bildirim/1571935
VAKBN,2026-03-12 18:15:30,Genel Kurul İşlemlerine İlişkin Bildirim,Türkiye Vakıflar Bankası T.A.O. Olağan Genel Kurul Toplantı Çağrısı ve Gündemi Hakkında,ODA,https://www.kap.org.tr/tr/Bildirim/1571934
FROTO,2026-03-12 17:46:00,Şirket Genel Bilgi Formu,,DG,https://www.kap.org.tr/tr/Bildirim/1571896
HALKB,2026-03-12 17:35:26,Borçlanma Araçlarının / Kira Sertifikalarının İşlem Görmeye Başlaması,Borçlanma Araçlarının / Kira Sertifikalarının İşlem Görmeye Başlaması,DKB,https://www.kap.org.tr/tr/Bildirim/1571887
TCELL,2026-03-12 17:35:26,Borçlanma Araçlarının / Kira Sertifikalarının İşlem Görmeye Başlaması,Borçlanma Araçlarının / Kira Sertifikalarının İşlem Görmeye Başlaması,DKB,https://www.kap.org.tr/tr/Bildirim/1571887
EKGYO,2026-03-12 15:33:45,Özel Durum Açıklaması (Genel),İstanbul Beşiktaş Dikilitaş Güney Yer Teslimi,ODA,https://www.kap.org.tr/tr/Bildirim/1571792
FROTO,2026-03-12 15:06:50,Kurumsal Yönetim Bilgi Formu (Güncelleme) - Yönetim Kurulu-2,Yönetim Kurulu Komite Üyeliklerinin Güncellenmesi,DG,https://www.kap.org.tr/tr/Bildirim/1571686
FROTO,2026-03-12 15:05:36,Şirket Genel Bilgi Formu,,DG,https://www.kap.org.tr/tr/Bildirim/1571685
FROTO,2026-03-12 15:05:02,Özel Durum Açıklaması (Genel),Yönetim Kurulu Komite Üyeliklerinin Belirlenmesi,ODA,https://www.kap.org.tr/tr/Bildirim/1571684
FROTO,2026-03-12 15:00:53,Özel Durum Açıklaması (Genel),Yönetim Kurulu Üyelerinin görev dağılımı hakkında karar alınması,ODA,https://www.kap.org.tr/tr/Bildirim/1571680
FROTO,2026-03-12 13:42:12,Kar Dağıtım Politikası,Daha önce yayınlanan şirket kar dağıtım politikasının şirket özet bilgiler ekranında güncellenmesi,ODA,https://www.kap.org.tr/tr/Bildirim/1571603
FROTO,2026-03-12 13:37:32,Bağımsız Denetim Kuruluşunun Belirlenmesi,Bağımsız Denetim Şirketi seçiminin Genel Kurul'ca onaylanması,ODA,https://www.kap.org.tr/tr/Bildirim/1571601
FROTO,2026-03-12 13:36:14,Kar Payı Dağıtım İşlemlerine İlişkin Bildirim,Olağan Genel Kurul Kar Dağıtım Sonucu,ODA,https://www.kap.org.tr/tr/Bildirim/1571600
FROTO,2026-03-12 13:26:00,Genel Kurul İşlemlerine İlişkin Bildirim,Olağan Genel Kurul Toplantı Sonucu,ODA,https://www.kap.org.tr/tr/Bildirim/1571589
EKGYO,2026-03-12 11:24:37,Özel Durum Açıklaması (Genel),İstanbul Küçükçekmece Halkalı Batı 1. Etap İhalesi 2. Oturum Tarihi,ODA,https://www.kap.org.tr/tr/Bildirim/1571542
HALKB,2026-03-12 10:26:33,Pay Dışında Sermaye Piyasası Aracı İşlemlerine İlişkin Bildirim (Faiz İçeren),Finansman Bonosu İhracına İlişkin Nitelikli Yatırımcıya Satışın Tamamlanması,ODA,https://www.kap.org.tr/tr/Bildirim/1571523
TCELL,2026-03-12 09:40:57,Pay Dışında Sermaye Piyasası Aracı İşlemlerine İlişkin Bildirim (Faiz İçeren),Finansman Bonosu İhracı,ODA,https://www.kap.org.tr/tr/Bildirim/1571483
SASA,2026-03-12 09:01:16,Pay Alım Satım Bildirimi,"Pay Alım Satım Bildirimi
",DKB,https://www.kap.org.tr/tr/Bildirim/1571460
TCELL,2026-03-11 23:30:49,TSRS Uyumlu Sürdürülebilirlik Raporu,2025 TSRS Uyumlu Sürdürülebilirlik Raporu,FR,https://www.kap.org.tr/tr/Bildirim/1571315
TCELL,2026-03-11 23:24:49,Sürdürülebilirlik Uyum Raporu,2025 Sürdürülebilirlik İlkeleri Uyum Raporu,DG,https://www.kap.org.tr/tr/Bildirim/1571310
TCELL,2026-03-11 23:20:28,Kurumsal Yönetim Bilgi Formu,Kurumsal Yönetim Bilgi Formu,DG,https://www.kap.org.tr/tr/Bildirim/1571306
TCELL,2026-03-11 23:18:07,Kurumsal Yönetim Uyum Raporu,Kurumsal Yönetim Uyum Raporu,DG,https://www.kap.org.tr/tr/Bildirim/1571305
TCELL,2026-03-11 23:17:22,Entegre Rapor,2025 Entegre Faaliyet Raporu,FR,https://www.kap.org.tr/tr/Bildirim/1571304
TCELL,2026-03-11 23:15:33,Faaliyet Raporu Sorumluluk Beyanı,2025 Yılı Faaliyet Raporu Sorumluluk Beyanı,FR,https://www.kap.org.tr/tr/Bildirim/1571303
MGROS,2026-03-11 23:01:48,Sürdürülebilirlik Uyum Raporu,Sürdürülebilirlik İlkeleri Uyum Raporu 2025,DG,https://www.kap.org.tr/tr/Bildirim/1571257
TCELL,2026-03-11 22:49:55,Faaliyet Raporu (Konsolide),2025 Faaliyet Raporu,FR,https://www.kap.org.tr/tr/Bildirim/1571241
MGROS,2026-03-11 22:47:54,Kurumsal Yönetim Uyum Raporu,Kurumsal Yönetim Uyum Raporu 2025,DG,https://www.kap.org.tr/tr/Bildirim/1571239
MGROS,2026-03-11 22:47:43,Kurumsal Yönetim Bilgi Formu,Kurumsal Yönetim Bilgi Formu 2025,DG,https://www.kap.org.tr/tr/Bildirim/1571238
ODAS,2026-03-11 22:23:18,Kurumsal Yönetim Uyum Raporu,2025 Kurumsal Yönetim Uyum Raporu,DG,https://www.kap.org.tr/tr/Bildirim/1571193
ODAS,2026-03-11 22:23:07,Kurumsal Yönetim Bilgi Formu,2025 Yılı Kurumsal Yönetim Bilgi Formu,DG,https://www.kap.org.tr/tr/Bildirim/1571192
ODAS,2026-03-11 22:21:46,Sürdürülebilirlik Uyum Raporu,Sürdürülebilirlik Uyum Raporu 2025,DG,https://www.kap.org.tr/tr/Bildirim/1571191
ODAS,2026-03-11 22:21:38,Sorumluluk Beyanı (Konsolide),01.01.2025 - 31.12.2025 Dönemi Sorumluluk Beyanı,FR,https://www.kap.org.tr/tr/Bildirim/1571190
ODAS,2026-03-11 22:21:28,Faaliyet Raporu (Konsolide),01.01.2025 - 31.12.2025 Dönemi Faaliyet Raporu,FR,https://www.kap.org.tr/tr/Bildirim/1571189
ODAS,2026-03-11 22:21:10,Finansal Rapor,,FR,https://www.kap.org.tr/tr/Bildirim/1571188
MGROS,2026-03-11 21:59:29,Faaliyet Raporu Sorumluluk Beyanı,Entegre Faaliyet Raporu (2025) - Sorumluluk Beyanı,FR,https://www.kap.org.tr/tr/Bildirim/1571176
MGROS,2026-03-11 21:59:00,Faaliyet Raporu (Konsolide),Entegre Faaliyet Raporu 2025,FR,https://www.kap.org.tr/tr/Bildirim/1571174
KONTR,2026-03-11 21:15:14,Sürdürülebilirlik Uyum Raporu,2025 Yılı Sürdürülebilirlik Uyum Raporu,DG,https://www.kap.org.tr/tr/Bildirim/1571057
KONTR,2026-03-11 21:14:26,Kurumsal Yönetim Uyum Raporu,2025 Yılı Kurumsal Yönetim Uyum Raporu,DG,https://www.kap.org.tr/tr/Bildirim/1571053
KONTR,2026-03-11 21:10:38,Faaliyet Raporu Sorumluluk Beyanı,31.12.2025 Faaliyet Raporuna İlişkin Sorumluluk Beyanı,FR,https://www.kap.org.tr/tr/Bildirim/1571036
KONTR,2026-03-11 21:09:11,Kurumsal Yönetim Bilgi Formu,2025 Yılı Kurumsal Yönetim Bilgi Formu,DG,https://www.kap.org.tr/tr/Bildirim/1571032
KONTR,2026-03-11 21:06:46,Faaliyet Raporu (Konsolide),2025 Yılı Faaliyet Raporu,FR,https://www.kap.org.tr/tr/Bildirim/1571025
TUPRS,2026-03-11 19:36:28,Şirket Genel Bilgi Formu,,DG,https://www.kap.org.tr/tr/Bildirim/1570874
GUBRF,2026-03-11 19:14:17,Finansal Rapor Ek Süre Taleplerine İlişkin SPK Değerlendirmesi,Finansal Rapor Ek Süre Taleplerine İlişkin SPK Değerlendirmesi,DKB,https://www.kap.org.tr/tr/Bildirim/1570848
TUPRS,2026-03-11 19:02:37,Bağımsız Denetim Kuruluşunun Belirlenmesi,Bağımsız Denetim Kuruluşu Seçimi Genel Kurul Kararı,ODA,https://www.kap.org.tr/tr/Bildirim/1570803
TUPRS,2026-03-11 18:58:50,Kar Payı Dağıtım İşlemlerine İlişkin Bildirim,Kar Dağıtım Önerisi'nin Olağan Genel Kurul Toplantısında Onaylanması ,ODA,https://www.kap.org.tr/tr/Bildirim/1570793
TUPRS,2026-03-11 18:45:17,Genel Kurul İşlemlerine İlişkin Bildirim,Olağan Genel Kurul Toplantı Sonucu,ODA,https://www.kap.org.tr/tr/Bildirim/1570753
PGSUS,2026-03-11 18:35:05,Pay Dışında Sermaye Piyasası Aracı İşlemlerine İlişkin Bildirim (Faiz İçeren),Yurt Dışı Tahvil 3. Kupon Ödemesi,ODA,https://www.kap.org.tr/tr/Bildirim/1570707
PGSUS,2026-03-11 18:34:54,Pay Dışında Sermaye Piyasası Aracı İşlemlerine İlişkin Bildirim (Faiz İçeren),Yurt Dışı Tahvil 3. Kupon Ödemesi,ODA,https://www.kap.org.tr/tr/Bildirim/1570704
PGSUS,2026-03-24 22:01:18,Özel Durum Açıklaması (Genel),Bağımsız Yönetim Kurulu Üye Adayı,ODA,https://www.kap.org.tr/tr/Bildirim/1575322
AKBNK,2026-03-24 18:53:50,Kar Payı Dağıtım İşlemlerine İlişkin Bildirim,2025 Yılı Kârının Dağıtımı Hakkında.,ODA,https://www.kap.org.tr/tr/Bildirim/1575270
TUPRS,2026-03-24 18:19:31,Bağımsız Denetim Kuruluşunun Belirlenmesi,Bağımsız Denetim Kuruluşu Seçiminin  Tescil ve İlanı,ODA,https://www.kap.org.tr/tr/Bildirim/1575233
TUPRS,2026-03-24 18:19:17,Genel Kurul İşlemlerine İlişkin Bildirim,Olağan Genel Kurul Kararlarının Tescili,ODA,https://www.kap.org.tr/tr/Bildirim/1575232
AKBNK,2026-03-24 18:14:49,Genel Kurul İşlemlerine İlişkin Bildirim,24.03.2026 Tarihli Ortaklar Olağan Genel Kurul Toplantısı Kararları.,ODA,https://www.kap.org.tr/tr/Bildirim/1575219
HALKB,2026-03-24 18:05:39,Pay Dışında Sermaye Piyasası Aracı İşlemlerine İlişkin Bildirim (Faiz İçeren),Yurtdışı Piyasalara İlave Ana Sermayeye Dahil Edilebilir Tahvil İhracına İlişkin SPK Onayı,ODA,https://www.kap.org.tr/tr/Bildirim/1575205
YKBNK,2026-03-24 17:03:12,Pay Dışında Sermaye Piyasası Aracı İşlemlerine İlişkin Bildirim (Faiz İçeren),Özkaynak hesaplamasına dahil edilebilir nitelikte yurtiçinde ihraç edilen borçlanma aracının kupon oranı,ODA,https://www.kap.org.tr/tr/Bildirim/1575139
SISE,2026-03-24 17:02:32,"Borçlanma Araçları, Yatırım Fonları ve Varant İtfa/Kupon/Getiri/ Nakdi Uzlaşı Ödeme İşlemleri","Borçlanma Araçları, Yatırım Fonları ve Varant İtfa/Kupon/Getiri/ Nakdi Uzlaşı Ödeme İşlemleri",DKB,https://www.kap.org.tr/tr/Bildirim/1575137
KCHOL,2026-03-24 16:53:41,Hak Kullanımı,,DKB,https://www.kap.org.tr/tr/Bildirim/1575118
SISE,2026-03-24 16:05:18,Pay Dışında Sermaye Piyasası Aracı İşlemlerine İlişkin Bildirim (Faiz İçeren),TRSSISE32621 ISIN Kodlu Tahvilin Kupon Ödemesi ve İtfası,ODA,https://www.kap.org.tr/tr/Bildirim/1575078
TKFEN,2026-03-24 14:31:07,VİOP İşlem İptali Duyuruları,VİOP İşlem İptali Duyuruları,DKB,https://www.kap.org.tr/tr/Bildirim/1575028
SASA,2026-03-24 08:58:34,Pay Alım Satım Bildirimi,Pay Alım Satım Bildirimi,DKB,https://www.kap.org.tr/tr/Bildirim/1574901
AKBNK,2026-03-23 20:02:08,Pay Dışında Sermaye Piyasası Aracı İşlemlerine İlişkin Bildirim (Faiz İçeren),XS2965716017 ISIN Kodlu Yeşil/Sürdürülebilir Temalı Tahvilin İtfası,ODA,https://www.kap.org.tr/tr/Bildirim/1574882
HALKB,2026-03-23 19:56:03,Pay Dışında Sermaye Piyasası Aracı İşlemlerine İlişkin Bildirim (Faiz İçeren),Yurtdışı Piyasalara İlave Ana Sermayeye Dahil Edilebilir Tahvil İhracına İlişkin SPK Başvurusu,ODA,https://www.kap.org.tr/tr/Bildirim/1574881
GARAN,2026-03-23 18:31:50,Pay Dışında Sermaye Piyasası Aracı İşlemlerine İlişkin Bildirim (Faiz İçeren),MTN ihracı itfası ,ODA,https://www.kap.org.tr/tr/Bildirim/1574837
YKBNK,2026-03-23 18:15:24,Bağımsız Denetim Kuruluşunun Belirlenmesi,Bağımsız Denetim Kuruluşu seçiminin tescil ve ilanı,ODA,https://www.kap.org.tr/tr/Bildirim/1574817
YKBNK,2026-03-23 18:15:01,Genel Kurul İşlemlerine İlişkin Bildirim,Olağan Genel Kurul toplantı kararlarının tescili,ODA,https://www.kap.org.tr/tr/Bildirim/1574815
EREGL,2026-03-23 18:13:11,Entegre Rapor,2025 Yılı Entegre Faaliyet Raporu,FR,https://www.kap.org.tr/tr/Bildirim/1574809
EREGL,2026-03-23 18:12:52,Bağımsız Denetim Kuruluşunun Belirlenmesi,Sürdürülebilirlik Denetimi için Bağımsız Denetim Kuruluşunun Belirlenmesi,ODA,https://www.kap.org.tr/tr/Bildirim/1574808
EREGL,2026-03-23 18:12:37,Bağımsız Denetim Kuruluşunun Belirlenmesi,2026 Yılı Bağımsız Denetim Şirketi Seçimi,ODA,https://www.kap.org.tr/tr/Bildirim/1574807
KRDMD,2026-03-23 18:05:42,Özel Durum Açıklaması (Genel),"Satış Duyurusu Hk.
",ODA,https://www.kap.org.tr/tr/Bildirim/1574795
HALKB,2026-03-23 18:02:41,Özel Durum Açıklaması (Genel),Yurtdışı Piyasalara İlave Ana Sermayeye Dahil Edilebilir Tahvil İhracının Fiyatlanması,ODA,https://www.kap.org.tr/tr/Bildirim/1574793
TCELL,2026-03-23 18:01:15,Özel Durum Açıklaması (Genel),Murabaha Sendikasyon Kredisi Temini,ODA,https://www.kap.org.tr/tr/Bildirim/1574790
EKGYO,2026-03-23 18:01:14,Özel Durum Açıklaması (Genel),İstanbul Ataşehir Küçükbakkalköy Sözleşme İmzalanması,ODA,https://www.kap.org.tr/tr/Bildirim/1574789
VAKBN,2026-03-23 17:23:57,"Borçlanma Araçları, Yatırım Fonları ve Varant İtfa/Kupon/Getiri/ Nakdi Uzlaşı Ödeme İşlemleri","Borçlanma Araçları, Yatırım Fonları ve Varant İtfa/Kupon/Getiri/Nakdi Uzlaşı Ödeme İşlemleri",DKB,https://www.kap.org.tr/tr/Bildirim/1574756
PETKM,2026-03-23 17:12:48,Pay Bazında Devre Kesici Bildirimi,PETKM.E işlem sırasında Pay Bazında Devre Kesici Uygulaması devreye girmiştir,DKB,https://www.kap.org.tr/tr/Bildirim/1574746
MGROS,2026-03-23 17:01:07,Borsada İşlem Gören Tipe Dönüşüm Duyurusu,DÖNÜŞÜM,DKB,https://www.kap.org.tr/tr/Bildirim/1574724
EREGL,2026-03-23 17:01:07,Borsada İşlem Gören Tipe Dönüşüm Duyurusu,DÖNÜŞÜM,DKB,https://www.kap.org.tr/tr/Bildirim/1574724
GUBRF,2026-03-23 17:01:07,Borsada İşlem Gören Tipe Dönüşüm Duyurusu,DÖNÜŞÜM,DKB,https://www.kap.org.tr/tr/Bildirim/1574724
SISE,2026-03-23 16:34:14,Pay Dışında Sermaye Piyasası Aracı İşlemlerine İlişkin Bildirim (Faiz İçeren),TRSSISE32621 ISIN Kodlu Tahvilin 8. Kupon Oranı,ODA,https://www.kap.org.tr/tr/Bildirim/1574715
VAKBN,2026-03-23 15:20:57,Pay Dışında Sermaye Piyasası Aracı İşlemlerine İlişkin Bildirim (Faiz İçeren),Yurt İçinde Nitelikli Yatırımcılara İhraç Edilen Sermaye Benzeri Tahvilin 26. Kupon Ödemesi,ODA,https://www.kap.org.tr/tr/Bildirim/1574669
HALKB,2026-03-23 14:00:48,Özel Durum Açıklaması (Genel),Yurtdışı Piyasalara İlave Ana Sermayeye Dahil Edilebilir Tahvil İhracına İlişkin Bankaların Yetkilendirilmesi,ODA,https://www.kap.org.tr/tr/Bildirim/1574642
ISCTR,2026-03-23 13:49:21,Pay Bazında Devre Kesici Bildirimi,ISCTR.E işlem sırasında Pay Bazında Devre Kesici Uygulaması devreye girmiştir,DKB,https://www.kap.org.tr/tr/Bildirim/1574638
FROTO,2026-03-23 13:05:32,Pay Bazında Devre Kesici Bildirimi,FROTO.E işlem sırasında Pay Bazında Devre Kesici Uygulaması devreye girmiştir,DKB,https://www.kap.org.tr/tr/Bildirim/1574617
TOASO,2026-03-23 11:01:05,Pay Bazında Devre Kesici Bildirimi,TOASO.E işlem sırasında Pay Bazında Devre Kesici Uygulaması devreye girmiştir,DKB,https://www.kap.org.tr/tr/Bildirim/1574564
HALKB,2026-03-23 09:49:06,Özel Durum Açıklaması (Genel),GMTN ve DPR Programları Kurulumuna İlişkin Yönetim Kurulu Kararları,ODA,https://www.kap.org.tr/tr/Bildirim/1574501
TOASO,2026-03-23 09:22:12,BISTECH Pay Piyasası Alım Satım Sistemi Duyurusu,Hak Kullanımı,DKB,https://www.kap.org.tr/tr/Bildirim/1574487
MGROS,2026-03-23 08:58:38,Kredi Derecelendirmesi,Fitch Ratings'in kredi derecelendirme notu açıklaması,ODA,https://www.kap.org.tr/tr/Bildirim/1574477
VAKBN,2026-03-19 14:40:11,BIST Pay Endeksleri,"BIST 30, BIST 50, BIST 100, BIST 500, BIST Likit Banka, BIST Banka Dışı Likit 10, BIST Sürdürülebilirlik, BIST Sürdürülebilirlik 25 Dönemsel Endeks Değişiklikleri",DKB,https://www.kap.org.tr/tr/Bildirim/1574461
HALKB,2026-03-19 14:40:11,BIST Pay Endeksleri,"BIST 30, BIST 50, BIST 100, BIST 500, BIST Likit Banka, BIST Banka Dışı Likit 10, BIST Sürdürülebilirlik, BIST Sürdürülebilirlik 25 Dönemsel Endeks Değişiklikleri",DKB,https://www.kap.org.tr/tr/Bildirim/1574461
YKBNK,2026-03-19 14:40:11,BIST Pay Endeksleri,"BIST 30, BIST 50, BIST 100, BIST 500, BIST Likit Banka, BIST Banka Dışı Likit 10, BIST Sürdürülebilirlik, BIST Sürdürülebilirlik 25 Dönemsel Endeks Değişiklikleri",DKB,https://www.kap.org.tr/tr/Bildirim/1574461
FROTO,2026-03-19 14:40:11,BIST Pay Endeksleri,"BIST 30, BIST 50, BIST 100, BIST 500, BIST Likit Banka, BIST Banka Dışı Likit 10, BIST Sürdürülebilirlik, BIST Sürdürülebilirlik 25 Dönemsel Endeks Değişiklikleri",DKB,https://www.kap.org.tr/tr/Bildirim/1574461
TCELL,2026-03-19 14:40:11,BIST Pay Endeksleri,"BIST 30, BIST 50, BIST 100, BIST 500, BIST Likit Banka, BIST Banka Dışı Likit 10, BIST Sürdürülebilirlik, BIST Sürdürülebilirlik 25 Dönemsel Endeks Değişiklikleri",DKB,https://www.kap.org.tr/tr/Bildirim/1574461
SAHOL,2026-03-19 14:40:11,BIST Pay Endeksleri,"BIST 30, BIST 50, BIST 100, BIST 500, BIST Likit Banka, BIST Banka Dışı Likit 10, BIST Sürdürülebilirlik, BIST Sürdürülebilirlik 25 Dönemsel Endeks Değişiklikleri",DKB,https://www.kap.org.tr/tr/Bildirim/1574461
MGROS,2026-03-19 14:34:39,Genel Kurul İşlemlerine İlişkin Bildirim,Olağan Genel Kurul Toplantısı için Bilgilendirme Dokümanı,ODA,https://www.kap.org.tr/tr/Bildirim/1574455
VAKBN,2026-03-19 13:11:14,Pay Dışında Sermaye Piyasası Aracı İşlemlerine İlişkin Bildirim (Faiz İçeren),Yurt İçinde Nitelikli Yatırımcılara İhraç Edilen Sermaye Benzeri Tahvilin 27. Kuponunun Belirlenmesi,ODA,https://www.kap.org.tr/tr/Bildirim/1574423
VAKBN,2026-03-19 12:57:57,Pay Dışında Sermaye Piyasası Aracı İşlemlerine İlişkin Bildirim (Faiz İçeren),Yurt İçinde Nitelikli Yatırımcılara İhraç Edilen Sermaye Benzeri Tahvilin 27. Kuponunun Belirlenmesi,ODA,https://www.kap.org.tr/tr/Bildirim/1574413
TOASO,2026-03-19 12:31:45,Hak Kullanımı,,DKB,https://www.kap.org.tr/tr/Bildirim/1574403
ISCTR,2026-03-19 09:24:27,Pay Dışında Sermaye Piyasası Aracı İşlemlerine İlişkin Bildirim (Faiz İçeren),Yurtiçi TL cinsi katkı sermaye hesaplamasına dahil edilecek borçlanma aracı kupon ödemesi,ODA,https://www.kap.org.tr/tr/Bildirim/1574308
TCELL,2026-03-18 22:40:14,Özel Durum Açıklaması (Genel),SEC Yönetmeliği Kapsamında Uyum Bildirimi,ODA,https://www.kap.org.tr/tr/Bildirim/1574286
MGROS,2026-03-18 22:38:35,Kar Payı Dağıtım İşlemlerine İlişkin Bildirim,Yönetim Kurulu'nun 2025 yılına ilişkin kar payı dağıtımı önerisi,ODA,https://www.kap.org.tr/tr/Bildirim/1574285
MGROS,2026-03-18 21:39:48,Genel Kurul İşlemlerine İlişkin Bildirim,Genel Kurul Toplantısı Yapılmasına İlişkin Yönetim Kurulu Kararı,ODA,https://www.kap.org.tr/tr/Bildirim/1574278
MGROS,2026-03-18 21:39:07,Bağımsız Denetim Kuruluşunun Belirlenmesi,2026 yılı bağımsız denetim şirketi seçimi,ODA,https://www.kap.org.tr/tr/Bildirim/1574277
KCHOL,2026-03-18 19:21:12,Kurumsal Yönetim Bilgi Formu (Güncelleme) - Yönetim Kurulu-2,Kurumsal Yönetim Bilgi Formu (Güncelleme) - Yönetim Kurulu-2,DG,https://www.kap.org.tr/tr/Bildirim/1574210
KCHOL,2026-03-18 19:20:19,Şirket Genel Bilgi Formu,,DG,https://www.kap.org.tr/tr/Bildirim/1574209
KCHOL,2026-03-18 19:19:08,Yönetim Kurulu Komiteleri,Yönetim kurulu komitelerinin üyeliklerinin belirlenmesi ve yatırımcı ilişkileri birimi görevlendirmeleri,ODA,https://www.kap.org.tr/tr/Bildirim/1574208
KCHOL,2026-03-18 19:18:17,Bağımsız Denetim Kuruluşunun Belirlenmesi,Bağımsız denetim kuruluşu seçiminin genel kurulca onaylanması,ODA,https://www.kap.org.tr/tr/Bildirim/1574206
KCHOL,2026-03-18 19:17:13,Kar Payı Dağıtım İşlemlerine İlişkin Bildirim,Kâr Payı Dağıtımına İlişkin Genel Kurul Kararı,ODA,https://www.kap.org.tr/tr/Bildirim/1574205
KCHOL,2026-03-18 19:09:56,Genel Kurul İşlemlerine İlişkin Bildirim,Olağan Genel Kurul Toplantısı Sonucu,ODA,https://www.kap.org.tr/tr/Bildirim/1574202
TUPRS,2026-03-18 18:54:33,Kurumsal Yönetim Bilgi Formu (Güncelleme) - Yönetim Kurulu-2,Kurumsal Yönetim Bilgi Formu (Güncelleme)-Yönetim Kurulu-II,DG,https://www.kap.org.tr/tr/Bildirim/1574190
AKBNK,2026-03-18 18:25:48,Pay Dışında Sermaye Piyasası Aracı İşlemlerine İlişkin Bildirim (Faiz İçeren),XS2959498994 ISIN Kodlu Yeşil/Sürdürülebilir Temalı Tahvilin İtfası,ODA,https://www.kap.org.tr/tr/Bildirim/1574162
TUPRS,2026-03-18 18:18:11,Şirket Genel Bilgi Formu,,DG,https://www.kap.org.tr/tr/Bildirim/1574156
TUPRS,2026-03-18 18:16:51,Yönetim Kurulu Komiteleri,Yönetim Kurulu Komite Üyeliklerinin Belirlenmesi ve Yatırımcı İlişkileri Bölümü Görevlendirmeleri,ODA,https://www.kap.org.tr/tr/Bildirim/1574152
TOASO,2026-03-18 17:46:58,Pay Bazında Devre Kesici Bildirimi,TOASO.E işlem sırasında Pay Bazında Devre Kesici Uygulaması devreye girmiştir,DKB,https://www.kap.org.tr/tr/Bildirim/1574120
SISE,2026-03-18 16:54:24,Borsada İşlem Gören Tipe Dönüşüm Duyurusu,DÖNÜŞÜM,DKB,https://www.kap.org.tr/tr/Bildirim/1574091
FROTO,2026-03-18 16:54:24,Borsada İşlem Gören Tipe Dönüşüm Duyurusu,DÖNÜŞÜM,DKB,https://www.kap.org.tr/tr/Bildirim/1574091
SAHOL,2026-03-18 16:54:24,Borsada İşlem Gören Tipe Dönüşüm Duyurusu,DÖNÜŞÜM,DKB,https://www.kap.org.tr/tr/Bildirim/1574091
THYAO,2026-03-18 16:54:24,Borsada İşlem Gören Tipe Dönüşüm Duyurusu,DÖNÜŞÜM,DKB,https://www.kap.org.tr/tr/Bildirim/1574091
EREGL,2026-03-18 16:54:24,Borsada İşlem Gören Tipe Dönüşüm Duyurusu,DÖNÜŞÜM,DKB,https://www.kap.org.tr/tr/Bildirim/1574091
TUPRS,2026-03-18 16:54:24,Borsada İşlem Gören Tipe Dönüşüm Duyurusu,DÖNÜŞÜM,DKB,https://www.kap.org.tr/tr/Bildirim/1574091
TOASO,2026-03-18 16:54:24,Borsada İşlem Gören Tipe Dönüşüm Duyurusu,DÖNÜŞÜM,DKB,https://www.kap.org.tr/tr/Bildirim/1574091
CIMSA,2026-03-18 16:54:24,Borsada İşlem Gören Tipe Dönüşüm Duyurusu,DÖNÜŞÜM,DKB,https://www.kap.org.tr/tr/Bildirim/1574091
FROTO,2026-03-18 16:50:34,Pay Mali Hak Kullanım İşlemi - Nakit Ödeme,Hak Kullanım İşlemleri,DKB,https://www.kap.org.tr/tr/Bildirim/1574088
TUPRS,2026-03-18 16:50:34,Pay Mali Hak Kullanım İşlemi - Nakit Ödeme,Hak Kullanım İşlemleri,DKB,https://www.kap.org.tr/tr/Bildirim/1574088
TKFEN,2026-03-18 16:06:13,Pay Bazında Devre Kesici Bildirimi,TKFEN.E işlem sırasında Pay Bazında Devre Kesici Uygulaması devreye girmiştir,DKB,https://www.kap.org.tr/tr/Bildirim/1574031
ISCTR,2026-03-18 12:11:02,Pay Dışında Sermaye Piyasası Aracı İşlemlerine İlişkin Bildirim (Faiz İçeren),18.03.2026 vadeli T. İş Bankası A.Ş. Finansman Bonosu İtfası Hakkında ,ODA,https://www.kap.org.tr/tr/Bildirim/1573802
ISCTR,2026-03-31 23:53:49,Genel Kurul İşlemlerine İlişkin Bildirim,Olağan Genel Kurul Kararları,ODA,https://www.kap.org.tr/tr/Bildirim/1581788
ARCLK,2026-03-31 19:44:44,Kurumsal Yönetim Bilgi Formu (Güncelleme) - Yönetim Kurulu-2,Kurumsal Yönetim Bilgi Formu (Güncelleme) - Yönetim Kurulu-2,DG,https://www.kap.org.tr/tr/Bildirim/1581098
ARCLK,2026-03-31 19:43:25,Şirket Genel Bilgi Formu,,DG,https://www.kap.org.tr/tr/Bildirim/1581094
ARCLK,2026-03-31 19:42:32,Yönetim Kurulu Komiteleri,Yönetim Kurulu Komite Üyeliklerinin Belirlenmesi,ODA,https://www.kap.org.tr/tr/Bildirim/1581092
GARAN,2026-03-31 19:26:20,Pay Dışında Sermaye Piyasası Aracı İşlemlerine İlişkin Bildirim (Faiz İçeren),Yurtdışı Piyasalara Tahvil İhracı SPK Onayı,ODA,https://www.kap.org.tr/tr/Bildirim/1581058
GARAN,2026-03-31 19:25:52,Pay Dışında Sermaye Piyasası Aracı İşlemlerine İlişkin Bildirim (Faiz İçeren),Yurtdışı Piyasalara Tahvil İhracı SPK Onayı,ODA,https://www.kap.org.tr/tr/Bildirim/1581057
GARAN,2026-03-31 19:25:23,Pay Dışında Sermaye Piyasası Aracı İşlemlerine İlişkin Bildirim (Faiz İçeren),Yurtdışı Piyasalara Tahvil İhracı SPK Onayı,ODA,https://www.kap.org.tr/tr/Bildirim/1581054
GARAN,2026-03-31 19:24:56,Pay Dışında Sermaye Piyasası Aracı İşlemlerine İlişkin Bildirim (Faiz İçeren),Yurtdışı Piyasalara Tahvil İhracı SPK Onayı,ODA,https://www.kap.org.tr/tr/Bildirim/1581052
GARAN,2026-03-31 19:24:22,Yatırım Kuruluşu Varant - Sertifika - Senetlerine İlişkin Bildirim,Yatırım Kuruluşu Varantları İtfa Fiyatları ,ODA,https://www.kap.org.tr/tr/Bildirim/1581050
GARAN,2026-03-31 19:23:50,Kar Payı Dağıtım İşlemlerine İlişkin Bildirim,"2025 Yılı Kar Dağıtımı Hk.
",ODA,https://www.kap.org.tr/tr/Bildirim/1581049
SISE,2026-03-31 18:34:27,Kurumsal Yönetim Bilgi Formu (Güncelleme) - Yönetim Kurulu-2,Yönetim Kurulu - II,DG,https://www.kap.org.tr/tr/Bildirim/1580931
SISE,2026-03-31 18:33:40,Kurumsal Yönetim Bilgi Formu (Güncelleme) - Yönetim Kurulu-1,Yönetim Kurulu - I,DG,https://www.kap.org.tr/tr/Bildirim/1580929
SISE,2026-03-31 18:33:25,Kurumsal Yönetim Bilgi Formu (Güncelleme) - Pay Sahipleri,Pay Sahipleri,DG,https://www.kap.org.tr/tr/Bildirim/1580927
SISE,2026-03-31 18:33:04,Şirket Genel Bilgi Formu,,DG,https://www.kap.org.tr/tr/Bildirim/1580922
FROTO,2026-03-31 18:23:46,Kredi Derecelendirmesi,Kredi Derecelendirme Notu,ODA,https://www.kap.org.tr/tr/Bildirim/1580892
KCHOL,2026-03-31 18:15:12,Pay Alım Satım Bildirimi,Pay satış işleminin tamamlanması,ODA,https://www.kap.org.tr/tr/Bildirim/1580840
TUPRS,2026-03-31 18:15:12,Pay Alım Satım Bildirimi,Pay satış işleminin tamamlanması,ODA,https://www.kap.org.tr/tr/Bildirim/1580840
EREGL,2026-03-31 18:13:51,Payların Geri Alınmasına İlişkin Bildirim,Pay Geri Alım Programının Sona Ermesi,ODA,https://www.kap.org.tr/tr/Bildirim/1580830
AKBNK,2026-03-31 18:01:08,Pay Dışında Sermaye Piyasası Aracı İşlemlerine İlişkin Bildirim (Faiz İçeren),Yurtdışı Piyasalara Tahvil İhracı,ODA,https://www.kap.org.tr/tr/Bildirim/1580758
AKBNK,2026-03-31 18:00:47,Pay Dışında Sermaye Piyasası Aracı İşlemlerine İlişkin Bildirim (Faiz İçeren),Yurtdışı Piyasalara Tahvil İhracı,ODA,https://www.kap.org.tr/tr/Bildirim/1580757
KRDMD,2026-03-31 17:50:14,Şirket Genel Bilgi Formu,,DG,https://www.kap.org.tr/tr/Bildirim/1580730
VAKBN,2026-03-31 17:48:53,Pay Dışında Sermaye Piyasası Aracı İşlemlerine İlişkin Bildirim (Faiz İçeren),Borçlanma Araçlarına İlişkin Faiz Açıklaması,ODA,https://www.kap.org.tr/tr/Bildirim/1580727
ISCTR,2026-03-31 17:48:00,Borçlanma Araçlarının / Kira Sertifikalarının İşlem Görmeye Başlaması,Borçlanma Araçlarının / Kira Sertifikalarının İşlem Görmeye Başlaması,DKB,https://www.kap.org.tr/tr/Bildirim/1580724
EKGYO,2026-03-31 17:32:28,Özel Durum Açıklaması (Genel),İstanbul Ataşehir Küçükbakkalköy Yer Teslimi ,ODA,https://www.kap.org.tr/tr/Bildirim/1580693
EKGYO,2026-03-31 17:32:08,Özel Durum Açıklaması (Genel),Nezihpark Bahçekent Kısmi Geçici Kabul ,ODA,https://www.kap.org.tr/tr/Bildirim/1580691
EKGYO,2026-03-31 17:31:53,Özel Durum Açıklaması (Genel),İstanbul Kartal Millet Bahçesi Kısmi Geçici Kabul ,ODA,https://www.kap.org.tr/tr/Bildirim/1580690
ISCTR,2026-03-31 17:02:26,Hak Kullanımı,,DKB,https://www.kap.org.tr/tr/Bildirim/1580643
SAHOL,2026-03-31 17:02:26,Hak Kullanımı,,DKB,https://www.kap.org.tr/tr/Bildirim/1580643
CIMSA,2026-03-31 17:02:26,Hak Kullanımı,,DKB,https://www.kap.org.tr/tr/Bildirim/1580643
ISCTR,2026-03-31 16:52:54,Pay Dışında Sermaye Piyasası Aracı İşlemlerine İlişkin Bildirim (Faiz İçeren),Nitelikli Yatırımcılara Katkı Sermaye Hesaplamasına Dahil Edilecek Türk Lirası Borçlanma Aracı Satışının Tamamlanması ,ODA,https://www.kap.org.tr/tr/Bildirim/1580602
SAHOL,2026-03-31 16:50:43,Bağımsız Denetim Kuruluşunun Belirlenmesi,Denetçi ve Topluluk Denetçisinin Belirlenmesi,ODA,https://www.kap.org.tr/tr/Bildirim/1580598
SAHOL,2026-03-31 16:30:22,Kar Payı Dağıtım İşlemlerine İlişkin Bildirim,Genel Kurul'un Kar Payı Dağıtım Kararı,ODA,https://www.kap.org.tr/tr/Bildirim/1580562
SAHOL,2026-03-31 16:27:36,Genel Kurul İşlemlerine İlişkin Bildirim,2025 yII Olağan Genel Kurul Toplantısı Sonuçları,ODA,https://www.kap.org.tr/tr/Bildirim/1580548
GARAN,2026-03-31 15:59:28,Genel Kurul İşlemlerine İlişkin Bildirim,Bankamız Olağan Genel Kurul Toplantısı?nda alınan kararlar hk.,ODA,https://www.kap.org.tr/tr/Bildirim/1580493
VAKBN,2026-03-31 15:49:05,Pay Dışında Sermaye Piyasası Aracı İşlemlerine İlişkin Bildirim (Faiz İçeren),Borçlanma Araçlarına İlişkin Faiz Açıklaması,ODA,https://www.kap.org.tr/tr/Bildirim/1580470
VAKBN,2026-03-31 15:46:46,İzahname-Özet (SPK Tarafından Onaylanan),İzahname- Özet,DG,https://www.kap.org.tr/tr/Bildirim/1580465
VAKBN,2026-03-31 15:46:18,İzahname-Sermaye Piyasası Aracı Notu (SPK Tarafından Onaylanan),İzahname- Sermaye Piyasası Aracı Notu,DG,https://www.kap.org.tr/tr/Bildirim/1580462
VAKBN,2026-03-31 15:45:18,İzahname-İhraççı Bİlgi Dokümanı (SPK Tarafından Onaylanan),İzahname- İhraççı Bilgi Dokümanı,DG,https://www.kap.org.tr/tr/Bildirim/1580461
PGSUS,2026-03-31 15:22:46,Yönetim Kurulu Komiteleri,Yönetim Kurulu Görev Dağılımı ve Yönetim Kurulu Komiteleri,ODA,https://www.kap.org.tr/tr/Bildirim/1580376
ISCTR,2026-03-31 15:22:23,Bağımsız Denetim Kuruluşunun Belirlenmesi,Bağımsız Denetim Kuruluşunun Belirlenmesi,ODA,https://www.kap.org.tr/tr/Bildirim/1580375
PGSUS,2026-03-31 15:16:46,Kar Payı Dağıtım İşlemlerine İlişkin Bildirim,2025 Yılı Dönem Karının Kullanımına İlişkin Genel Kurul Kararı,ODA,https://www.kap.org.tr/tr/Bildirim/1580370
PGSUS,2026-03-31 15:10:50,Genel Kurul İşlemlerine İlişkin Bildirim,Olağan Genel Kurul Toplantı Tutanağı ve Hazır Bulunanlar Listesi,ODA,https://www.kap.org.tr/tr/Bildirim/1580365
ISCTR,2026-03-31 14:16:40,Kar Payı Dağıtım İşlemlerine İlişkin Bildirim,Kar Payı Dağıtımı Hakkında,ODA,https://www.kap.org.tr/tr/Bildirim/1580260
ISCTR,2026-03-31 13:49:24,Genel Kurul İşlemlerine İlişkin Bildirim,Olağan Genel Kurul Kararları,ODA,https://www.kap.org.tr/tr/Bildirim/1580235
ODAS,2026-03-31 13:26:28,Şirket Genel Bilgi Formu,,DG,https://www.kap.org.tr/tr/Bildirim/1580198
CIMSA,2026-03-30 23:28:27,Entegre Rapor,2025 Entegre Faaliyet Raporu,FR,https://www.kap.org.tr/tr/Bildirim/1579729
CIMSA,2026-03-30 23:28:13,TSRS Uyumlu Sürdürülebilirlik Raporu,31 Aralık 2025 tarihi itibarıyla TSRS Uyumlu Sürdürülebilirlik Raporu,FR,https://www.kap.org.tr/tr/Bildirim/1579727
TKFEN,2026-03-30 22:19:30,Katılım Finansı İlkeleri Bilgi Formu ,,DG,https://www.kap.org.tr/tr/Bildirim/1579569
KRDMD,2026-03-30 20:38:09,Özel Durum Açıklaması (Genel),Görevden Ayrılma Hk.,ODA,https://www.kap.org.tr/tr/Bildirim/1579398
CIMSA,2026-03-30 19:57:46,Şirket Genel Bilgi Formu,,DG,https://www.kap.org.tr/tr/Bildirim/1579321
CIMSA,2026-03-30 19:57:18,Özel Durum Açıklaması (Genel),Yönetim Kurulu Görev Dağılımı,ODA,https://www.kap.org.tr/tr/Bildirim/1579320
CIMSA,2026-03-30 19:52:30,Kar Payı Dağıtım İşlemlerine İlişkin Bildirim,2025 yılına ait karın kullanım şekli ile ilgili Genel Kurul kararı,ODA,https://www.kap.org.tr/tr/Bildirim/1579304
CIMSA,2026-03-30 19:51:18,Bağımsız Denetim Kuruluşunun Belirlenmesi,Bağımsız Denetim Kuruluşu Seçimi,ODA,https://www.kap.org.tr/tr/Bildirim/1579299
CIMSA,2026-03-30 19:45:40,Genel Kurul İşlemlerine İlişkin Bildirim,Olağan Genel Kurul Sonuç Bildirimi,ODA,https://www.kap.org.tr/tr/Bildirim/1579275
GUBRF,2026-03-30 19:28:36,Özel Durum Açıklaması (Genel),Bağlı Ortaklığın Kar Dağıtımı Kararı,ODA,https://www.kap.org.tr/tr/Bildirim/1579200
SASA,2026-03-30 18:15:43,İhraç Tavanına İlişkin Bildirim,Yurt Dışında Borçlanma Aracı İhracına İlişkin Yönetim Kurulu Kararı,ODA,https://www.kap.org.tr/tr/Bildirim/1578890
GARAN,2026-03-30 18:12:06,Pay Dışında Sermaye Piyasası Aracı İşlemlerine İlişkin Bildirim (Faiz İçeren),MTN ihracı itfası ,ODA,https://www.kap.org.tr/tr/Bildirim/1578859
EREGL,2026-03-30 18:12:02,Kar Payı Dağıtım İşlemlerine İlişkin Bildirim,2025 Olağan Genel Kurul Toplantısı Kar Dağıtım Sonucu,ODA,https://www.kap.org.tr/tr/Bildirim/1578858
GARAN,2026-03-30 18:11:54,Pay Dışında Sermaye Piyasası Aracı İşlemlerine İlişkin Bildirim (Faiz İçeren),MTN ihracı itfası ,ODA,https://www.kap.org.tr/tr/Bildirim/1578857
AKBNK,2026-03-30 16:43:49,Pay Mali Hak Kullanım İşlemi - Nakit Ödeme,Hak Kullanım İşlemleri,DKB,https://www.kap.org.tr/tr/Bildirim/1578528
MGROS,2026-03-30 16:38:21,Borsada İşlem Gören Tipe Dönüşüm Duyurusu,DÖNÜŞÜM,DKB,https://www.kap.org.tr/tr/Bildirim/1578522
FROTO,2026-03-30 15:24:50,Bağımsız Denetim Kuruluşunun Belirlenmesi,Bağımsız Denetim Kuruluşunun Tescili,ODA,https://www.kap.org.tr/tr/Bildirim/1578319
ISCTR,2026-03-30 15:17:43,İlişkili Taraf İşlemleri,Tapu Devir İşleminin Tamamlanması Hk.,ODA,https://www.kap.org.tr/tr/Bildirim/1578290
AKBNK,2026-03-30 11:53:58,Özel Durum Açıklaması (Genel),Arsan Varlık Yönetim A.Ş.- İhale sonrası Devir İşlemlerinin tamamlanması hakkında.,ODA,https://www.kap.org.tr/tr/Bildirim/1578097
FROTO,2026-03-30 11:51:31,Genel Kurul İşlemlerine İlişkin Bildirim,Olağan Genel Kurul Tescili,ODA,https://www.kap.org.tr/tr/Bildirim/1578089
YKBNK,2026-03-30 11:29:20,Pay Dışında Sermaye Piyasası Aracı İşlemlerine İlişkin Bildirim (Faiz İçeren),Yurtdışında ihraç edilen borçlanma aracının itfası,ODA,https://www.kap.org.tr/tr/Bildirim/1578076
YKBNK,2026-03-30 11:29:00,Pay Dışında Sermaye Piyasası Aracı İşlemlerine İlişkin Bildirim (Faiz İçeren),Yurtdışında ihraç edilen borçlanma aracının itfası,ODA,https://www.kap.org.tr/tr/Bildirim/1578075
FROTO,2026-03-30 10:54:24,Kurumsal Yönetim İlkelerine Uyum Derecelendirmesi,Kurumsal Yönetim İlkelerine Uyum Derecelendirme Sözleşmesinin Yenilenmesi,ODA,https://www.kap.org.tr/tr/Bildirim/1578055
EKGYO,2026-03-30 10:51:36,Likidite Sağlayıcılık Kapsamındaki İşlemler,Emlak Konut Damlakent Projesi Gayrimenkul Sertifikalarında (DMLKT.G) Likidite Sağlayacılık Kapsamında Gerçekleştirilen İşlemler 16.03.2026-27.03.2026 ,DG,https://www.kap.org.tr/tr/Bildirim/1578049
AKBNK,2026-03-30 09:35:47,Özel Durum Açıklaması (Genel),Takipteki Kredi Alacakları Portföyünün Satışı,ODA,https://www.kap.org.tr/tr/Bildirim/1577984
GARAN,2026-03-28 03:45:29,Özel Durum Açıklaması (Genel),Garanti Bank S.A.?nın satışı ve 10.03.2026 tarihli açıklamamız,ODA,https://www.kap.org.tr/tr/Bildirim/1577861
EKGYO,2026-03-27 22:37:04,Özel Durum Açıklaması (Genel),Ankara Gölbaşı Taşpınar İhalesi 1. Oturum Sonucu,ODA,https://www.kap.org.tr/tr/Bildirim/1577844
EKGYO,2026-03-27 22:36:40,Özel Durum Açıklaması (Genel),İstanbul Eyüpsultan Hasdal 1. Etap Sözleşme İmzalanması,ODA,https://www.kap.org.tr/tr/Bildirim/1577843
TOASO,2026-03-27 19:34:19,Özel Durum Açıklaması (Genel),K9 Model Ticari Araç Yatırımının Finansmanı İçin Kredi Sözleşmesi İmzalanması Hakkında,ODA,https://www.kap.org.tr/tr/Bildirim/1577775
YKBNK,2026-03-27 19:34:18,Şirket Genel Bilgi Formu,,DG,https://www.kap.org.tr/tr/Bildirim/1577774
YKBNK,2026-03-27 19:34:02,Pay Dışında Sermaye Piyasası Aracı İşlemlerine İlişkin Bildirim (Faiz İçeren),Yurtdışında borçlanma aracı ihracının tamamlanması,ODA,https://www.kap.org.tr/tr/Bildirim/1577773
YKBNK,2026-03-27 19:33:38,Pay Dışında Sermaye Piyasası Aracı İşlemlerine İlişkin Bildirim (Faiz İçeren),Yurtdışında borçlanma aracı ihracının tamamlanması,ODA,https://www.kap.org.tr/tr/Bildirim/1577772
YKBNK,2026-03-27 19:33:09,Pay Dışında Sermaye Piyasası Aracı İşlemlerine İlişkin Bildirim (Faiz İçeren),Yurtdışında borçlanma aracı ihracının tamamlanması,ODA,https://www.kap.org.tr/tr/Bildirim/1577771
AKBNK,2026-03-27 18:54:26,Pay Dışında Sermaye Piyasası Aracı İşlemlerine İlişkin Bildirim (Faiz İçeren),Yurtdışı Piyasalara Tahvil İhracı,ODA,https://www.kap.org.tr/tr/Bildirim/1577735
SISE,2026-03-27 18:27:56,Bağımsız Denetim Kuruluşunun Belirlenmesi,Bağımsız Denetim Kuruluşunun Seçimi Hk.,ODA,https://www.kap.org.tr/tr/Bildirim/1577710
SISE,2026-03-27 18:25:14,Yönetim Kurulu Komiteleri,Yönetim Kurulu Komiteleri Görev Dağılımı,ODA,https://www.kap.org.tr/tr/Bildirim/1577709
SISE,2026-03-27 18:24:53,Özel Durum Açıklaması (Genel),Yönetim Kurulu Görev Dağılımı,ODA,https://www.kap.org.tr/tr/Bildirim/1577708
SISE,2026-03-27 18:23:46,Kar Payı Dağıtım İşlemlerine İlişkin Bildirim,Kar Payı Dağıtım İşlemlerine İlişkin Bildirim,ODA,https://www.kap.org.tr/tr/Bildirim/1577707
KCHOL,2026-03-27 18:22:14,Bağımsız Denetim Kuruluşunun Belirlenmesi,Bağımsız denetim kuruluşu seçiminin tescili ve TTSG'de ilanı,ODA,https://www.kap.org.tr/tr/Bildirim/1577704
KCHOL,2026-03-27 18:21:57,Genel Kurul İşlemlerine İlişkin Bildirim,Olağan genel kurul kararlarının tescili,ODA,https://www.kap.org.tr/tr/Bildirim/1577703
TKFEN,2026-03-27 18:20:34,Özel Durum Açıklaması (Genel),Pay Devir Bildirimi,ODA,https://www.kap.org.tr/tr/Bildirim/1577693
SISE,2026-03-27 18:16:25,Genel Kurul İşlemlerine İlişkin Bildirim,2025 Yılı Olağan Genel Kurul Toplantı Sonucu,ODA,https://www.kap.org.tr/tr/Bildirim/1577683
HALKB,2026-03-27 18:13:56,Pay Dışında Sermaye Piyasası Aracı İşlemlerine İlişkin Bildirim (Faiz İçeren),Yurtdışı Piyasalara İlave Ana Sermayeye Dahil Edilebilir Tahvil İhracının Tamamlanması,ODA,https://www.kap.org.tr/tr/Bildirim/1577680
TCELL,2026-03-27 17:54:48,Borçlanma Araçlarının / Kira Sertifikalarının İşlem Görmeye Başlaması,Borçlanma Araçlarının / Kira Sertifikalarının İşlem Görmeye Başlaması,DKB,https://www.kap.org.tr/tr/Bildirim/1577640
EKGYO,2026-03-27 17:32:26,Tertip İhraç Belgesi,"Emlak Konut GYO 6.Tertip İhraç Belgesi
",DG,https://www.kap.org.tr/tr/Bildirim/1577570
KCHOL,2026-03-27 17:13:11,Pay Mali Hak Kullanım İşlemi - Nakit Ödeme,Hak Kullanım İşlemleri,DKB,https://www.kap.org.tr/tr/Bildirim/1577548
YKBNK,2026-03-27 15:43:33,Pay Dışında Sermaye Piyasası Aracı İşlemlerine İlişkin Bildirim (Faiz İçeren),Yurtdışında ihraç edilen borçlanma aracının itfası,ODA,https://www.kap.org.tr/tr/Bildirim/1577444
YKBNK,2026-03-27 15:02:11,Özel Durum Açıklaması (Genel),Kripto varlık alım satım platformu kuruluşuna ilişkin SPK izni,ODA,https://www.kap.org.tr/tr/Bildirim/1577417
TAVHL,2026-03-27 14:40:55,Kayıtlı Sermaye Tavanı İşlemlerine İlişkin Bildirim,Kayıtlı sermaye geçerlilik süresinin uzatılmasına ilişkin Esas Sözleşme değişikliğine ilişkin Genel Kurul onayı,ODA,https://www.kap.org.tr/tr/Bildirim/1577400
TAVHL,2026-03-27 14:27:10,Kar Payı Dağıtım İşlemlerine İlişkin Bildirim,Kar Payı Dağıtım İşlemlerine İlişkin Bildirim,ODA,https://www.kap.org.tr/tr/Bildirim/1577389
VAKBN,2026-03-27 14:24:59,Pay Dışında Sermaye Piyasası Aracı İşlemlerine İlişkin Bildirim (Faiz İçeren),Borçlanma Araçlarına İlişkin SPK Başvurusu,ODA,https://www.kap.org.tr/tr/Bildirim/1577388
TAVHL,2026-03-27 14:10:36,Genel Kurul İşlemlerine İlişkin Bildirim,2025 Olağan Genel Kurul Toplantı Sonucu,ODA,https://www.kap.org.tr/tr/Bildirim/1577376
TUPRS,2026-03-27 11:03:10,BISTECH Pay Piyasası Alım Satım Sistemi Duyurusu,Toptan Alış Satış İşlemi,DKB,https://www.kap.org.tr/tr/Bildirim/1577275
GARAN,2026-03-27 10:06:08,Özel Durum Açıklaması (Genel),Tahsili Gecikmiş Alacak Portföyü Alımı,ODA,https://www.kap.org.tr/tr/Bildirim/1577225
TCELL,2026-03-27 09:22:50,Pay Dışında Sermaye Piyasası Aracı İşlemlerine İlişkin Bildirim (Faiz İçeren),Finansman Bonosu İhracı,ODA,https://www.kap.org.tr/tr/Bildirim/1577190
ODAS,2026-03-27 08:36:09,Pay Alım Satım Bildirimi,Pay Alım Satım Bildirimi,DKB,https://www.kap.org.tr/tr/Bildirim/1577171
PETKM,2026-03-26 21:10:24,Esas Sözleşme Tadili,Esas Sözleşme Değişikliği,ODA,https://www.kap.org.tr/tr/Bildirim/1576938
EREGL,2026-03-26 20:41:15,Şirket Genel Bilgi Formu,,DG,https://www.kap.org.tr/tr/Bildirim/1576836
EREGL,2026-03-26 20:41:03,Bağımsız Denetim Kuruluşunun Belirlenmesi,Genel Kurul Toplantısı Sürdürülebilirlik Denetimi için Bağımsız Denetim Kuruluşu Seçim Sonucu,ODA,https://www.kap.org.tr/tr/Bildirim/1576835
EREGL,2026-03-26 20:40:50,Bağımsız Denetim Kuruluşunun Belirlenmesi,Genel Kurul Toplantısı 2026 Yılı Bağımsız Denetim Şirketi Seçim Sonucu,ODA,https://www.kap.org.tr/tr/Bildirim/1576834
EREGL,2026-03-26 20:40:35,Kar Payı Dağıtım İşlemlerine İlişkin Bildirim,2025 Olağan Genel Kurul Toplantısı Kar Dağıtım Sonucu,ODA,https://www.kap.org.tr/tr/Bildirim/1576833
EREGL,2026-03-26 20:11:48,Genel Kurul İşlemlerine İlişkin Bildirim,2025 Yılına İlişkin Olağan Genel Kurul Toplantısı Sonucu,ODA,https://www.kap.org.tr/tr/Bildirim/1576817
AKBNK,2026-03-26 19:59:05,Pay Dışında Sermaye Piyasası Aracı İşlemlerine İlişkin Bildirim (Faiz İçeren),Yurtdışı Piyasalara Tahvil İhracı,ODA,https://www.kap.org.tr/tr/Bildirim/1576812
ARCLK,2026-03-26 19:46:47,Pay Dışında Sermaye Piyasası Aracı İşlemlerine İlişkin Bildirim (Faiz İçeren),XS2695038401 ISIN Kodlu Tahvilin Kupon Ödemesi,ODA,https://www.kap.org.tr/tr/Bildirim/1576809
ARCLK,2026-03-26 19:45:56,Pay Dışında Sermaye Piyasası Aracı İşlemlerine İlişkin Bildirim (Faiz İçeren),XS2721520802 ISIN kodlu Tahvilin Kupon Ödemesi,ODA,https://www.kap.org.tr/tr/Bildirim/1576808
KCHOL,2026-03-26 18:28:17,Toptan Alış Satış İşlemi ,-,DKB,https://www.kap.org.tr/tr/Bildirim/1576637
TUPRS,2026-03-26 18:28:17,Toptan Alış Satış İşlemi ,-,DKB,https://www.kap.org.tr/tr/Bildirim/1576637
AKBNK,2026-03-26 18:18:32,Özel Durum Açıklaması (Genel),"İhale sonrası Devir ve Temlik İşlemlerinin tamamlanması hk.
",ODA,https://www.kap.org.tr/tr/Bildirim/1576617
YKBNK,2026-03-26 17:03:43,"Borçlanma Araçları, Yatırım Fonları ve Varant İtfa/Kupon/Getiri/ Nakdi Uzlaşı Ödeme İşlemleri","Borçlanma Araçları, Yatırım Fonları ve Varant İtfa/Kupon/Getiri/Nakdi Uzlaşı Ödeme İşlemleri",DKB,https://www.kap.org.tr/tr/Bildirim/1576416
TUPRS,2026-03-26 16:53:17,Borsada İşlem Gören Tipe Dönüşüm Duyurusu,DÖNÜŞÜM,DKB,https://www.kap.org.tr/tr/Bildirim/1576402
ASELS,2026-03-26 16:53:17,Borsada İşlem Gören Tipe Dönüşüm Duyurusu,DÖNÜŞÜM,DKB,https://www.kap.org.tr/tr/Bildirim/1576402
YKBNK,2026-03-26 15:27:00,Pay Dışında Sermaye Piyasası Aracı İşlemlerine İlişkin Bildirim (Faiz İçeren),Yurtdışında borçlanma aracı ihracının tamamlanması,ODA,https://www.kap.org.tr/tr/Bildirim/1576277
YKBNK,2026-03-26 14:55:21,Pay Dışında Sermaye Piyasası Aracı İşlemlerine İlişkin Bildirim (Faiz İçeren),Özkaynak hesaplamasına dahil edilebilir nitelikte yurtiçinde ihraç edilen borçlanma aracının kupon ödemesi,ODA,https://www.kap.org.tr/tr/Bildirim/1576229
BIMAS,2026-03-26 14:48:47,Pay Alım Satım Bildirimi,"Pay Alım Satım Bildirimi
",DKB,https://www.kap.org.tr/tr/Bildirim/1576224
KCHOL,2026-03-26 09:55:40,Toptan Alış Satış İşlemi Bildirimi,TUPRS toptan alış satış işlem bildirimi,ODA,https://www.kap.org.tr/tr/Bildirim/1576079
TUPRS,2026-03-26 09:55:40,Toptan Alış Satış İşlemi Bildirimi,TUPRS toptan alış satış işlem bildirimi,ODA,https://www.kap.org.tr/tr/Bildirim/1576079
AKBNK,2026-03-26 09:30:32,BISTECH Pay Piyasası Alım Satım Sistemi Duyurusu,Hak Kullanımı,DKB,https://www.kap.org.tr/tr/Bildirim/1576060
AKBNK,2026-03-26 09:00:06,Özel Durum Açıklaması (Genel),Sendikasyon Kredisi Hakkında,ODA,https://www.kap.org.tr/tr/Bildirim/1576053
KCHOL,2026-03-26 00:16:57,Pay Alım Satım Bildirimi,Hisse satış sürecinde işlem detaylarının belirlenmesi,ODA,https://www.kap.org.tr/tr/Bildirim/1575944
TUPRS,2026-03-26 00:16:57,Pay Alım Satım Bildirimi,Hisse satış sürecinde işlem detaylarının belirlenmesi,ODA,https://www.kap.org.tr/tr/Bildirim/1575944
ISCTR,2026-03-25 23:35:30,Özel Durum Açıklaması (Genel),Yönetim Kurulu Üye Adayları Hakkında,ODA,https://www.kap.org.tr/tr/Bildirim/1575921
ARCLK,2026-03-25 20:05:18,Kredi Derecelendirmesi,Kredi Derecelendirmesi,ODA,https://www.kap.org.tr/tr/Bildirim/1575883
KCHOL,2026-03-25 19:00:04,Pay Alım Satım Bildirimi,Hisse satışına ilişkin yetkilendirme ve satış sürecinin başlangıcı,ODA,https://www.kap.org.tr/tr/Bildirim/1575866
TUPRS,2026-03-25 19:00:04,Pay Alım Satım Bildirimi,Hisse satışına ilişkin yetkilendirme ve satış sürecinin başlangıcı,ODA,https://www.kap.org.tr/tr/Bildirim/1575866
KRDMD,2026-03-25 18:28:17,Entegre Rapor,2025 Yılı Entegre Faaliyet Raporu,FR,https://www.kap.org.tr/tr/Bildirim/1575825
TUPRS,2026-03-25 18:22:10,Kredi Derecelendirmesi,Fitch Ratings Kredi Derecelendirme Notu,ODA,https://www.kap.org.tr/tr/Bildirim/1575803
ISCTR,2026-03-25 18:21:43,Maddi Duran Varlık Alımı,Kuledibi Binasının Satın Alınması Hakkında,ODA,https://www.kap.org.tr/tr/Bildirim/1575801
GARAN,2026-03-25 18:10:45,Pay Dışında Sermaye Piyasası Aracı İşlemlerine İlişkin Bildirim (Faiz İçeren),Yurtdışı Piyasalara Tahvil İhracı SPK Onayı,ODA,https://www.kap.org.tr/tr/Bildirim/1575755
HALKB,2026-03-25 18:07:57,İhraç Tavanına İlişkin Bildirim,Yurt İçinde Borçlanma Aracı İhracına İlişkin Genel Müdürlük Makamı'nın Yetkilendirilmesi,ODA,https://www.kap.org.tr/tr/Bildirim/1575752
HALKB,2026-03-25 18:07:49,İhraç Tavanına İlişkin Bildirim,Yurt İçinde Sermaye Benzeri Borçlanma Aracı İhracına İlişkin Genel Müdürlük Makamı'nın Yetkilendirilmesi,ODA,https://www.kap.org.tr/tr/Bildirim/1575751
YKBNK,2026-03-25 17:26:11,Pay Dışında Sermaye Piyasası Aracı İşlemlerine İlişkin Bildirim (Faiz İçeren),Özkaynak hesaplamasına dahil edilebilir nitelikte yurtiçinde ihraç edilen borçlanma aracının kupon oranı,ODA,https://www.kap.org.tr/tr/Bildirim/1575684
KCHOL,2026-03-25 17:16:55,Borsada İşlem Gören Tipe Dönüşüm Duyurusu,DÖNÜŞÜM,DKB,https://www.kap.org.tr/tr/Bildirim/1575671
MGROS,2026-03-25 17:16:55,Borsada İşlem Gören Tipe Dönüşüm Duyurusu,DÖNÜŞÜM,DKB,https://www.kap.org.tr/tr/Bildirim/1575671
ASELS,2026-03-25 17:16:55,Borsada İşlem Gören Tipe Dönüşüm Duyurusu,DÖNÜŞÜM,DKB,https://www.kap.org.tr/tr/Bildirim/1575671
YKBNK,2026-03-25 17:05:13,"Borçlanma Araçları, Yatırım Fonları ve Varant İtfa/Kupon/Getiri/ Nakdi Uzlaşı Ödeme İşlemleri","Borçlanma Araçları, Yatırım Fonları ve Varant İtfa/Kupon/Getiri/ Nakdi Uzlaşı Ödeme İşlemleri",DKB,https://www.kap.org.tr/tr/Bildirim/1575652
AKBNK,2026-03-25 16:59:02,Hak Kullanımı,,DKB,https://www.kap.org.tr/tr/Bildirim/1575647
TOASO,2026-03-25 16:53:19,Pay Mali Hak Kullanım İşlemi - Nakit Ödeme,Hak Kullanım İşlemleri,DKB,https://www.kap.org.tr/tr/Bildirim/1575640
EKGYO,2026-03-25 16:40:56,Özel Durum Açıklaması (Genel),Ankara Çankaya Alacaatlı İhale İlanı,ODA,https://www.kap.org.tr/tr/Bildirim/1575616
MGROS,2026-03-25 15:06:40,Geleceğe Dönük Değerlendirmeler,Geleceğe Yönelik Beklentiler,ODA,https://www.kap.org.tr/tr/Bildirim/1575510
YKBNK,2026-03-25 12:28:37,Pay Dışında Sermaye Piyasası Aracı İşlemlerine İlişkin Bildirim (Faiz İçeren),Özkaynak hesaplamasına dahil edilebilir nitelikte yurtiçinde ihraç edilen borçlanma aracının kupon ödemesi,ODA,https://www.kap.org.tr/tr/Bildirim/1575425
KCHOL,2026-03-25 09:26:16,BISTECH Pay Piyasası Alım Satım Sistemi Duyurusu,Hak Kullanımı,DKB,https://www.kap.org.tr/tr/Bildirim/1575354
BIMAS,2026-04-07 22:14:03,Bağımsız Denetim Kuruluşunun Belirlenmesi,Bağımsız Denetim Kuruluşu Seçimi,ODA,https://www.kap.org.tr/tr/Bildirim/1587326
BIMAS,2026-04-07 22:13:26,Özel Durum Açıklaması (Genel),"Bağımsız Yönetim Kurulu Üye Adayları, Özgeçmişleri ve Bağımsızlık Beyanları",ODA,https://www.kap.org.tr/tr/Bildirim/1587325
BIMAS,2026-04-07 22:12:43,Şirket Genel Bilgi Formu,,DG,https://www.kap.org.tr/tr/Bildirim/1587324
BIMAS,2026-04-07 22:12:31,Kar Payı Dağıtım İşlemlerine İlişkin Bildirim,2025 Yılı Karının Dağıtımı Hakkında Yönetim Kurulu Tavsiye Kararı,ODA,https://www.kap.org.tr/tr/Bildirim/1587323
BIMAS,2026-04-07 22:11:42,Genel Kurul İşlemlerine İlişkin Bildirim,2025 Yılı Olağan Genel Kurul Toplantısı Çağrısı,ODA,https://www.kap.org.tr/tr/Bildirim/1587322
EKGYO,2026-04-07 18:34:12,Pay Dışında Sermaye Piyasası Aracı İşlemlerine İlişkin Bildirim (Faizsiz),Yurtiçi Kira Sertifikası İhracı Nitelikli Yatırımcıya Satışın Tamamlanması Hk.,ODA,https://www.kap.org.tr/tr/Bildirim/1586977
EKGYO,2026-04-07 18:33:28,Pay Dışında Sermaye Piyasası Aracı İşlemlerine İlişkin Bildirim (Faizsiz),Yurtiçi Kira Sertifikası İhracı Nitelikli Yatırımcıya Satışın Tamamlanması Hk.,ODA,https://www.kap.org.tr/tr/Bildirim/1586976
KONTR,2026-04-07 18:24:04,Kredi Derecelendirmesi,Kredi Derecelendirme Bildirimi,ODA,https://www.kap.org.tr/tr/Bildirim/1586961
KONTR,2026-04-07 18:15:58,Kredi Derecelendirmesi,KREDİ DERECELENDİRME BİLDİRİMİ,ODA,https://www.kap.org.tr/tr/Bildirim/1586920
TOASO,2026-04-07 17:06:12,Pay Bazında Devre Kesici Bildirimi,TOASO.E işlem sırasında Pay Bazında Devre Kesici Uygulaması devreye girmiştir,DKB,https://www.kap.org.tr/tr/Bildirim/1586679
ODAS,2026-04-07 17:03:12,Pay Bazında Devre Kesici Bildirimi,ODAS.E işlem sırasında Pay Bazında Devre Kesici Uygulaması devreye girmiştir,DKB,https://www.kap.org.tr/tr/Bildirim/1586664
PGSUS,2026-04-07 15:42:09,Genel Kurul İşlemlerine İlişkin Bildirim,"	
31.03.2026 tarihli Olağan Genel Kurul Toplantısı Sonuçlarının Tescili",ODA,https://www.kap.org.tr/tr/Bildirim/1586338
AKBNK,2026-04-07 14:59:33,Pay Dışında Sermaye Piyasası Aracı İşlemlerine İlişkin Bildirim (Faiz İçeren),Yurtdışı Piyasalara Tahvil İhracı,ODA,https://www.kap.org.tr/tr/Bildirim/1586141
YKBNK,2026-04-07 14:33:02,Pay Dışında Sermaye Piyasası Aracı İşlemlerine İlişkin Bildirim (Faiz İçeren),Yurtdışında borçlanma aracı ihracının tamamlanması,ODA,https://www.kap.org.tr/tr/Bildirim/1586042
YKBNK,2026-04-07 11:25:03,Pay Dışında Sermaye Piyasası Aracı İşlemlerine İlişkin Bildirim (Faiz İçeren),Yurtdışında ihraç edilen borçlanma aracının itfası,ODA,https://www.kap.org.tr/tr/Bildirim/1585470
GARAN,2026-04-07 09:05:07,BISTECH Pay Piyasası Alım Satım Sistemi Duyurusu,Hak Kullanımı,DKB,https://www.kap.org.tr/tr/Bildirim/1585315
EKGYO,2026-04-06 23:50:01,Bağımsız Denetim Kuruluşunun Belirlenmesi,Bağımsız Denetim Kuruluşunun Seçimi,ODA,https://www.kap.org.tr/tr/Bildirim/1585299
EKGYO,2026-04-06 23:48:42,Genel Kurul İşlemlerine İlişkin Bildirim,2025 Yılı Olağan Genel Kurul Toplantısı,ODA,https://www.kap.org.tr/tr/Bildirim/1585298
EKGYO,2026-04-06 23:18:21,Özel Durum Açıklaması (Genel),İstanbul Eyüpsultan Hasdal 1. Etap Yer Teslimi ,ODA,https://www.kap.org.tr/tr/Bildirim/1585297
EKGYO,2026-04-06 23:18:10,Özel Durum Açıklaması (Genel),Ankara Gölbaşı Taşpınar İhalesi 2. Oturum Sonucu,ODA,https://www.kap.org.tr/tr/Bildirim/1585296
GUBRF,2026-04-06 20:48:12,Özel Durum Açıklaması (Genel),Yarımca Slowfert Tesisi Dönüşüm Yatırımı Hk.,ODA,https://www.kap.org.tr/tr/Bildirim/1585278
MGROS,2026-04-06 20:06:13,Özel Durum Açıklaması (Genel),Mart 2026 Mağaza Açılışları,ODA,https://www.kap.org.tr/tr/Bildirim/1585271
ARCLK,2026-04-06 18:49:21,Pay Dışında Sermaye Piyasası Aracı İşlemlerine İlişkin Bildirim (Faiz İçeren),TRSARCL42610 ISIN kodlu Bononun Kupon ve Anapara Ödemesi ile İtfası,ODA,https://www.kap.org.tr/tr/Bildirim/1585204
AKBNK,2026-04-06 18:03:47,Pay Dışında Sermaye Piyasası Aracı İşlemlerine İlişkin Bildirim (Faiz İçeren),Yurtdışı Piyasalara Tahvil İhracı,ODA,https://www.kap.org.tr/tr/Bildirim/1585094
KONTR,2026-04-06 17:28:38,Şirket Genel Bilgi Formu,,DG,https://www.kap.org.tr/tr/Bildirim/1585049
ARCLK,2026-04-06 17:22:05,"Borçlanma Araçları, Yatırım Fonları ve Varant İtfa/Kupon/Getiri/ Nakdi Uzlaşı Ödeme İşlemleri","Borçlanma Araçları, Yatırım Fonları ve Varant İtfa/Kupon/Getiri/Nakdi Uzlaşı Ödeme İşlemleri",DKB,https://www.kap.org.tr/tr/Bildirim/1585045
GARAN,2026-04-06 16:49:04,Hak Kullanımı,,DKB,https://www.kap.org.tr/tr/Bildirim/1584902
YKBNK,2026-04-06 11:31:14,Pay Dışında Sermaye Piyasası Aracı İşlemlerine İlişkin Bildirim (Faiz İçeren),Yurtdışında ihraç edilen borçlanma aracının itfası,ODA,https://www.kap.org.tr/tr/Bildirim/1584382
YKBNK,2026-04-06 11:30:46,Pay Dışında Sermaye Piyasası Aracı İşlemlerine İlişkin Bildirim (Faiz İçeren),Yurtdışında ihraç edilen borçlanma aracının itfası,ODA,https://www.kap.org.tr/tr/Bildirim/1584381
EKGYO,2026-04-06 10:32:52,Tertip İhraç Belgesi,Emlak Konut GYO 7.Tertip İhraç Belgesi,DG,https://www.kap.org.tr/tr/Bildirim/1584287
EKGYO,2026-04-06 10:32:41,Tertip İhraç Belgesi,Emlak Konut GYO 12.Tertip İhraç Belgesi,DG,https://www.kap.org.tr/tr/Bildirim/1584286
PETKM,2026-04-06 09:55:21,Esas Sözleşme Tadili,Esas Sözleşme değişikliğine ilişkin SPK onayı hakkında,ODA,https://www.kap.org.tr/tr/Bildirim/1584249
GUBRF,2026-04-05 23:10:20,Özel Durum Açıklaması (Genel),Bağlı ortaklığın mücbir sebeple üretime ara vermesi,ODA,https://www.kap.org.tr/tr/Bildirim/1584181
PGSUS,2026-04-03 23:53:40,Özel Durum Açıklaması (Genel),Bağımsız Yönetim Kurulu Üyesi ,ODA,https://www.kap.org.tr/tr/Bildirim/1584126
KRDMD,2026-04-03 21:12:44,Özel Durum Açıklaması (Genel),2 No.lu Sürekli Döküm Makinesi Yatırımı Hk,ODA,https://www.kap.org.tr/tr/Bildirim/1584104
TUPRS,2026-04-03 21:00:08,Özel Durum Açıklaması (Genel),Stadyum İsim Hakkı ve Reklam Sponsorluk Anlaşması Hakkında,ODA,https://www.kap.org.tr/tr/Bildirim/1584102
EKGYO,2026-04-03 20:17:25,Özel Durum Açıklaması (Genel),Tasfiye Protokolü,ODA,https://www.kap.org.tr/tr/Bildirim/1584088
EKGYO,2026-04-03 19:10:56,İhraç Tavanına İlişkin Bildirim,Kira Sertifikası İhracına İlişkin Yönetim Kurulu Kararı Alınması,ODA,https://www.kap.org.tr/tr/Bildirim/1584078
EKGYO,2026-04-03 18:59:28,İhraç Tavanına İlişkin Bildirim,Kira Sertifikası İhracı ve Yetkilendirmeler Hakkında,ODA,https://www.kap.org.tr/tr/Bildirim/1584011
PGSUS,2026-04-03 18:55:01,Şirket Genel Bilgi Formu,,DG,https://www.kap.org.tr/tr/Bildirim/1584010
HALKB,2026-04-03 18:28:01,BIST Pay Endeksleri,BIST Geri Alım Endeksi Dönemsel Değişiklikleri,DKB,https://www.kap.org.tr/tr/Bildirim/1583952
FROTO,2026-04-03 18:18:19,Şirket Genel Bilgi Formu,,DG,https://www.kap.org.tr/tr/Bildirim/1583942
SASA,2026-04-03 18:15:08,İhraç Tavanına İlişkin Bildirim,Yurt Dışında Borçlanma Aracı İhracına İlişkin SPK Başvurusu,ODA,https://www.kap.org.tr/tr/Bildirim/1583937
HALKB,2026-04-03 18:03:20,Şirket Genel Bilgi Formu,,DG,https://www.kap.org.tr/tr/Bildirim/1583914
ISCTR,2026-04-03 17:17:22,Pay Mali Hak Kullanım İşlemi - Nakit Ödeme,Hak Kullanım İşlemleri,DKB,https://www.kap.org.tr/tr/Bildirim/1583782
SAHOL,2026-04-03 17:17:22,Pay Mali Hak Kullanım İşlemi - Nakit Ödeme,Hak Kullanım İşlemleri,DKB,https://www.kap.org.tr/tr/Bildirim/1583782
CIMSA,2026-04-03 17:17:22,Pay Mali Hak Kullanım İşlemi - Nakit Ödeme,Hak Kullanım İşlemleri,DKB,https://www.kap.org.tr/tr/Bildirim/1583782
GARAN,2026-04-03 17:11:08,"Borçlanma Araçları, Yatırım Fonları ve Varant İtfa/Kupon/Getiri/ Nakdi Uzlaşı Ödeme İşlemleri","Borçlanma Araçları, Yatırım Fonları ve Varant İtfa/Kupon/Getiri/ Nakdi Uzlaşı Ödeme İşlemleri",DKB,https://www.kap.org.tr/tr/Bildirim/1583757
HALKB,2026-04-03 17:11:08,"Borçlanma Araçları, Yatırım Fonları ve Varant İtfa/Kupon/Getiri/ Nakdi Uzlaşı Ödeme İşlemleri","Borçlanma Araçları, Yatırım Fonları ve Varant İtfa/Kupon/Getiri/ Nakdi Uzlaşı Ödeme İşlemleri",DKB,https://www.kap.org.tr/tr/Bildirim/1583757
GUBRF,2026-04-03 15:12:23,Özel Durum Açıklaması (Genel),Bağlı Ortaklığımızın TİS Görüşmeleri Hk.,ODA,https://www.kap.org.tr/tr/Bildirim/1583530
HALKB,2026-04-03 10:54:40,Pay Dışında Sermaye Piyasası Aracı İşlemlerine İlişkin Bildirim (Faiz İçeren),Yurtiçinde Nitelikli Yatırımcılara Sermaye Benzeri Tahvil Kupon İtfası,ODA,https://www.kap.org.tr/tr/Bildirim/1583296
TAVHL,2026-04-03 07:31:48,Kredi Derecelendirmesi,Kredi Derecelendirmesi (S&P),ODA,https://www.kap.org.tr/tr/Bildirim/1583207
KONTR,2026-04-02 19:50:54,Özel Durum Açıklaması (Genel),Yönetim Kurulu Üyelerinin İstifası,ODA,https://www.kap.org.tr/tr/Bildirim/1583134
TCELL,2026-04-02 19:12:22,Şirket Genel Bilgi Formu,,DG,https://www.kap.org.tr/tr/Bildirim/1583112
GARAN,2026-04-02 18:17:10,Bağımsız Denetim Kuruluşunun Belirlenmesi,Bağımsız Denetim Kuruluşu seçiminin tescil ve ilanı,ODA,https://www.kap.org.tr/tr/Bildirim/1582986
GARAN,2026-04-02 18:16:58,Genel Kurul İşlemlerine İlişkin Bildirim,Olağan Genel Kurul Toplantısı Tescili hk.,ODA,https://www.kap.org.tr/tr/Bildirim/1582985
YKBNK,2026-04-02 18:15:47,Finansal Takvim,2026 1. Çeyrek Finansal Takvim,DG,https://www.kap.org.tr/tr/Bildirim/1582982
SASA,2026-04-02 18:14:26,Sermaye Artırımı - Azaltımı İşlemlerine İlişkin Bildirim,Şarta Bağlı Sermaye Artırımı - İhraç Belgesi Spk Onay Başvurusu,ODA,https://www.kap.org.tr/tr/Bildirim/1582981
GARAN,2026-04-02 18:12:45,Pay Dışında Sermaye Piyasası Aracı İşlemlerine İlişkin Bildirim (Faiz İçeren),MTN ihracı itfası ,ODA,https://www.kap.org.tr/tr/Bildirim/1582976
HALKB,2026-04-02 18:02:59,Pay Dışında Sermaye Piyasası Aracı İşlemlerine İlişkin Bildirim (Faiz İçeren),Yurtiçinde Nitelikli Yatırımcılara Sermaye Benzeri Tahvil Kupon Oranı,ODA,https://www.kap.org.tr/tr/Bildirim/1582965
HALKB,2026-04-02 18:02:48,İhraç Tavanına İlişkin Bildirim,Yurtiçinde Borçlanma Aracı İhraç Tavanına İlişkin SPK'ya Başvuru Yapılması,ODA,https://www.kap.org.tr/tr/Bildirim/1582964
PETKM,2026-04-02 17:48:39,Pay Bazında Devre Kesici Bildirimi,PETKM.E işlem sırasında Pay Bazında Devre Kesici Uygulaması devreye girmiştir,DKB,https://www.kap.org.tr/tr/Bildirim/1582959
YKBNK,2026-04-02 17:37:28,Pay Dışında Sermaye Piyasası Aracı İşlemlerine İlişkin Bildirim (Faiz İçeren),Yurtdışında borçlanma aracı ihracının tamamlanması,ODA,https://www.kap.org.tr/tr/Bildirim/1582953
ISCTR,2026-04-02 16:31:26,Yönetim Kurulu Komiteleri,Yönetim Kurulu Komitelerindeki Değişiklikler Hakkında,ODA,https://www.kap.org.tr/tr/Bildirim/1582864
EKGYO,2026-04-02 13:21:35,Pay Dışında Sermaye Piyasası Aracı İşlemlerine İlişkin Bildirim (Faizsiz),Yurtiçi Kira Sertifikası İtfa ve Getiri Ödemesi,ODA,https://www.kap.org.tr/tr/Bildirim/1582691
GARAN,2026-04-02 12:54:51,İhraç Tavanına İlişkin Bildirim,Borçlanma Araçları Onayı ? BDDK onay,ODA,https://www.kap.org.tr/tr/Bildirim/1582687
YKBNK,2026-04-02 08:35:02,Pay Dışında Sermaye Piyasası Aracı İşlemlerine İlişkin Bildirim (Faiz İçeren),Yurtdışında borçlanma aracı ihracının tamamlanması,ODA,https://www.kap.org.tr/tr/Bildirim/1582574
YKBNK,2026-04-02 08:34:20,Pay Dışında Sermaye Piyasası Aracı İşlemlerine İlişkin Bildirim (Faiz İçeren),Yurtdışında borçlanma aracı ihracının tamamlanması,ODA,https://www.kap.org.tr/tr/Bildirim/1582573
YKBNK,2026-04-02 08:33:17,Pay Dışında Sermaye Piyasası Aracı İşlemlerine İlişkin Bildirim (Faiz İçeren),Yurtdışında borçlanma aracı ihracının tamamlanması,ODA,https://www.kap.org.tr/tr/Bildirim/1582572
KONTR,2026-04-01 22:01:47,Sermaye Artırımından Elde Edilecek - Edilen Fonun Kullanımına İlişkin Rapor,Bedelli Sermaye Artırımından Elde Edilecek Fonun Kullanımına İlişkin Rapor,DG,https://www.kap.org.tr/tr/Bildirim/1582550
KONTR,2026-04-01 22:01:37,Sermaye Artırımı - Azaltımı İşlemlerine İlişkin Bildirim,Bedelli Sermaye Artırımına ilişkin Yönetim Kurulu Kararı ,ODA,https://www.kap.org.tr/tr/Bildirim/1582549
EKGYO,2026-04-01 20:21:48,Özel Durum Açıklaması (Genel),Ankara Gölbaşı Taşpınar İhalesi  2. Oturum Tarihi,ODA,https://www.kap.org.tr/tr/Bildirim/1582524
FROTO,2026-04-01 19:48:44,TSRS Uyumlu Sürdürülebilirlik Raporu,2025 TSRS Uyumlu Sürdürülebilirlik Raporu,FR,https://www.kap.org.tr/tr/Bildirim/1582509
EKGYO,2026-04-01 18:19:38,Pay Dışında Sermaye Piyasası Aracı İşlemlerine İlişkin Bildirim (Faizsiz),Yurtiçi Kira Sertifikası İhracı Nitelikli Yatırımcıya Satışın Tamamlanması Hk.,ODA,https://www.kap.org.tr/tr/Bildirim/1582415
SASA,2026-04-01 18:17:20,Sermaye Artırımı - Azaltımı İşlemlerine İlişkin Bildirim,Şarta Bağlı Sermaye Artırımı - İhraç Belgesi Spk Onay Başvurusu,ODA,https://www.kap.org.tr/tr/Bildirim/1582408
SASA,2026-04-01 18:16:58,İhraç Tavanına İlişkin Bildirim,"	
Yurt Dışında Borçlanma Aracı İhracına İlişkin SPK Başvurusu",ODA,https://www.kap.org.tr/tr/Bildirim/1582406
THYAO,2026-04-01 17:56:00,Özel Durum Açıklaması (Genel),DB Tarımsal Enerji ve Ticaret Anonim Şirketi Yatırım Süreci,ODA,https://www.kap.org.tr/tr/Bildirim/1582379
AKBNK,2026-04-01 17:14:22,Pay Dışında Sermaye Piyasası Aracı İşlemlerine İlişkin Bildirim (Faiz İçeren),XS3096174951 ISIN Kodlu Yurtdışı Piyasalara İhraç Edilen Tahvilin Kupon Ödemesi,ODA,https://www.kap.org.tr/tr/Bildirim/1582349
YKBNK,2026-04-01 16:56:44,Pay Dışında Sermaye Piyasası Aracı İşlemlerine İlişkin Bildirim (Faiz İçeren),Yurtdışında ihraç edilen borçlanma aracının itfası,ODA,https://www.kap.org.tr/tr/Bildirim/1582331
YKBNK,2026-04-01 16:56:29,Pay Dışında Sermaye Piyasası Aracı İşlemlerine İlişkin Bildirim (Faiz İçeren),Yurtdışında ihraç edilen borçlanma aracının itfası,ODA,https://www.kap.org.tr/tr/Bildirim/1582330
MGROS,2026-04-01 14:03:14,Finansal Takvim,Finansal Takvim,DG,https://www.kap.org.tr/tr/Bildirim/1582172
ISCTR,2026-04-01 10:46:06,Pay Dışında Sermaye Piyasası Aracı İşlemlerine İlişkin Bildirim (Faiz İçeren),Katkı Sermaye Hesaplamasına Dahil Edilecek Türk Lirası Borçlanma Aracı ek getiri oranı düzeltilmiştir.,ODA,https://www.kap.org.tr/tr/Bildirim/1582055
SAHOL,2026-04-01 10:05:18,Kayıtlı Sermaye Tavanı İşlemlerine İlişkin Bildirim,Esas Sözleşme Değişikliği Hakkında Genel Kurul Kararı,ODA,https://www.kap.org.tr/tr/Bildirim/1582031
TCELL,2026-04-01 09:57:57,Yeni İş İlişkisi,Turkcell Grup Şirketlerinden Alınan Sipariş hk.,ODA,https://www.kap.org.tr/tr/Bildirim/1582019
CIMSA,2026-04-01 09:43:41,Özel Durum Açıklaması (Genel),Yönetim Kurulu Komite Üyeliklerinin Belirlenmesi,ODA,https://www.kap.org.tr/tr/Bildirim/1582016
ISCTR,2026-04-01 09:16:01,BISTECH Pay Piyasası Alım Satım Sistemi Duyurusu,Hak Kullanımı,DKB,https://www.kap.org.tr/tr/Bildirim/1582006
SAHOL,2026-04-01 09:16:01,BISTECH Pay Piyasası Alım Satım Sistemi Duyurusu,Hak Kullanımı,DKB,https://www.kap.org.tr/tr/Bildirim/1582006
CIMSA,2026-04-01 09:16:01,BISTECH Pay Piyasası Alım Satım Sistemi Duyurusu,Hak Kullanımı,DKB,https://www.kap.org.tr/tr/Bildirim/1582006
KCHOL,2026-04-01 09:11:11,Kamuyu Aydınlatma Platformu Duyurusu,Özel Durumlar Tebliği'nin 12-(4). maddesi gereğince yapılan açıklama,DKB,https://www.kap.org.tr/tr/Bildirim/1582005
TUPRS,2026-04-01 09:11:11,Kamuyu Aydınlatma Platformu Duyurusu,Özel Durumlar Tebliği'nin 12-(4). maddesi gereğince yapılan açıklama,DKB,https://www.kap.org.tr/tr/Bildirim/1582005
TAVHL,2026-04-01 09:05:30,Şirket Genel Bilgi Formu,,DG,https://www.kap.org.tr/tr/Bildirim/1582000
SAHOL,2026-04-01 06:46:20,Özel Durum Açıklaması (Genel),Yönetim Kurulu Komite Üyeliklerinin Belirlenmesi,ODA,https://www.kap.org.tr/tr/Bildirim/1581981
SAHOL,2026-04-01 06:45:45,Özel Durum Açıklaması (Genel),Yönetim Kurulu Görev Dağılımı ,ODA,https://www.kap.org.tr/tr/Bildirim/1581980
SASA,2026-04-14 22:47:45,Katılım Finansı İlkeleri Bilgi Formu ,,DG,https://www.kap.org.tr/tr/Bildirim/1593481
VAKBN,2026-04-14 20:45:27,Kredi Derecelendirmesi,Fitch Ratings Derecelendirme Notları hakkında,ODA,https://www.kap.org.tr/tr/Bildirim/1593439
GARAN,2026-04-14 19:13:22,Kredi Derecelendirmesi,Fitch Ratings kredi derecelendirme notları hakkında,ODA,https://www.kap.org.tr/tr/Bildirim/1593426
AKBNK,2026-04-14 17:54:10,Pay Dışında Sermaye Piyasası Aracı İşlemlerine İlişkin Bildirim (Faiz İçeren),XS3028237744 ISIN Kodlu Yeşil/Sürdürülebilir Temalı Tahvilin İtfası,ODA,https://www.kap.org.tr/tr/Bildirim/1593314
YKBNK,2026-04-14 17:47:11,Pay Dışında Sermaye Piyasası Aracı İşlemlerine İlişkin Bildirim (Faiz İçeren),Yurtdışında borçlanma aracı ihracının tamamlanması,ODA,https://www.kap.org.tr/tr/Bildirim/1593276
VAKBN,2026-04-14 16:23:47,Pay Dışında Sermaye Piyasası Aracı İşlemlerine İlişkin Bildirim (Faiz İçeren),GMTN Programı Çerçevesinde Türkiye Dışında Sürdürülebilir Borçlanma Aracı İhracı SPK Onayı ,ODA,https://www.kap.org.tr/tr/Bildirim/1593095
ASELS,2026-04-14 13:14:52,Finansal Takvim,Finansal Takvim,DG,https://www.kap.org.tr/tr/Bildirim/1592928
YKBNK,2026-04-14 12:44:27,Pay Dışında Sermaye Piyasası Aracı İşlemlerine İlişkin Bildirim (Faiz İçeren),Yurtdışında ihraç edilen borçlanma aracının itfası,ODA,https://www.kap.org.tr/tr/Bildirim/1592919
YKBNK,2026-04-14 12:43:32,Pay Dışında Sermaye Piyasası Aracı İşlemlerine İlişkin Bildirim (Faiz İçeren),Yurtdışında ihraç edilen borçlanma aracının itfası,ODA,https://www.kap.org.tr/tr/Bildirim/1592918
THYAO,2026-04-14 11:55:13,Genel Kurul İşlemlerine İlişkin Bildirim,Olağan Genel Kurul Toplantı Kararlarının Tescili,ODA,https://www.kap.org.tr/tr/Bildirim/1592906
MGROS,2026-04-13 22:27:25,Kar Payı Dağıtım İşlemlerine İlişkin Bildirim,Kar Payı Dağıtımına İlişkin Genel Kurul Kararı,ODA,https://www.kap.org.tr/tr/Bildirim/1592676
MGROS,2026-04-13 21:01:13,Bağımsız Denetim Kuruluşunun Belirlenmesi,Bağımsız denetim şirketi seçiminin Genel Kurul'ca onaylanması,ODA,https://www.kap.org.tr/tr/Bildirim/1592647
MGROS,2026-04-13 21:00:54,Esas Sözleşme Tadili,Esas Sözleşme Tadiline İlişkin Genel Kurul Onayı,ODA,https://www.kap.org.tr/tr/Bildirim/1592646
MGROS,2026-04-13 21:00:24,Genel Kurul İşlemlerine İlişkin Bildirim,2025 Olağan Genel Kurul Toplantısı Sonucu,ODA,https://www.kap.org.tr/tr/Bildirim/1592644
CIMSA,2026-04-13 19:33:27,İhraç Belgesi,Yurtiçinde Borçlanma Aracı İhracına İlişkin SPK Onayı,DG,https://www.kap.org.tr/tr/Bildirim/1592497
CIMSA,2026-04-13 19:33:01,İhraç Tavanına İlişkin Bildirim,Yurtiçinde Borçlanma Aracı İhracına İlişkin SPK Onayı,ODA,https://www.kap.org.tr/tr/Bildirim/1592494
EKGYO,2026-04-13 19:13:14,Özel Durum Açıklaması (Genel),Tasfiye Protokolü,ODA,https://www.kap.org.tr/tr/Bildirim/1592447
EKGYO,2026-04-13 19:13:01,Finansal Duran Varlık Edinimi,Varlık Kiralama Şirketi Kuruluşu Hakkında,ODA,https://www.kap.org.tr/tr/Bildirim/1592446
PGSUS,2026-04-13 18:30:42,Özel Durum Açıklaması (Genel),2026 yılı Mart ayı trafik verileri ve karbon emisyonu istatistikleri ektedir.,ODA,https://www.kap.org.tr/tr/Bildirim/1592342
GARAN,2026-04-13 18:26:48,Özel Durum Açıklaması (Genel),Tahsili gecikmiş alacak portföy satışı hk. ,ODA,https://www.kap.org.tr/tr/Bildirim/1592336
ARCLK,2026-04-13 18:18:25,Bağımsız Denetim Kuruluşunun Belirlenmesi,2026 yılı Bağımsız Denetim Şirketi Seçimi Tescili,ODA,https://www.kap.org.tr/tr/Bildirim/1592329
ARCLK,2026-04-13 18:18:13,Genel Kurul İşlemlerine İlişkin Bildirim,Olağan genel kurul kararlarının tescili,ODA,https://www.kap.org.tr/tr/Bildirim/1592328
KCHOL,2026-04-13 18:15:18,Finansal Takvim,2026 1. Çeyrek Finansal Takvim,DG,https://www.kap.org.tr/tr/Bildirim/1592323
YKBNK,2026-04-13 17:11:41,Pay Dışında Sermaye Piyasası Aracı İşlemlerine İlişkin Bildirim (Faiz İçeren),Yurtdışında borçlanma aracı ihracının tamamlanması,ODA,https://www.kap.org.tr/tr/Bildirim/1592219
SASA,2026-04-13 15:55:25,Pay Alım Satım Bildirimi,"Pay Alım Satım Bildirimi
",DKB,https://www.kap.org.tr/tr/Bildirim/1592002
SAHOL,2026-04-13 13:54:07,Finansal Takvim,Finansal Takvim,DG,https://www.kap.org.tr/tr/Bildirim/1591837
EKGYO,2026-04-13 13:52:11,Özel Durum Açıklaması (Genel),Çorum Merkez Bahçelievler İhale İlanı,ODA,https://www.kap.org.tr/tr/Bildirim/1591836
YKBNK,2026-04-13 12:48:58,Şirket Genel Bilgi Formu,,DG,https://www.kap.org.tr/tr/Bildirim/1591763
GUBRF,2026-04-13 11:15:36,Kar Payı Dağıtım İşlemlerine İlişkin Bildirim,Kar Payı Dağıtımına İlişkin Yönetim Kurulu Kararı,ODA,https://www.kap.org.tr/tr/Bildirim/1591430
GUBRF,2026-04-13 11:15:10,Genel Kurul İşlemlerine İlişkin Bildirim,2025 Yılı Olağan Genel Kurul Toplantısı Daveti,ODA,https://www.kap.org.tr/tr/Bildirim/1591421
GUBRF,2026-04-13 11:14:54,Özel Durum Açıklaması (Genel),Bağımsız Denetçi Seçimi Hakkında,ODA,https://www.kap.org.tr/tr/Bildirim/1591420
EKGYO,2026-04-13 09:45:01,Likidite Sağlayıcılık Kapsamındaki İşlemler,Emlak Konut Damlakent Projesi Gayrimenkul Sertifikalarında (DMLKT.G) Likidite Sağlayacılık Kapsamında Gerçekleştirilen İşlemler 30.03.2026-10.04.2026,DG,https://www.kap.org.tr/tr/Bildirim/1591194
SASA,2026-04-13 09:10:56,Pay Alım Satım Bildirimi,Pay Alım Satım Bildirimi,DKB,https://www.kap.org.tr/tr/Bildirim/1591177
KONTR,2026-04-13 09:07:24,Kamuyu Aydınlatma Platformu Duyurusu,Özel Durumlar Tebliği'nin 12-(4). maddesi gereğince yapılan açıklama,DKB,https://www.kap.org.tr/tr/Bildirim/1591173
GUBRF,2026-04-12 23:21:20,Özel Durum Açıklaması (Genel),2025 Yatırımcı Sunumu,ODA,https://www.kap.org.tr/tr/Bildirim/1591161
EKGYO,2026-04-10 19:30:42,Özel Durum Açıklaması (Genel),Ankara Çankaya Alacaatlı İhalesi 2. Oturum Sonucu,ODA,https://www.kap.org.tr/tr/Bildirim/1591046
KRDMD,2026-04-10 19:16:47,Kayıtlı Sermaye Tavanı İşlemlerine İlişkin Bildirim,Kayıtlı Sermaye Tavanının Geçerlilik Süresinin Uzatılması hk,ODA,https://www.kap.org.tr/tr/Bildirim/1591017
KRDMD,2026-04-10 19:10:16,Kar Payı Dağıtım İşlemlerine İlişkin Bildirim,Kar Payı Hk.,ODA,https://www.kap.org.tr/tr/Bildirim/1591013
KRDMD,2026-04-10 19:03:38,Genel Kurul İşlemlerine İlişkin Bildirim,Olağan Genel Kurul Toplantısı sonucu Hk.,ODA,https://www.kap.org.tr/tr/Bildirim/1591011
GUBRF,2026-04-10 18:55:13,Katılım Finansı İlkeleri Bilgi Formu ,,DG,https://www.kap.org.tr/tr/Bildirim/1591007
FROTO,2026-04-10 18:30:11,Özel Durum Açıklaması (Genel),Proje Bazlı Devlet Yardımı Alınması,ODA,https://www.kap.org.tr/tr/Bildirim/1590995
GARAN,2026-04-10 18:27:30,Özel Durum Açıklaması (Genel),"Tahsili Gecikmiş Alacak Portföyü Alımı
",ODA,https://www.kap.org.tr/tr/Bildirim/1590990
ARCLK,2026-04-10 18:18:22,Finansal Takvim,Finansal Takvim,DG,https://www.kap.org.tr/tr/Bildirim/1590972
SASA,2026-04-10 18:18:01,Genel Kurul İşlemlerine İlişkin Bildirim,"2025 Yılı Olağan Genel Kurul Toplantı Tarihi, Gündemin Tespiti ve Ortaklarımızın Davet Edilmesi",ODA,https://www.kap.org.tr/tr/Bildirim/1590971
SASA,2026-04-10 18:17:37,Özel Durum Açıklaması (Genel),Olağan Genel Kurul Toplantısı'nda Aday Gösterilecek Bağımsız Yönetim Kurulu Üyeleri,ODA,https://www.kap.org.tr/tr/Bildirim/1590970
SASA,2026-04-10 18:17:18,Bağımsız Denetim Kuruluşunun Belirlenmesi,Bağımsız Denetim Kuruluşu Seçimi,ODA,https://www.kap.org.tr/tr/Bildirim/1590969
SASA,2026-04-10 18:16:38,Kar Payı Dağıtım İşlemlerine İlişkin Bildirim,2025 Yılı Kâr Dağıtım Önerisi,ODA,https://www.kap.org.tr/tr/Bildirim/1590967
VAKBN,2026-04-10 17:43:49,Borçlanma Araçlarının / Kira Sertifikalarının İşlem Görmeye Başlaması,Borçlanma Araçlarının / Kira Sertifikalarının İşlem Görmeye Başlaması,DKB,https://www.kap.org.tr/tr/Bildirim/1590912
ARCLK,2026-04-10 17:16:07,Borsada İşlem Gören Tipe Dönüşüm Duyurusu,DÖNÜŞÜM,DKB,https://www.kap.org.tr/tr/Bildirim/1590872
AKBNK,2026-04-10 17:16:07,Borsada İşlem Gören Tipe Dönüşüm Duyurusu,DÖNÜŞÜM,DKB,https://www.kap.org.tr/tr/Bildirim/1590872
KONTR,2026-04-10 17:16:07,Borsada İşlem Gören Tipe Dönüşüm Duyurusu,DÖNÜŞÜM,DKB,https://www.kap.org.tr/tr/Bildirim/1590872
EKGYO,2026-04-10 16:32:55,Özel Durum Açıklaması (Genel),Çekmeköy 3. Etap 1. Kısım Kesin Kabulü ,ODA,https://www.kap.org.tr/tr/Bildirim/1590826
EKGYO,2026-04-10 16:32:46,Özel Durum Açıklaması (Genel),İstanbul Çekmeköy 1. Etap Kesin Kabulü ,ODA,https://www.kap.org.tr/tr/Bildirim/1590825
AKBNK,2026-04-10 16:27:25,Pay Dışında Sermaye Piyasası Aracı İşlemlerine İlişkin Bildirim (Faiz İçeren),XS3041299135 ISIN Kodlu Tahvilin İtfası,ODA,https://www.kap.org.tr/tr/Bildirim/1590810
YKBNK,2026-04-10 16:14:06,Pay Dışında Sermaye Piyasası Aracı İşlemlerine İlişkin Bildirim (Faiz İçeren),Yurtdışında borçlanma aracı ihracının tamamlanması,ODA,https://www.kap.org.tr/tr/Bildirim/1590796
VAKBN,2026-04-10 16:03:16,Pay Dışında Sermaye Piyasası Aracı İşlemlerine İlişkin Bildirim (Faiz İçeren),TRFVKFB42612 ISIN kodlu T. Vakıflar Bankası T.A.O. Finansman Bonolarının İtfası,ODA,https://www.kap.org.tr/tr/Bildirim/1590790
AKBNK,2026-04-10 14:40:57,Finansal Takvim,Finansal Takvim (2026 1.Çeyrek),DG,https://www.kap.org.tr/tr/Bildirim/1590593
YKBNK,2026-04-10 14:32:19,Pay Dışında Sermaye Piyasası Aracı İşlemlerine İlişkin Bildirim (Faiz İçeren),Yurtdışında ihraç edilen borçlanma aracının itfası,ODA,https://www.kap.org.tr/tr/Bildirim/1590590
MGROS,2026-04-10 11:52:52,Esas Sözleşme Tadili,Esas Sözleşme tadiline ilişkin Ticaret Bakanlığı izni,ODA,https://www.kap.org.tr/tr/Bildirim/1590533
TAVHL,2026-04-10 11:38:35,Esas Sözleşme,Esas Sözleşme,DG,https://www.kap.org.tr/tr/Bildirim/1590529
TAVHL,2026-04-10 11:36:55,Kayıtlı Sermaye Tavanı İşlemlerine İlişkin Bildirim,Esas Sözleşme değişikliğinin tescili,ODA,https://www.kap.org.tr/tr/Bildirim/1590527
TAVHL,2026-04-10 11:21:11,Bağımsız Denetim Kuruluşunun Belirlenmesi,Bağımsız Denetçi Seçimi,ODA,https://www.kap.org.tr/tr/Bildirim/1590510
TAVHL,2026-04-10 11:19:50,Genel Kurul İşlemlerine İlişkin Bildirim,2025 yılı Olağan Genel Kurul Tescili,ODA,https://www.kap.org.tr/tr/Bildirim/1590508
TAVHL,2026-04-10 08:52:08,Pay Alım Satım Bildirimi,"Pay Alım Satım Bildirimi
",DKB,https://www.kap.org.tr/tr/Bildirim/1590459
THYAO,2026-04-09 21:56:21,Şirket Genel Bilgi Formu,,DG,https://www.kap.org.tr/tr/Bildirim/1590424
GUBRF,2026-04-09 21:18:21,Şirket Genel Bilgi Formu,,DG,https://www.kap.org.tr/tr/Bildirim/1590418
GUBRF,2026-04-09 21:18:09,Sorumluluk Beyanı (Konsolide),Sorumluluk Beyanı,FR,https://www.kap.org.tr/tr/Bildirim/1590417
GUBRF,2026-04-09 21:17:49,Sürdürülebilirlik Uyum Raporu,2025 Sürdürülebilirlik Uyum Raporu,DG,https://www.kap.org.tr/tr/Bildirim/1590416
GUBRF,2026-04-09 21:17:30,Kurumsal Yönetim Uyum Raporu,2025 Kurumsal Yönetim Uyum Raporu,DG,https://www.kap.org.tr/tr/Bildirim/1590415
GUBRF,2026-04-09 21:17:17,Kurumsal Yönetim Bilgi Formu,2025 Kurumsal Yönetim Bilgi Formu,DG,https://www.kap.org.tr/tr/Bildirim/1590414
GUBRF,2026-04-09 21:16:00,Faaliyet Raporu (Konsolide),2025 Yılı Yönetim Kurulu Faaliyet Raporu,FR,https://www.kap.org.tr/tr/Bildirim/1590413
GUBRF,2026-04-09 21:15:36,Finansal Rapor,,FR,https://www.kap.org.tr/tr/Bildirim/1590412
HALKB,2026-04-09 19:46:22,Şirket Genel Bilgi Formu,,DG,https://www.kap.org.tr/tr/Bildirim/1590394
VAKBN,2026-04-09 19:31:06,Kurumsal Yönetim Bilgi Formu (Güncelleme) - Yönetim Kurulu-2,"Güncel Komite Üyeleri
",DG,https://www.kap.org.tr/tr/Bildirim/1590387
VAKBN,2026-04-09 19:29:29,Şirket Genel Bilgi Formu,,DG,https://www.kap.org.tr/tr/Bildirim/1590384
VAKBN,2026-04-09 19:19:30,Yönetim Kurulu Komiteleri,Yönetim Kurulu Komiteleri Görev Dağılımları,ODA,https://www.kap.org.tr/tr/Bildirim/1590375
VAKBN,2026-04-09 19:18:55,Özel Durum Açıklaması (Genel),Yönetim Kurulu Görev Dağılımı,ODA,https://www.kap.org.tr/tr/Bildirim/1590374
THYAO,2026-04-09 19:17:12,Özel Durum Açıklaması (Genel),Üst Yönetim Değişikliği,ODA,https://www.kap.org.tr/tr/Bildirim/1590373
THYAO,2026-04-09 19:16:51,Özel Durum Açıklaması (Genel),Yönetim Kurulu Komite Ataması,ODA,https://www.kap.org.tr/tr/Bildirim/1590371
THYAO,2026-04-09 19:16:36,Özel Durum Açıklaması (Genel),Yönetim Kurulu Üye Atamaları,ODA,https://www.kap.org.tr/tr/Bildirim/1590370
VAKBN,2026-04-09 19:16:21,Kar Payı Dağıtım İşlemlerine İlişkin Bildirim,Kâr Dağıtım Tablosu Onaylanması ,ODA,https://www.kap.org.tr/tr/Bildirim/1590368
THYAO,2026-04-09 19:11:04,Kar Payı Dağıtım İşlemlerine İlişkin Bildirim,2025 Yılı Kâr Dağıtımı ile ilgili Genel Kurul Kararı,ODA,https://www.kap.org.tr/tr/Bildirim/1590365
VAKBN,2026-04-09 19:10:02,Genel Kurul İşlemlerine İlişkin Bildirim,Türkiye Vakıflar Bankası T.A.O. Olağan Genel Kurul Toplantı Sonucu,ODA,https://www.kap.org.tr/tr/Bildirim/1590364
THYAO,2026-04-09 18:59:25,Genel Kurul İşlemlerine İlişkin Bildirim,09.04.2026 tarihli 2025 Yılı Olağan Genel Kurul Toplantı Sonuçları,ODA,https://www.kap.org.tr/tr/Bildirim/1590360
HALKB,2026-04-09 18:28:34,Yönetim Kurulu Komiteleri,Yönetim Kurulu Görev Dağılımı ve Komiteler,ODA,https://www.kap.org.tr/tr/Bildirim/1590332
HALKB,2026-04-09 18:28:14,Kar Payı Dağıtım İşlemlerine İlişkin Bildirim,Kar Dağıtım Tablosunun Onaylanması,ODA,https://www.kap.org.tr/tr/Bildirim/1590331
HALKB,2026-04-09 18:20:50,Genel Kurul İşlemlerine İlişkin Bildirim,Olağan Genel Kurul Toplantı Sonucu,ODA,https://www.kap.org.tr/tr/Bildirim/1590321
SASA,2026-04-09 18:18:58,Pay Alım Satım Bildirimi,"Pay Alım Satım Bildirimi
",DKB,https://www.kap.org.tr/tr/Bildirim/1590316
EREGL,2026-04-09 18:13:45,Kurumsal Yönetim Bilgi Formu (Güncelleme) - Yönetim Kurulu-2,Kurumsal Yönetim Bilgi Formu Güncelleme,DG,https://www.kap.org.tr/tr/Bildirim/1590300
EREGL,2026-04-09 18:13:20,Şirket Genel Bilgi Formu,,DG,https://www.kap.org.tr/tr/Bildirim/1590298
EREGL,2026-04-09 18:13:06,Özel Durum Açıklaması (Genel),Yönetim Kurulu Komiteleri,ODA,https://www.kap.org.tr/tr/Bildirim/1590295
EREGL,2026-04-09 18:12:52,Özel Durum Açıklaması (Genel),Yönetim Kurulu Üyelerinin Görev Dağılımı,ODA,https://www.kap.org.tr/tr/Bildirim/1590294
ARCLK,2026-04-09 17:33:25,Borçlanma Araçlarının / Kira Sertifikalarının İşlem Görmeye Başlaması,Borçlanma Araçlarının / Kira Sertifikalarının İşlem Görmeye Başlaması,DKB,https://www.kap.org.tr/tr/Bildirim/1590213
GARAN,2026-04-09 17:02:02,Pay Mali Hak Kullanım İşlemi - Nakit Ödeme,Hak Kullanım İşlemleri,DKB,https://www.kap.org.tr/tr/Bildirim/1590124
HALKB,2026-04-09 14:40:26,İhraç Tavanına İlişkin Bildirim,Yurt İçinde Sermaye Benzeri Borçlanma Araçları İhracına İlişkin SPK'ya Başvurusu Yapılması,ODA,https://www.kap.org.tr/tr/Bildirim/1589966
MGROS,2026-04-09 14:08:34,Esas Sözleşme Tadili,Esas Sözleşme tadiline ilişkin SPK onayı,ODA,https://www.kap.org.tr/tr/Bildirim/1589924
VAKBN,2026-04-09 13:27:31,Pay Dışında Sermaye Piyasası Aracı İşlemlerine İlişkin Bildirim (Faiz İçeren),Borçlanma Araçlarına İlişkin Satış Sonuçları Açıklaması,ODA,https://www.kap.org.tr/tr/Bildirim/1589857
THYAO,2026-04-09 08:42:55,Özel Durum Açıklaması (Genel),Mart 2026 Trafik Sonuçları,ODA,https://www.kap.org.tr/tr/Bildirim/1589738
AKBNK,2026-04-08 19:52:16,Şirket Genel Bilgi Formu,,DG,https://www.kap.org.tr/tr/Bildirim/1589412
ARCLK,2026-04-08 18:30:15,Pay Dışında Sermaye Piyasası Aracı İşlemlerine İlişkin Bildirim (Faiz İçeren),Finansman Bonosu İhracı- Satışın Tamamlanması,ODA,https://www.kap.org.tr/tr/Bildirim/1589221
PETKM,2026-04-08 18:27:31,Esas Sözleşme Tadili,Esas Sözleşme Değişikliğine İlişkin Ticaret Bakanlığı'nın Onayı,ODA,https://www.kap.org.tr/tr/Bildirim/1589219
VAKBN,2026-04-08 18:16:53,Özel Durum Açıklaması (Genel),Bankamız Genel Müdürlük Organizasyonel Yapısında Yapılan Değişiklik Hakkında,ODA,https://www.kap.org.tr/tr/Bildirim/1589199
HALKB,2026-04-08 18:08:03,İhraç Tavanına İlişkin Bildirim,Yurt İçinde Sermaye Benzeri Borçlanma Araçları İhracına İlişkin SPK'ya Başvurusu Yapılması,ODA,https://www.kap.org.tr/tr/Bildirim/1589159
GUBRF,2026-04-08 17:55:47,Pay Bazında Devre Kesici Bildirimi,GUBRF.E işlem sırasında Pay Bazında Devre Kesici Uygulaması devreye girmiştir,DKB,https://www.kap.org.tr/tr/Bildirim/1589108
AKBNK,2026-04-08 16:47:31,Pay Dışında Sermaye Piyasası Aracı İşlemlerine İlişkin Bildirim (Faiz İçeren),Yurtdışı Piyasalara Tahvil İhracı,ODA,https://www.kap.org.tr/tr/Bildirim/1588668
AKBNK,2026-04-08 16:46:46,Pay Dışında Sermaye Piyasası Aracı İşlemlerine İlişkin Bildirim (Faiz İçeren),XS2980941186 ISIN Kodlu Yeşil/Sürdürülebilir Temalı Tahvilin İtfası,ODA,https://www.kap.org.tr/tr/Bildirim/1588665
EKGYO,2026-04-08 16:22:35,Özel Durum Açıklaması (Genel),Ankara Çankaya Alacaatlı ihalesi 2. Oturum Tarihi,ODA,https://www.kap.org.tr/tr/Bildirim/1588553
AKBNK,2026-04-08 15:00:49,Esas Sözleşme,Bankamız Ana Sözleşmesi,DG,https://www.kap.org.tr/tr/Bildirim/1588204
AKBNK,2026-04-08 15:00:36,Kayıtlı Sermaye Tavanı İşlemlerine İlişkin Bildirim,Kayıtlı Sermaye Tavanının Artırılması ve Geçerlilik Süresinin Uzatılması İle İlgili Genel Kurul Kararının Tescili,ODA,https://www.kap.org.tr/tr/Bildirim/1588203
AKBNK,2026-04-08 14:42:23,Bağımsız Denetim Kuruluşunun Belirlenmesi,Bağımsız Denetim Kuruluşunun Seçimi,ODA,https://www.kap.org.tr/tr/Bildirim/1588167
AKBNK,2026-04-08 14:38:56,Genel Kurul İşlemlerine İlişkin Bildirim,Ortaklar Olağan Genel Kurul Toplantısı Sonuçlarının Tescili.,ODA,https://www.kap.org.tr/tr/Bildirim/1588166
EKGYO,2026-04-08 13:47:34,Pay Dışında Sermaye Piyasası Aracı İşlemlerine İlişkin Bildirim (Faizsiz),Yurtiçi Kira Sertifikası İtfa ve Getiri Ödemesi,ODA,https://www.kap.org.tr/tr/Bildirim/1588077
EKGYO,2026-04-08 13:47:11,Pay Dışında Sermaye Piyasası Aracı İşlemlerine İlişkin Bildirim (Faizsiz),Yurtiçi Kira Sertifikası İtfa ve Getiri Ödemesi,ODA,https://www.kap.org.tr/tr/Bildirim/1588076
TAVHL,2026-04-08 12:20:40,Özel Durum Açıklaması (Genel),Yatırımcı Bülteni (Mart 2026),ODA,https://www.kap.org.tr/tr/Bildirim/1587912
GUBRF,2026-04-08 11:56:04,Özel Durum Açıklaması (Genel),Gübretaş Maden Yatırımları A.Ş.nin Yatırımlarına İlişkin Bilgilendirme,ODA,https://www.kap.org.tr/tr/Bildirim/1587888
ARCLK,2026-04-08 10:52:45,Pay Dışında Sermaye Piyasası Aracı İşlemlerine İlişkin Bildirim (Faiz İçeren),Borçlanma Aracı İhracı Talep Toplama,ODA,https://www.kap.org.tr/tr/Bildirim/1587653
ISCTR,2026-04-08 10:26:35,Özel Durum Açıklaması (Genel),Global Medium Term Note Programı Senelik Güncelleme ,ODA,https://www.kap.org.tr/tr/Bildirim/1587616
AKBNK,2026-04-08 09:24:14,Pay Dışında Sermaye Piyasası Aracı İşlemlerine İlişkin Bildirim (Faiz İçeren),Yurtdışı Piyasalara Tahvil İhracı,ODA,https://www.kap.org.tr/tr/Bildirim/1587515
SISE,2026-04-08 08:14:36,Bağımsız Denetim Kuruluşunun Belirlenmesi,Bağımsız Denetim Kuruluşunun Seçiminin Tescili Hk.,ODA,https://www.kap.org.tr/tr/Bildirim/1587407
SISE,2026-04-08 08:14:01,Genel Kurul İşlemlerine İlişkin Bildirim,Genel Kurul Kararlarının Tescili,ODA,https://www.kap.org.tr/tr/Bildirim/1587406
TCELL,2026-04-21 21:12:18,Şirket Genel Bilgi Formu,,DG,https://www.kap.org.tr/tr/Bildirim/1596360
TCELL,2026-04-21 21:12:09,Bağımsız Denetim Kuruluşunun Belirlenmesi,Bağımsız Denetim Kuruluşunun Seçimi,ODA,https://www.kap.org.tr/tr/Bildirim/1596359
TCELL,2026-04-21 21:11:56,Finansal Takvim,1. Çeyrek 2026 Finansal Sonuç Açıklaması Takvimi,DG,https://www.kap.org.tr/tr/Bildirim/1596358
TOASO,2026-04-21 18:37:32,Finansal Takvim,Finansal Takvim,DG,https://www.kap.org.tr/tr/Bildirim/1596288
TOASO,2026-04-21 18:34:41,Şirket Genel Bilgi Formu,,DG,https://www.kap.org.tr/tr/Bildirim/1596287
TOASO,2026-04-21 18:33:55,Özel Durum Açıklaması (Genel),Yönetim Kurulu Komitelerinde yer alacak üyelerin belirlenmesi,ODA,https://www.kap.org.tr/tr/Bildirim/1596285
KONTR,2026-04-21 18:29:54,BISTECH Pay Piyasası Alım Satım Sistemi Duyurusu,Pay Piyasasında Volatilite Bazlı Tedbir Sistemi,DKB,https://www.kap.org.tr/tr/Bildirim/1596280
GUBRF,2026-04-21 18:17:53,Özel Durum Açıklaması (Genel),Bağlı Ortaklığımıza Dolomit Madeni İşletme Ruhsatının Devri,ODA,https://www.kap.org.tr/tr/Bildirim/1596263
HALKB,2026-04-21 18:11:35,Bağımsız Denetim Kuruluşunun Belirlenmesi,Bağımsız Denetim Kuruluşunun Tescili ve İlanı,ODA,https://www.kap.org.tr/tr/Bildirim/1596246
HALKB,2026-04-21 18:11:26,Genel Kurul İşlemlerine İlişkin Bildirim,Olağan Genel Kurul Toplantı Sonuçlarının Tescili,ODA,https://www.kap.org.tr/tr/Bildirim/1596245
VAKBN,2026-04-21 18:01:53,Şirket Genel Bilgi Formu,,DG,https://www.kap.org.tr/tr/Bildirim/1596234
ODAS,2026-04-21 17:51:38,Pay Bazında Devre Kesici Bildirimi,ODAS.E işlem sırasında Pay Bazında Devre Kesici Uygulaması devreye girmiştir,DKB,https://www.kap.org.tr/tr/Bildirim/1596219
ASELS,2026-04-21 16:30:00,Sürdürülebilirlik Raporu,2025 Yılı TSRS Uyumlu Sürdürülebilirlik Raporu,DG,https://www.kap.org.tr/tr/Bildirim/1596123
KONTR,2026-04-21 11:53:32,Pay Bazında Devre Kesici Bildirimi,KONTR.E işlem sırasında Pay Bazında Devre Kesici Uygulaması devreye girmiştir,DKB,https://www.kap.org.tr/tr/Bildirim/1595928
EKGYO,2026-04-21 11:41:11,Pay Dışında Sermaye Piyasası Aracı İşlemlerine İlişkin Bildirim (Faizsiz),Yurtiçi Kira Sertifikası İtfa ve Getiri Ödemesi,ODA,https://www.kap.org.tr/tr/Bildirim/1595925
KONTR,2026-04-21 11:33:21,Pay Bazında Devre Kesici Bildirimi,KONTR.E işlem sırasında Pay Bazında Devre Kesici Uygulaması devreye girmiştir,DKB,https://www.kap.org.tr/tr/Bildirim/1595922
KONTR,2026-04-21 10:31:17,Endekslerde Kullanılan Fiili Dolaşımdaki Pay Oranı Değişiklikleri,-,DKB,https://www.kap.org.tr/tr/Bildirim/1595884
TAVHL,2026-04-21 09:57:56,Finansal Takvim,2026 yılı 1. Çeyrek Finansal Takvim ,DG,https://www.kap.org.tr/tr/Bildirim/1595864
ARCLK,2026-04-21 09:00:05,Finansal Duran Varlık Satışı,Arçelik Hitachi Home Appliances B.V. paylarının satışı ,ODA,https://www.kap.org.tr/tr/Bildirim/1595828
SASA,2026-04-21 08:49:30,Kamuyu Aydınlatma Platformu Duyurusu,Özel Durumlar Tebliği'nin 12-(4). maddesi gereğince yapılan açıklama,DKB,https://www.kap.org.tr/tr/Bildirim/1595825
PETKM,2026-04-20 20:36:50,Kar Payı Dağıtım İşlemlerine İlişkin Bildirim,2025 Yılı Karının/Zararının Kullanım Şeklinin Belirlenmesi,ODA,https://www.kap.org.tr/tr/Bildirim/1595805
PETKM,2026-04-20 19:57:55,Genel Kurul İşlemlerine İlişkin Bildirim,Genel Kurul İşlemlerine İlişkin Bildirim,ODA,https://www.kap.org.tr/tr/Bildirim/1595800
PETKM,2026-04-20 19:57:43,Bağımsız Denetim Kuruluşunun Belirlenmesi,Bağımsız Denetim Şirketi Seçimi,ODA,https://www.kap.org.tr/tr/Bildirim/1595798
EKGYO,2026-04-20 18:40:41,Pay Dışında Sermaye Piyasası Aracı İşlemlerine İlişkin Bildirim (Faizsiz),Yurtiçi Kira Sertifikası İhracı Nitelikli Yatırımcıya Satışın Tamamlanması Hk.,ODA,https://www.kap.org.tr/tr/Bildirim/1595738
TUPRS,2026-04-20 18:21:46,Pay Dışında Sermaye Piyasası Aracı İşlemlerine İlişkin Bildirim (Faiz İçeren),TRSTPRS72614 ISIN Kodlu Tahvilin 7. Kupon Ödemesi,ODA,https://www.kap.org.tr/tr/Bildirim/1595715
EREGL,2026-04-20 18:11:10,Genel Kurul İşlemlerine İlişkin Bildirim,Olağan Genel Kurul Toplantı Kararlarının Tescili,ODA,https://www.kap.org.tr/tr/Bildirim/1595638
TUPRS,2026-04-20 17:01:26,"Borçlanma Araçları, Yatırım Fonları ve Varant İtfa/Kupon/Getiri/ Nakdi Uzlaşı Ödeme İşlemleri","Borçlanma Araçları, Yatırım Fonları ve Varant İtfa/Kupon/Getiri/Nakdi Uzlaşı Ödeme İşlemleri",DKB,https://www.kap.org.tr/tr/Bildirim/1595531
MGROS,2026-04-20 16:54:39,Borsada İşlem Gören Tipe Dönüşüm Duyurusu,DÖNÜŞÜM,DKB,https://www.kap.org.tr/tr/Bildirim/1595528
CIMSA,2026-04-20 16:52:15,Bağımsız Denetim Kuruluşunun Belirlenmesi,Bağımsız Denetim Kuruluşu Seçiminin Tescili,ODA,https://www.kap.org.tr/tr/Bildirim/1595523
CIMSA,2026-04-20 16:52:03,Genel Kurul İşlemlerine İlişkin Bildirim,2025 Olağan Genel Kurul Toplantısı Sonuçlarının Tescili,ODA,https://www.kap.org.tr/tr/Bildirim/1595522
VAKBN,2026-04-20 16:41:20,Genel Kurul İşlemlerine İlişkin Bildirim,Türkiye Vakıflar Bankası T.A.O Olağan Genel Kurul Toplantısı Sonucunun Tescili,ODA,https://www.kap.org.tr/tr/Bildirim/1595504
HALKB,2026-04-20 14:57:20,Kurumsal Yönetim İlkelerine Uyum Derecelendirmesi,Kurumsal Yönetim Derecelendirme Sözleşmesi'nin Yenilenmesi,ODA,https://www.kap.org.tr/tr/Bildirim/1595348
SAHOL,2026-04-20 14:06:46,Esas Sözleşme,Esas Sözleşme,DG,https://www.kap.org.tr/tr/Bildirim/1595269
SAHOL,2026-04-20 14:06:15,Bağımsız Denetim Kuruluşunun Belirlenmesi,Denetçi ve Topluluk Denetçisinin Tescili ve İlanı,ODA,https://www.kap.org.tr/tr/Bildirim/1595268
SAHOL,2026-04-20 14:05:47,Kayıtlı Sermaye Tavanı İşlemlerine İlişkin Bildirim,Esas Sözleşme Değişikliğinin Tescil ve İlan Edilmesi,ODA,https://www.kap.org.tr/tr/Bildirim/1595267
SAHOL,2026-04-20 14:02:44,Genel Kurul İşlemlerine İlişkin Bildirim,2025 Yılı Olağan Genel Kurul Toplantı Sonuçlarının Tescil ve İlanı,ODA,https://www.kap.org.tr/tr/Bildirim/1595265
GARAN,2026-04-20 13:08:40,İhraç Belgesi,Borçlanma Araçları Onayı - SPK Bülten,DG,https://www.kap.org.tr/tr/Bildirim/1595237
GARAN,2026-04-20 13:08:27,Şirket Genel Bilgi Formu,,DG,https://www.kap.org.tr/tr/Bildirim/1595235
GARAN,2026-04-20 13:08:12,İhraç Tavanına İlişkin Bildirim,Borçlanma Araçları Onayı - SPK Bülten,ODA,https://www.kap.org.tr/tr/Bildirim/1595234
KONTR,2026-04-20 10:02:17,Pay Bazında Devre Kesici Bildirimi,KONTR.E işlem sırasında Pay Bazında Devre Kesici Uygulaması devreye girmiştir,DKB,https://www.kap.org.tr/tr/Bildirim/1595116
KONTR,2026-04-20 09:08:25,Kamuyu Aydınlatma Platformu Duyurusu,Özel Durumlar Tebliği'nin 12-(4). maddesi gereğince yapılan açıklama,DKB,https://www.kap.org.tr/tr/Bildirim/1595089
SASA,2026-04-20 09:07:03,Pay Alım Satım Bildirimi,Pay Alım Satım Bildirimi,DKB,https://www.kap.org.tr/tr/Bildirim/1595088
SAHOL,2026-04-20 09:00:21,Özel Durum Açıklaması (Genel),Heidelberg Materials AG Tarafından Sabancı Holding?e Ait Payların Devralınması,ODA,https://www.kap.org.tr/tr/Bildirim/1595082
SAHOL,2026-04-20 09:00:10,Özel Durum Açıklaması (Genel),Akçansa Paylarının Satışına İlişkin Ön Alım Hakkının Kullanımı,ODA,https://www.kap.org.tr/tr/Bildirim/1595081
TUPRS,2026-04-20 08:33:35,Pay Dışında Sermaye Piyasası Aracı İşlemlerine İlişkin Bildirim (Faiz İçeren),TRSTPRS72614 ISIN Kodlu Tahvilin 7. Kupon Faiz Oranının Belirlenmesi,ODA,https://www.kap.org.tr/tr/Bildirim/1595076
VAKBN,2026-04-18 17:13:24,Şirket Genel Bilgi Formu,,DG,https://www.kap.org.tr/tr/Bildirim/1595063
SAHOL,2026-04-17 21:11:04,Özel Durum Açıklaması (Genel),Şirket çoğunluk paylarının satışı hakkında hisse devir sözleşmesi imzalanması,ODA,https://www.kap.org.tr/tr/Bildirim/1595019
SAHOL,2026-04-17 21:10:51,Özel Durum Açıklaması (Genel),Carrefoursa Paylarının Devrine Yönelik Sözleşme İmzalanması,ODA,https://www.kap.org.tr/tr/Bildirim/1595018
TCELL,2026-04-17 20:48:15,Özel Durum Açıklaması (Genel),Yıllık Faaliyet Raporu 20-F  ,ODA,https://www.kap.org.tr/tr/Bildirim/1595004
VAKBN,2026-04-17 20:45:37,Şirket Genel Bilgi Formu,,DG,https://www.kap.org.tr/tr/Bildirim/1595002
VAKBN,2026-04-17 20:01:48,Özel Durum Açıklaması (Genel),Bankamız Genel Müdürlük Organizasyonel Yapısında Yapılan Değişiklik Hakkında,ODA,https://www.kap.org.tr/tr/Bildirim/1594986
GARAN,2026-04-17 19:53:08,Pay Dışında Sermaye Piyasası Aracı İşlemlerine İlişkin Bildirim (Faiz İçeren),MTN ihracı itfası ,ODA,https://www.kap.org.tr/tr/Bildirim/1594983
EREGL,2026-04-17 19:35:36,BIST Pay Endeksleri,BIST Temettü ve BIST Temettü 25 Endeksleri Dönemsel Endeks Değişiklikleri,DKB,https://www.kap.org.tr/tr/Bildirim/1594977
SISE,2026-04-17 19:35:36,BIST Pay Endeksleri,BIST Temettü ve BIST Temettü 25 Endeksleri Dönemsel Endeks Değişiklikleri,DKB,https://www.kap.org.tr/tr/Bildirim/1594977
CIMSA,2026-04-17 19:35:36,BIST Pay Endeksleri,BIST Temettü ve BIST Temettü 25 Endeksleri Dönemsel Endeks Değişiklikleri,DKB,https://www.kap.org.tr/tr/Bildirim/1594977
YKBNK,2026-04-17 19:10:20,Pay Dışında Sermaye Piyasası Aracı İşlemlerine İlişkin Bildirim (Faiz İçeren),Yurtdışında borçlanma aracı ihracının tamamlanması,ODA,https://www.kap.org.tr/tr/Bildirim/1594968
EKGYO,2026-04-17 18:27:51,Özel Durum Açıklaması (Genel),Yönetim Kurulu Bağımsız Üye Adayları Hakkında,ODA,https://www.kap.org.tr/tr/Bildirim/1594936
FROTO,2026-04-17 18:18:32,Özel Durum Açıklaması (Genel),Üst Düzey Yönetici Atama,ODA,https://www.kap.org.tr/tr/Bildirim/1594926
VAKBN,2026-04-17 18:13:16,Özel Durum Açıklaması (Genel),Bankalarda İyi Ücretlendirme Uygulamalarına İlişkin Rehber kapsamında geri alınan paylar,ODA,https://www.kap.org.tr/tr/Bildirim/1594922
YKBNK,2026-04-17 17:36:25,Pay Dışında Sermaye Piyasası Aracı İşlemlerine İlişkin Bildirim (Faiz İçeren),Yurtdışında borçlanma aracı ihracının tamamlanması,ODA,https://www.kap.org.tr/tr/Bildirim/1594887
MGROS,2026-04-17 16:52:55,Borsada İşlem Gören Tipe Dönüşüm Duyurusu,DÖNÜŞÜM,DKB,https://www.kap.org.tr/tr/Bildirim/1594814
PETKM,2026-04-17 16:24:42,Pay Bazında Devre Kesici Bildirimi,PETKM.E işlem sırasında Pay Bazında Devre Kesici Uygulaması devreye girmiştir,DKB,https://www.kap.org.tr/tr/Bildirim/1594764
TUPRS,2026-04-17 16:07:01,Pay Bazında Devre Kesici Bildirimi,TUPRS.E işlem sırasında Pay Bazında Devre Kesici Uygulaması devreye girmiştir,DKB,https://www.kap.org.tr/tr/Bildirim/1594749
KONTR,2026-04-17 15:45:03,Pay Alım Satım Bildirimi,Pay Alım Satım Bildirimi,DKB,https://www.kap.org.tr/tr/Bildirim/1594726
KONTR,2026-04-17 15:20:27,Pay Alım Satım Bildirimi,Pay Alım Satım Bildirimi,DKB,https://www.kap.org.tr/tr/Bildirim/1594712
ASELS,2026-04-17 14:34:39,Kar Payı Dağıtım İşlemlerine İlişkin Bildirim,Kâr Payı Dağıtımı,ODA,https://www.kap.org.tr/tr/Bildirim/1594693
ASELS,2026-04-17 14:34:29,Genel Kurul İşlemlerine İlişkin Bildirim,Olağan Genel Kurul Çağrısı,ODA,https://www.kap.org.tr/tr/Bildirim/1594692
EKGYO,2026-04-17 14:18:52,Tertip İhraç Belgesi,Emlak Konut GYO 13.Tertip İhraç Belgesi,DG,https://www.kap.org.tr/tr/Bildirim/1594682
EKGYO,2026-04-17 13:58:56,Özel Durum Açıklaması (Genel),Kredi Kullanımı,ODA,https://www.kap.org.tr/tr/Bildirim/1594657
EKGYO,2026-04-17 13:58:18,Özel Durum Açıklaması (Genel),Damla Kent Projesi Gayrimenkul Sertifikası İnşaat İlerlemesi ve Asli Edim Gerçekleşmeleri,ODA,https://www.kap.org.tr/tr/Bildirim/1594656
KONTR,2026-04-17 10:45:54,BISTECH Pay Piyasası Alım Satım Sistemi Duyurusu,Toptan Alış Satış İşlemi,DKB,https://www.kap.org.tr/tr/Bildirim/1594548
TOASO,2026-04-16 20:38:58,Özel Durum Açıklaması (Genel),Yönetim Kurulu Üyelerinin görev dağılımı hakkında ,ODA,https://www.kap.org.tr/tr/Bildirim/1594466
TOASO,2026-04-16 20:31:28,Bağımsız Denetim Kuruluşunun Belirlenmesi,Bağımsız Denetim Kuruluşunun Tescili,ODA,https://www.kap.org.tr/tr/Bildirim/1594464
TOASO,2026-04-16 20:24:28,Genel Kurul İşlemlerine İlişkin Bildirim,Olağan Genel Kurul Toplantısı Kararlarının Tescili,ODA,https://www.kap.org.tr/tr/Bildirim/1594455
PGSUS,2026-04-16 19:55:53,Finansal Takvim,Finansal Takvim,DG,https://www.kap.org.tr/tr/Bildirim/1594449
KCHOL,2026-04-16 18:42:38,Özel Durum Açıklaması (Genel),Bağlı ortaklık yönetim kurulunca kâr payı avansı dağıtımına ilişkin karar alınması,ODA,https://www.kap.org.tr/tr/Bildirim/1594423
KONTR,2026-04-16 18:19:48,Toptan Alış Satış İşlemi ,Toptan Alış Satış İşlemi,DKB,https://www.kap.org.tr/tr/Bildirim/1594410
KRDMD,2026-04-16 18:02:58,Şirket Genel Bilgi Formu,,DG,https://www.kap.org.tr/tr/Bildirim/1594389
YKBNK,2026-04-16 17:16:05,Pay Dışında Sermaye Piyasası Aracı İşlemlerine İlişkin Bildirim (Faiz İçeren),Yurtdışında ihraç edilen borçlanma aracının itfası,ODA,https://www.kap.org.tr/tr/Bildirim/1594334
EREGL,2026-04-16 16:56:58,Borsada İşlem Gören Tipe Dönüşüm Duyurusu,DÖNÜŞÜM,DKB,https://www.kap.org.tr/tr/Bildirim/1594295
SAHOL,2026-04-16 16:56:58,Borsada İşlem Gören Tipe Dönüşüm Duyurusu,DÖNÜŞÜM,DKB,https://www.kap.org.tr/tr/Bildirim/1594295
KRDMD,2026-04-16 09:11:55,Özel Durum Açıklaması (Genel),Yönetim Kurulu Başkan Vekilliği Hk.,ODA,https://www.kap.org.tr/tr/Bildirim/1593987
CIMSA,2026-04-15 18:26:16,Finansal Takvim,"2026 1. Çeyrek Finansal Takvim
",DG,https://www.kap.org.tr/tr/Bildirim/1593894
FROTO,2026-04-15 18:13:31,Finansal Takvim,2026 1. Çeyrek Finansal Takvim,DG,https://www.kap.org.tr/tr/Bildirim/1593867
GARAN,2026-04-15 18:11:22,Özel Durum Açıklaması (Genel),"İhale sonrası Devir ve Temlik İşlemlerinin tamamlanması hk.
",ODA,https://www.kap.org.tr/tr/Bildirim/1593860
HALKB,2026-04-15 18:03:18,Kredi Derecelendirmesi,Fitch Ratings Notu-Revize,ODA,https://www.kap.org.tr/tr/Bildirim/1593844
AKBNK,2026-04-15 17:03:45,Pay Dışında Sermaye Piyasası Aracı İşlemlerine İlişkin Bildirim (Faiz İçeren),XS2951616395 ISIN Kodlu Yeşil/Sürdürülebilir Temalı Tahvilin İtfası,ODA,https://www.kap.org.tr/tr/Bildirim/1593776
KONTR,2026-04-15 16:50:51,Borsada İşlem Gören Tipe Dönüşüm Duyurusu,DÖNÜŞÜM,DKB,https://www.kap.org.tr/tr/Bildirim/1593766
KONTR,2026-04-15 16:17:31,Özel Durum Açıklaması (Genel),Ortakların Pay Satışı Hakkında,ODA,https://www.kap.org.tr/tr/Bildirim/1593750
KONTR,2026-04-15 15:59:52,Toptan Alış Satış İşlemi Bildirimi,Kontrolmatik Teknoloji Enerji ve Mühendislik A.Ş. Toptan Alış Satış İşlem Bildirimi,ODA,https://www.kap.org.tr/tr/Bildirim/1593730
AKBNK,2026-04-15 12:22:14,Kredi Derecelendirmesi,Fitch Ratings Derecelendirme Notları,ODA,https://www.kap.org.tr/tr/Bildirim/1593623
ISCTR,2026-04-15 12:01:34,Kredi Derecelendirmesi,Derecelendirme Notuna İlişkin,ODA,https://www.kap.org.tr/tr/Bildirim/1593598
YKBNK,2026-04-15 11:05:22,Pay Dışında Sermaye Piyasası Aracı İşlemlerine İlişkin Bildirim (Faiz İçeren),Yurtdışında ihraç edilen borçlanma aracının itfası,ODA,https://www.kap.org.tr/tr/Bildirim/1593574
YKBNK,2026-04-15 10:26:25,Kredi Derecelendirmesi,Fitch Ratings kredi derecelendirme notları hakkında,ODA,https://www.kap.org.tr/tr/Bildirim/1593546
TUPRS,2026-04-15 08:50:09,Finansal Takvim,2026 1. Çeyrek Finansal Takvim,DG,https://www.kap.org.tr/tr/Bildirim/1593499
EREGL,2026-04-28 22:37:18,Şirket Genel Bilgi Formu,,DG,https://www.kap.org.tr/tr/Bildirim/1598433
EREGL,2026-04-28 22:37:06,Özel Durum Açıklaması (Genel),Tüzel Kişi Yönetim Kurulu Üye Temsilcisi Değişiklikleri ve Yönetim Kurulu Üyelerinin Görev Dağılımı,ODA,https://www.kap.org.tr/tr/Bildirim/1598432
EKGYO,2026-04-28 21:56:30,Özel Durum Açıklaması (Genel),İstanbul Eyüpsultan Kemerburgaz 2. Etap İhale İlanı,ODA,https://www.kap.org.tr/tr/Bildirim/1598425
EREGL,2026-04-28 20:12:55,Kar Payı Dağıtım İşlemlerine İlişkin Bildirim,Nakit Kar Payı Ödeme Tarihi,ODA,https://www.kap.org.tr/tr/Bildirim/1598409
EREGL,2026-04-28 20:12:45,Sorumluluk Beyanı (Konsolide),1 Ocak - 31 Mart 2026 Dönemine İlişkin Sorumluluk Beyanı,FR,https://www.kap.org.tr/tr/Bildirim/1598408
EREGL,2026-04-28 20:12:24,Faaliyet Raporu (Konsolide),1 Ocak - 31 Mart 2026 ara hesap dönemine ait özet faaliyet raporu,FR,https://www.kap.org.tr/tr/Bildirim/1598406
EREGL,2026-04-28 20:12:13,Finansal Rapor,,FR,https://www.kap.org.tr/tr/Bildirim/1598405
MGROS,2026-04-28 20:10:14,Bağımsız Denetim Kuruluşunun Belirlenmesi,2026 yılı bağımsız denetim şirketi seçiminin tescili,ODA,https://www.kap.org.tr/tr/Bildirim/1598400
MGROS,2026-04-28 20:09:39,Genel Kurul İşlemlerine İlişkin Bildirim,2025 Yılı Olağan Genel Kurul Toplantısı Kararlarının Tescili,ODA,https://www.kap.org.tr/tr/Bildirim/1598399
VAKBN,2026-04-28 19:34:14,Şirket Genel Bilgi Formu,,DG,https://www.kap.org.tr/tr/Bildirim/1598385
ASELS,2026-04-28 18:32:45,Şirket Genel Bilgi Formu,,DG,https://www.kap.org.tr/tr/Bildirim/1598323
ASELS,2026-04-28 18:32:04,Sorumluluk Beyanı (Konsolide),28 Nisan 2026 Z-AS331-843.05.01-10727,FR,https://www.kap.org.tr/tr/Bildirim/1598321
ASELS,2026-04-28 18:31:52,Faaliyet Raporu (Konsolide),28 Nisan 2026 1304 Sayılı Yönetim Kurulu Kararı,FR,https://www.kap.org.tr/tr/Bildirim/1598319
ASELS,2026-04-28 18:31:38,Finansal Rapor,,FR,https://www.kap.org.tr/tr/Bildirim/1598316
GARAN,2026-04-28 18:22:02,Pay Dışında Sermaye Piyasası Aracı İşlemlerine İlişkin Bildirim (Faiz İçeren),Yurtdışı Piyasalara Tahvil İhracı SPK Onayı,ODA,https://www.kap.org.tr/tr/Bildirim/1598298
GARAN,2026-04-28 18:21:51,Pay Dışında Sermaye Piyasası Aracı İşlemlerine İlişkin Bildirim (Faiz İçeren),Yurtdışı Piyasalara Tahvil İhracı SPK Onayı,ODA,https://www.kap.org.tr/tr/Bildirim/1598295
GARAN,2026-04-28 18:21:38,Pay Dışında Sermaye Piyasası Aracı İşlemlerine İlişkin Bildirim (Faiz İçeren),Yurtdışı Piyasalara Tahvil İhracı SPK Onayı,ODA,https://www.kap.org.tr/tr/Bildirim/1598294
AKBNK,2026-04-28 18:16:17,Sorumluluk Beyanı (Konsolide Olmayan),31-03-2026 Akbank Konsolide Olmayan Sorumluluk Beyanı,FR,https://www.kap.org.tr/tr/Bildirim/1598269
AKBNK,2026-04-28 18:16:05,Sorumluluk Beyanı (Konsolide),31-03-2026 Akbank Konsolide Sorumluluk Beyanı,FR,https://www.kap.org.tr/tr/Bildirim/1598268
AKBNK,2026-04-28 18:15:51,Finansal Rapor,,FR,https://www.kap.org.tr/tr/Bildirim/1598264
AKBNK,2026-04-28 18:15:32,Finansal Rapor,,FR,https://www.kap.org.tr/tr/Bildirim/1598259
KONTR,2026-04-28 17:59:56,Özel Durum Açıklaması (Genel),Ortak Pay Satışı Hakkında,ODA,https://www.kap.org.tr/tr/Bildirim/1598243
KONTR,2026-04-28 17:54:46,Pay Alım Satım Bildirimi,Pay Alım Satım Bildirimi,DKB,https://www.kap.org.tr/tr/Bildirim/1598240
KONTR,2026-04-28 17:04:21,Borsada İşlem Gören Tipe Dönüşüm Duyurusu,DÖNÜŞÜM,DKB,https://www.kap.org.tr/tr/Bildirim/1598202
TAVHL,2026-04-28 16:55:23,Pay Bazında Devre Kesici Bildirimi,TAVHL.E işlem sırasında Pay Bazında Devre Kesici Uygulaması devreye girmiştir,DKB,https://www.kap.org.tr/tr/Bildirim/1598193
KONTR,2026-04-28 16:29:34,Toptan Alış Satış İşlemi Bildirimi,Kontrolmatik Teknoloji Enerji ve Mühendislik A.Ş. Toptan Alış Satış İşlem Bildirimi,ODA,https://www.kap.org.tr/tr/Bildirim/1598170
KONTR,2026-04-28 15:37:36,Pay Bazında Devre Kesici Bildirimi,KONTR.E işlem sırasında Pay Bazında Devre Kesici Uygulaması devreye girmiştir,DKB,https://www.kap.org.tr/tr/Bildirim/1598123
SASA,2026-04-28 11:49:33,İhraç Belgesi,Yurt Dışında Borçlanma Aracı İhracına İlişkin SPK Onayı,DG,https://www.kap.org.tr/tr/Bildirim/1598001
SASA,2026-04-28 11:49:15,İhraç Tavanına İlişkin Bildirim,Yurt Dışında Borçlanma Aracı İhracına İlişkin SPK Onayı,ODA,https://www.kap.org.tr/tr/Bildirim/1598000
ISCTR,2026-04-28 10:47:26,Pay Dışında Sermaye Piyasası Aracı İşlemlerine İlişkin Bildirim (Faiz İçeren),Yurtiçi TL cinsi katkı sermaye hesaplamasına dahil edilecek borçlanma aracı kupon ödemesi,ODA,https://www.kap.org.tr/tr/Bildirim/1597936
ISCTR,2026-04-28 10:46:54,Pay Dışında Sermaye Piyasası Aracı İşlemlerine İlişkin Bildirim (Faiz İçeren),28.04.2026 vadeli T. İş Bankası A.Ş. Finansman Bonosu İtfası Hakkında,ODA,https://www.kap.org.tr/tr/Bildirim/1597935
VAKBN,2026-04-28 10:16:06,Pay Dışında Sermaye Piyasası Aracı İşlemlerine İlişkin Bildirim (Faiz İçeren),Borçlanma Araçlarına İlişkin SPK Başvurusu,ODA,https://www.kap.org.tr/tr/Bildirim/1597920
EREGL,2026-04-27 20:11:46,BIST Pay Endeksleri,"BIST Katılım Tüm, BIST Katılım 100, BIST Katılım 50, BIST Katılım 30, BIST Katılım Sürdürülebilirlik ve BIST Katılım Temettü Dönemsel Endeks Değişiklikleri",DKB,https://www.kap.org.tr/tr/Bildirim/1597826
TKFEN,2026-04-27 20:11:46,BIST Pay Endeksleri,"BIST Katılım Tüm, BIST Katılım 100, BIST Katılım 50, BIST Katılım 30, BIST Katılım Sürdürülebilirlik ve BIST Katılım Temettü Dönemsel Endeks Değişiklikleri",DKB,https://www.kap.org.tr/tr/Bildirim/1597826
KONTR,2026-04-27 20:11:46,BIST Pay Endeksleri,"BIST Katılım Tüm, BIST Katılım 100, BIST Katılım 50, BIST Katılım 30, BIST Katılım Sürdürülebilirlik ve BIST Katılım Temettü Dönemsel Endeks Değişiklikleri",DKB,https://www.kap.org.tr/tr/Bildirim/1597826
TAVHL,2026-04-27 18:42:03,Özel Durum Açıklaması (Genel),2026/1Ç Finansallar,ODA,https://www.kap.org.tr/tr/Bildirim/1597779
GARAN,2026-04-27 18:21:39,Pay Dışında Sermaye Piyasası Aracı İşlemlerine İlişkin Bildirim (Faiz İçeren),MTN ihracı itfası ,ODA,https://www.kap.org.tr/tr/Bildirim/1597742
TAVHL,2026-04-27 18:21:31,Faaliyet Raporu (Konsolide),TAVHL Faaliyet Raporu,FR,https://www.kap.org.tr/tr/Bildirim/1597741
GARAN,2026-04-27 18:21:25,Pay Dışında Sermaye Piyasası Aracı İşlemlerine İlişkin Bildirim (Faiz İçeren),MTN ihracı itfası ,ODA,https://www.kap.org.tr/tr/Bildirim/1597740
TAVHL,2026-04-27 18:21:16,Finansal Rapor,,FR,https://www.kap.org.tr/tr/Bildirim/1597739
TAVHL,2026-04-27 18:21:01,Sorumluluk Beyanı (Konsolide),TAVHL Sorumluluk Beyanı,FR,https://www.kap.org.tr/tr/Bildirim/1597738
FROTO,2026-04-27 18:16:51,Pay Dışında Sermaye Piyasası Aracı İşlemlerine İlişkin Bildirim (Faiz İçeren),XS2782775345 ISIN Kodlu Tahvilin Kupon Ödemesi,ODA,https://www.kap.org.tr/tr/Bildirim/1597732
KRDMD,2026-04-27 17:59:19,Esas Sözleşme,Güncel Esas Sözleşme,DG,https://www.kap.org.tr/tr/Bildirim/1597692
EKGYO,2026-04-27 17:18:55,Özel Durum Açıklaması (Genel),Kira Sertifikası İhracına İlişkin Yönetim Kurulu Kararı,ODA,https://www.kap.org.tr/tr/Bildirim/1597642
EKGYO,2026-04-27 17:18:46,Özel Durum Açıklaması (Genel),İstanbul Eyüpsultan Kemerburgaz 1. Etap Sözleşme İmzalanması,ODA,https://www.kap.org.tr/tr/Bildirim/1597641
SAHOL,2026-04-27 17:00:41,VİOP İşlem İptali Duyuruları,VİOP İşlem İptali Duyuruları,DKB,https://www.kap.org.tr/tr/Bildirim/1597625
SISE,2026-04-27 16:59:31,VİOP İşlem İptali Duyuruları,VİOP İşlem İptali Duyuruları,DKB,https://www.kap.org.tr/tr/Bildirim/1597624
ODAS,2026-04-27 16:29:50,Şirket Genel Bilgi Formu,,DG,https://www.kap.org.tr/tr/Bildirim/1597604
EKGYO,2026-04-27 10:36:06,Likidite Sağlayıcılık Kapsamındaki İşlemler,Emlak Konut Damlakent Projesi Gayrimenkul Sertifikalarında (DMLKT.G) Likidite Sağlayacılık Kapsamında Gerçekleştirilen İşlemler 13.04.2026-24.04.2026,DG,https://www.kap.org.tr/tr/Bildirim/1597390
YKBNK,2026-04-24 19:26:50,Pay Dışında Sermaye Piyasası Aracı İşlemlerine İlişkin Bildirim (Faiz İçeren),Yurtdışında borçlanma aracı ihracının tamamlanması,ODA,https://www.kap.org.tr/tr/Bildirim/1597273
GARAN,2026-04-24 18:31:41,İzahname-İhraççı Bİlgi Dokümanı (SPK Tarafından Onaylanan),İzahname  İhraççı Bilgi Dokümanı,DG,https://www.kap.org.tr/tr/Bildirim/1597242
GARAN,2026-04-24 18:31:31,İzahname-Sermaye Piyasası Aracı Notu (SPK Tarafından Onaylanan),İzahname  Sermaye Piyasası Aracı Notu,DG,https://www.kap.org.tr/tr/Bildirim/1597240
GARAN,2026-04-24 18:31:21,İzahname-Özet (SPK Tarafından Onaylanan),İzahname  Özet,DG,https://www.kap.org.tr/tr/Bildirim/1597239
GARAN,2026-04-24 18:31:07,İhraç Tavanına İlişkin Bildirim,Borçlanma Araçları Onayı - SPK Bülten,ODA,https://www.kap.org.tr/tr/Bildirim/1597238
HALKB,2026-04-24 18:14:20,Şirket Genel Bilgi Formu,,DG,https://www.kap.org.tr/tr/Bildirim/1597200
KRDMD,2026-04-24 18:14:03,Kayıtlı Sermaye Tavanı İşlemlerine İlişkin Bildirim,Kayıtlı Sermaye Tavanı Geçerlilik Süresi Değişikliği Hk.,ODA,https://www.kap.org.tr/tr/Bildirim/1597199
KRDMD,2026-04-24 18:04:36,Bağımsız Denetim Kuruluşunun Belirlenmesi,Bağımsız Denetim Kuruluşunun Belirlenmesi hk.,ODA,https://www.kap.org.tr/tr/Bildirim/1597194
KRDMD,2026-04-24 18:04:21,Genel Kurul İşlemlerine İlişkin Bildirim,Olağan Genel Kurul Toplantısı Tescili hk.,ODA,https://www.kap.org.tr/tr/Bildirim/1597193
ISCTR,2026-04-24 17:35:42,Bağımsız Denetim Kuruluşunun Belirlenmesi,Bağımsız Denetim Kuruluşunun Belirlenmesi,ODA,https://www.kap.org.tr/tr/Bildirim/1597181
ISCTR,2026-04-24 17:35:21,Genel Kurul İşlemlerine İlişkin Bildirim,Olağan Genel Kurul Toplantısı Kararlarının Tescili,ODA,https://www.kap.org.tr/tr/Bildirim/1597180
VAKBN,2026-04-24 17:05:06,Pay Dışında Sermaye Piyasası Aracı İşlemlerine İlişkin Bildirim (Faiz İçeren),Yurt İçinde Nitelikli Yatırımcılara İhraç Edilen Katkı Sermaye Hesaplamasına Dahil Edilecek Türk Lirası Borçlanma Aracının 7. Kupon Ödemesi,ODA,https://www.kap.org.tr/tr/Bildirim/1597150
VAKBN,2026-04-24 17:04:04,Pay Dışında Sermaye Piyasası Aracı İşlemlerine İlişkin Bildirim (Faiz İçeren),Yurt İçinde Nitelikli Yatırımcılara İhraç Edilen Katkı Sermaye Hesaplamasına Dahil Edilecek Türk Lirası Borçlanma Aracının 7. Kupon Ödemesi,ODA,https://www.kap.org.tr/tr/Bildirim/1597149
MGROS,2026-04-24 16:27:25,Borsada İşlem Gören Tipe Dönüşüm Duyurusu,DÖNÜŞÜM,DKB,https://www.kap.org.tr/tr/Bildirim/1597126
ISCTR,2026-04-24 10:05:08,Pay Dışında Sermaye Piyasası Aracı İşlemlerine İlişkin Bildirim (Faiz İçeren),24.04.2026 vadeli T. İş Bankası A.Ş. Finansman Bonosu İtfası Hakkında,ODA,https://www.kap.org.tr/tr/Bildirim/1597001
ISCTR,2026-04-24 10:04:51,Pay Dışında Sermaye Piyasası Aracı İşlemlerine İlişkin Bildirim (Faiz İçeren),24.04.2026 vadeli T. İş Bankası A.Ş. Finansman Bonosu İtfası Hakkında,ODA,https://www.kap.org.tr/tr/Bildirim/1597000
SASA,2026-04-23 10:41:40,Özel Durum Açıklaması (Genel),Sasa Finansal Görünümü Yatırımcı Bilgilendirme Toplantısı Kapsamında Bilgilendirme,ODA,https://www.kap.org.tr/tr/Bildirim/1596949
MGROS,2026-04-22 20:42:53,Özel Durum Açıklaması (Genel),Yönetim Kurulu görev dağılımı,ODA,https://www.kap.org.tr/tr/Bildirim/1596906
ARCLK,2026-04-22 18:35:24,Geleceğe Dönük Değerlendirmeler,2026 Yılı Birinci Çeyrek Mali Sonuçlarımız ve 2026 Yılı Beklentilerimiz,ODA,https://www.kap.org.tr/tr/Bildirim/1596860
SAHOL,2026-04-22 18:35:11,Özel Durum Açıklaması (Genel),CFO Pozisyonunda Değişiklik,ODA,https://www.kap.org.tr/tr/Bildirim/1596859
ARCLK,2026-04-22 18:31:36,Faaliyet Raporu (Konsolide),Ara Dönem Faaliyet Raporu,FR,https://www.kap.org.tr/tr/Bildirim/1596855
ARCLK,2026-04-22 18:31:05,Sorumluluk Beyanı (Konsolide),Sorumluluk Beyanı,FR,https://www.kap.org.tr/tr/Bildirim/1596853
ARCLK,2026-04-22 18:30:24,Finansal Rapor,,FR,https://www.kap.org.tr/tr/Bildirim/1596848
EREGL,2026-04-22 17:10:03,Pay Bazında Devre Kesici Bildirimi,EREGL.E işlem sırasında Pay Bazında Devre Kesici Uygulaması devreye girmiştir,DKB,https://www.kap.org.tr/tr/Bildirim/1596735
VAKBN,2026-04-22 17:08:40,Pay Dışında Sermaye Piyasası Aracı İşlemlerine İlişkin Bildirim (Faiz İçeren),GMTN Programı Çerçevesinde Türkiye Dışında Borçlanma Aracı İhracı SPK Onayı,ODA,https://www.kap.org.tr/tr/Bildirim/1596733
TUPRS,2026-04-22 16:38:14,Borsada İşlem Gören Tipe Dönüşüm Duyurusu,DÖNÜŞÜM,DKB,https://www.kap.org.tr/tr/Bildirim/1596713
TCELL,2026-04-22 16:21:09,İhraç Tavanına İlişkin Bildirim,Yurt İçinde Borçlanma Aracı İhracına İlişkin SPK Başvurusu,ODA,https://www.kap.org.tr/tr/Bildirim/1596698
VAKBN,2026-04-22 13:32:52,Bağımsız Denetim Kuruluşunun Belirlenmesi,Bağımsız Denetim Kuruluşunun Tescili ve İlanı,ODA,https://www.kap.org.tr/tr/Bildirim/1596547
SASA,2026-04-22 09:10:31,Pay Alım Satım Bildirimi,Pay Alım Satım Bildirimi,DKB,https://www.kap.org.tr/tr/Bildirim/1596390
KONTR,2026-04-30 11:14:43,Temerrüt İşlemi,İşleme Açılan Temerrüt Sırası,DKB,https://www.kap.org.tr/tr/Bildirim/1599204
KONTR,2026-04-30 10:40:03,BISTECH Pay Piyasası Alım Satım Sistemi Duyurusu,Toptan Alış Satış İşlemi,DKB,https://www.kap.org.tr/tr/Bildirim/1599190
ASELS,2026-04-30 09:21:17,Yeni İş İlişkisi,Sözleşme İmzalanması,ODA,https://www.kap.org.tr/tr/Bildirim/1599128
SASA,2026-04-30 09:03:15,Pay Alım Satım Bildirimi,Pay Alım Satım Bildirimi,DKB,https://www.kap.org.tr/tr/Bildirim/1599106
EKGYO,2026-04-29 19:47:04,Kar Payı Dağıtım İşlemlerine İlişkin Bildirim,2025 Kar Dağıtımı Hakkında,ODA,https://www.kap.org.tr/tr/Bildirim/1599016
CIMSA,2026-04-29 19:37:57,Özel Durum Açıklaması (Genel),31.03.2026 Finansal Sonuçlar Bilgilendirme Bülteni,ODA,https://www.kap.org.tr/tr/Bildirim/1599012
CIMSA,2026-04-29 19:37:47,Faaliyet Raporu (Konsolide),Çimsa Çimento 31.03.2026 Faaliyet Raporu,FR,https://www.kap.org.tr/tr/Bildirim/1599011
CIMSA,2026-04-29 19:37:38,Finansal Rapor,,FR,https://www.kap.org.tr/tr/Bildirim/1599010
CIMSA,2026-04-29 19:37:28,Sorumluluk Beyanı (Konsolide),31.03.2026 Sorumluluk Beyanı,FR,https://www.kap.org.tr/tr/Bildirim/1599009
EKGYO,2026-04-29 19:23:49,Özel Durum Açıklaması (Genel),Yönetim Kurulu Bağımsız Üye Adayları Hakkında ,ODA,https://www.kap.org.tr/tr/Bildirim/1598999
EKGYO,2026-04-29 19:23:34,Kurumsal Yönetim Bilgi Formu (Güncelleme) - Yönetim Kurulu-2,Kurumsal Yönetim Komiteleri Güncelleme,DG,https://www.kap.org.tr/tr/Bildirim/1598997
EKGYO,2026-04-29 19:23:07,Şirket Genel Bilgi Formu,,DG,https://www.kap.org.tr/tr/Bildirim/1598996
EKGYO,2026-04-29 19:22:54,Yönetim Kurulu Komiteleri,Yönetim Kurulu ve Komiteler,ODA,https://www.kap.org.tr/tr/Bildirim/1598995
EKGYO,2026-04-29 19:22:31,Genel Kurul İşlemlerine İlişkin Bildirim,2025 Yılı Olağan Genel Kurul Toplantı Sonucu,ODA,https://www.kap.org.tr/tr/Bildirim/1598993
GARAN,2026-04-29 18:24:21,Özel Durum Açıklaması (Genel),29 Nisan 2026 Finansal Sonuçlara İlişkin sunum hakkında,ODA,https://www.kap.org.tr/tr/Bildirim/1598912
THYAO,2026-04-29 18:21:33,Özel Durum Açıklaması (Genel),2026 1. Çeyrek Finansal Sonuçlar,ODA,https://www.kap.org.tr/tr/Bildirim/1598902
THYAO,2026-04-29 18:21:21,Sorumluluk Beyanı (Konsolide),"Sermaye Piyasası Kurulu Seri: II, No:14.1 Sayılı Tebliğinin 2.Bölüm Madde 9 Gereğince Hazırlanan Sorumluluk Beyanı",FR,https://www.kap.org.tr/tr/Bildirim/1598901
THYAO,2026-04-29 18:21:07,Faaliyet Raporu (Konsolide),01.01.2026-31.03.2026 Dönemi Yönetim Kurulu Faaliyet Raporu,FR,https://www.kap.org.tr/tr/Bildirim/1598900
THYAO,2026-04-29 18:20:52,Finansal Rapor,,FR,https://www.kap.org.tr/tr/Bildirim/1598897
KONTR,2026-04-29 18:14:26,Toptan Alış Satış İşlemi ,Toptan Alış Satış İşlemi,DKB,https://www.kap.org.tr/tr/Bildirim/1598861
GARAN,2026-04-29 18:10:54,Sorumluluk Beyanı (Konsolide Olmayan),31.03.2026 T.Garanti Bankası A.Ş Konsolide Olmayan Sorumluluk Beyanı ,FR,https://www.kap.org.tr/tr/Bildirim/1598824
GARAN,2026-04-29 18:10:39,Sorumluluk Beyanı (Konsolide),31.03.2026 T.Garanti Bankası A.Ş Konsolide Sorumluluk Beyanı ,FR,https://www.kap.org.tr/tr/Bildirim/1598819
GARAN,2026-04-29 18:10:25,Finansal Rapor,,FR,https://www.kap.org.tr/tr/Bildirim/1598816
GARAN,2026-04-29 18:10:07,Finansal Rapor,,FR,https://www.kap.org.tr/tr/Bildirim/1598813
EKGYO,2026-04-29 17:29:34,Özel Durum Açıklaması (Genel),2026 1. Çeyrek Satış Raporu,ODA,https://www.kap.org.tr/tr/Bildirim/1598766
KONTR,2026-04-29 16:37:46,Borsada İşlem Gören Tipe Dönüşüm Duyurusu,DÖNÜŞÜM,DKB,https://www.kap.org.tr/tr/Bildirim/1598691
YKBNK,2026-04-29 15:53:44,Pay Dışında Sermaye Piyasası Aracı İşlemlerine İlişkin Bildirim (Faiz İçeren),Yurtdışında borçlanma aracı ihracının tamamlanması,ODA,https://www.kap.org.tr/tr/Bildirim/1598640
EKGYO,2026-04-29 15:46:54,Tertip İhraç Belgesi,"Emlak Konut GYO 8.Tertip İhraç Belgesi
",DG,https://www.kap.org.tr/tr/Bildirim/1598632
KONTR,2026-04-29 15:21:05,Pay Alım Satım Bildirimi,Pay Alım Satım Bildirimi,DKB,https://www.kap.org.tr/tr/Bildirim/1598612
YKBNK,2026-04-29 09:12:31,Özel Durum Açıklaması (Genel),Finansal tabloların açıklanması,ODA,https://www.kap.org.tr/tr/Bildirim/1598465
KONTR,2026-04-29 08:42:59,Kamuyu Aydınlatma Platformu Duyurusu,Özel Durumlar Tebliği'nin 12-(4). maddesi gereğince yapılan açıklama,DKB,https://www.kap.org.tr/tr/Bildirim/1598450
YKBNK,2026-04-29 08:03:59,Sorumluluk Beyanı (Konsolide Olmayan),Yapı ve Kredi Bankası A.Ş. Konsolide Olmayan  Sorumluluk Beyanı 31.03.2026,FR,https://www.kap.org.tr/tr/Bildirim/1598447
YKBNK,2026-04-29 08:03:32,Sorumluluk Beyanı (Konsolide),31.03.2026 Yapı ve Kredi Bankası A.Ş Konsolide Sorumluluk Beyanı,FR,https://www.kap.org.tr/tr/Bildirim/1598446
YKBNK,2026-04-29 08:02:28,Finansal Rapor,,FR,https://www.kap.org.tr/tr/Bildirim/1598445
YKBNK,2026-04-29 08:01:51,Finansal Rapor,,FR,https://www.kap.org.tr/tr/Bildirim/1598444
